{
"type": "FeatureCollection",
"name": "fincas_extreme_west",
"crs": { "type": "name", "properties": { "name": "urn:ogc:def:crs:OGC:1.3:CRS84" } },
"features": [
{ "type": "Feature", "properties": { "id": "finca_00001", "lat": 38.989293909057807, "lon": 1.2894202470148839, "surface_estimee_m2": 135.25783481253544, "distance_plus_proche_voisin_m": 13.565452453513403, "qualifiee_finca": true, "neighborhood": "Vista Mar" }, "geometry": { "type": "Polygon", "coordinates": [ [ [ 1.2894161, 38.9893511 ], [ 1.2895395, 38.9892841 ], [ 1.2895031, 38.989258199999988 ], [ 1.2893679, 38.9892441 ], [ 1.2893538, 38.9892794 ], [ 1.2893115, 38.9893135 ], [ 1.2893444, 38.989344 ], [ 1.2893702, 38.9893241 ], [ 1.2894161, 38.9893511 ] ] ] } },
{ "type": "Feature", "properties": { "id": "finca_00002", "lat": 38.939295555878665, "lon": 1.2367587116397556, "surface_estimee_m2": 87.078143045928854, "distance_plus_proche_voisin_m": 58.727613811784344, "qualifiee_finca": true, "neighborhood": "Bella Tarida" }, "geometry": { "type": "Polygon", "coordinates": [ [ [ 1.2367711, 38.939363 ], [ 1.2368325, 38.9393323 ], [ 1.2367464, 38.9392281 ], [ 1.2366849, 38.9392589 ], [ 1.2367711, 38.939363 ] ] ] } },
{ "type": "Feature", "properties": { "id": "finca_00003", "lat": 38.9872073, "lon": 1.29929085, "surface_estimee_m2": 140.00031530405153, "distance_plus_proche_voisin_m": 16.341292303113637, "qualifiee_finca": true, "neighborhood": "Vista Mar" }, "geometry": { "type": "Polygon", "coordinates": [ [ [ 1.2993214, 38.987128199999979 ], [ 1.2992235, 38.9871434 ], [ 1.2992603, 38.987286400000016 ], [ 1.2993582, 38.9872712 ], [ 1.2993214, 38.987128199999979 ] ] ] } },
{ "type": "Feature", "properties": { "id": "finca_00004", "lat": 38.987162800516032, "lon": 1.294956620839063, "surface_estimee_m2": 58.863781847012852, "distance_plus_proche_voisin_m": 104.32256536074742, "qualifiee_finca": true, "neighborhood": "Vista Mar" }, "geometry": { "type": "Polygon", "coordinates": [ [ [ 1.2949343, 38.9871147 ], [ 1.2948857, 38.9871569 ], [ 1.2949199, 38.9871806 ], [ 1.2950148, 38.9872022 ], [ 1.295032, 38.9871826 ], [ 1.2949343, 38.9871147 ] ] ] } },
{ "type": "Feature", "properties": { "id": "finca_00005", "lat": 38.939607833937259, "lon": 1.2421863018699784, "surface_estimee_m2": 92.574930879066329, "distance_plus_proche_voisin_m": 150.26346265711143, "qualifiee_finca": true, "neighborhood": "Bella Tarida" }, "geometry": { "type": "Polygon", "coordinates": [ [ [ 1.2421933, 38.9396725 ], [ 1.2422634, 38.9396327 ], [ 1.2421793, 38.9395432 ], [ 1.2421092, 38.939582900000012 ], [ 1.2421933, 38.9396725 ] ] ] } },
{ "type": "Feature", "properties": { "id": "finca_00006", "lat": 38.9670041, "lon": 1.24062985, "surface_estimee_m2": 72.532750982128206, "distance_plus_proche_voisin_m": 246.58097307953994, "qualifiee_finca": true, "neighborhood": "Port des Torrent" }, "geometry": { "type": "Polygon", "coordinates": [ [ [ 1.2405612, 38.9669918 ], [ 1.2405996, 38.9670536 ], [ 1.2406985, 38.967016399999984 ], [ 1.2406601, 38.9669546 ], [ 1.2405612, 38.9669918 ] ] ] } },
{ "type": "Feature", "properties": { "id": "finca_00007", "lat": 38.969118448981312, "lon": 1.2397571312718674, "surface_estimee_m2": 134.97459936246779, "distance_plus_proche_voisin_m": 246.58097307953994, "qualifiee_finca": true, "neighborhood": "Port des Torrent" }, "geometry": { "type": "Polygon", "coordinates": [ [ [ 1.239636, 38.9691269 ], [ 1.2398598, 38.9691692 ], [ 1.2398783, 38.96911 ], [ 1.2396544, 38.969067699999975 ], [ 1.239636, 38.9691269 ] ] ] } },
{ "type": "Feature", "properties": { "id": "finca_00008", "lat": 38.958595353053077, "lon": 1.2172234135487694, "surface_estimee_m2": 63.72547303819838, "distance_plus_proche_voisin_m": 205.16625401175671, "qualifiee_finca": true, "neighborhood": "Cala Corral" }, "geometry": { "type": "Polygon", "coordinates": [ [ [ 1.2172905, 38.958627299999989 ], [ 1.2171466, 38.9586082 ], [ 1.2171563, 38.9585636 ], [ 1.2172998, 38.9585822 ], [ 1.2172905, 38.958627299999989 ] ] ] } },
{ "type": "Feature", "properties": { "id": "finca_00009", "lat": 38.959414411092915, "lon": 1.2193455740942585, "surface_estimee_m2": 59.614939024365661, "distance_plus_proche_voisin_m": 205.16625401175671, "qualifiee_finca": true, "neighborhood": "Cala Corral" }, "geometry": { "type": "Polygon", "coordinates": [ [ [ 1.2193939, 38.9593706 ], [ 1.2192705, 38.959418 ], [ 1.2192974, 38.9594576 ], [ 1.2194195, 38.9594121 ], [ 1.2193939, 38.9593706 ] ] ] } },
{ "type": "Feature", "properties": { "id": "finca_00010", "lat": 38.957351177225824, "lon": 1.2230034348014984, "surface_estimee_m2": 149.67970554983253, "distance_plus_proche_voisin_m": 179.58251526311182, "qualifiee_finca": true, "neighborhood": "Cala Corral" }, "geometry": { "type": "Polygon", "coordinates": [ [ [ 1.2229263, 38.9574048 ], [ 1.2229115, 38.9573142 ], [ 1.2230806, 38.9572976 ], [ 1.2230954, 38.9573881 ], [ 1.2229263, 38.9574048 ] ] ] } },
{ "type": "Feature", "properties": { "id": "finca_00011", "lat": 38.982357056845608, "lon": 1.300051107724236, "surface_estimee_m2": 131.6046025663324, "distance_plus_proche_voisin_m": 15.95112878447199, "qualifiee_finca": true, "neighborhood": "Vista Mar" }, "geometry": { "type": "Polygon", "coordinates": [ [ [ 1.2999641, 38.9824102 ], [ 1.3001419, 38.9823763 ], [ 1.3001323, 38.982345899999984 ], [ 1.3001633, 38.98234 ], [ 1.300152, 38.9823041 ], [ 1.2999432, 38.982343800000017 ], [ 1.2999619, 38.9824033 ], [ 1.2999641, 38.9824102 ] ] ] } },
{ "type": "Feature", "properties": { "id": "finca_00012", "lat": 38.979207725626402, "lon": 1.2986559212159599, "surface_estimee_m2": 93.595791233203684, "distance_plus_proche_voisin_m": 14.530685758080745, "qualifiee_finca": true, "neighborhood": "Vista Mar" }, "geometry": { "type": "Polygon", "coordinates": [ [ [ 1.2986053, 38.9792472 ], [ 1.2986405, 38.9792424 ], [ 1.2986466, 38.9792696 ], [ 1.2986881, 38.9792639 ], [ 1.2986813, 38.979234 ], [ 1.2987237, 38.9792282 ], [ 1.2987175, 38.9792006 ], [ 1.2987068, 38.9792021 ], [ 1.2986997, 38.9791708 ], [ 1.2986919, 38.979171899999983 ], [ 1.2986871, 38.9791507 ], [ 1.29862, 38.979159899999985 ], [ 1.2986247, 38.9791807 ], [ 1.2985913, 38.9791852 ], [ 1.2986053, 38.9792472 ] ] ] } },
{ "type": "Feature", "properties": { "id": "finca_00013", "lat": 38.979182342011228, "lon": 1.2988204508632391, "surface_estimee_m2": 86.397413044590081, "distance_plus_proche_voisin_m": 14.530685758080745, "qualifiee_finca": true, "neighborhood": "Vista Mar" }, "geometry": { "type": "Polygon", "coordinates": [ [ [ 1.2987663, 38.9792251 ], [ 1.2988021, 38.9792207 ], [ 1.2988033, 38.9792267 ], [ 1.2988529, 38.9792206 ], [ 1.2988511, 38.979211900000031 ], [ 1.2988896, 38.9792071 ], [ 1.2988838, 38.9791785 ], [ 1.2988755, 38.979179499999987 ], [ 1.2988693, 38.9791491 ], [ 1.2988552, 38.9791508 ], [ 1.2988511, 38.979130600000012 ], [ 1.2987895, 38.9791382 ], [ 1.298794, 38.9791603 ], [ 1.2987541, 38.9791652 ], [ 1.2987663, 38.9792251 ] ] ] } },
{ "type": "Feature", "properties": { "id": "finca_00014", "lat": 38.980244997324647, "lon": 1.2984750709216033, "surface_estimee_m2": 91.131646503760209, "distance_plus_proche_voisin_m": 39.777419607626122, "qualifiee_finca": true, "neighborhood": "Vista Mar" }, "geometry": { "type": "Polygon", "coordinates": [ [ [ 1.2983964, 38.9802853 ], [ 1.2984913, 38.9802856 ], [ 1.2984914, 38.9802757 ], [ 1.2985265, 38.9802758 ], [ 1.2985267, 38.9802453 ], [ 1.298544, 38.9802453 ], [ 1.2985443, 38.9801944 ], [ 1.2984889, 38.9801942 ], [ 1.2984888, 38.9802189 ], [ 1.2984217, 38.9802186 ], [ 1.2984215, 38.9802458 ], [ 1.2983966, 38.980245700000019 ], [ 1.2983964, 38.9802853 ] ] ] } },
{ "type": "Feature", "properties": { "id": "finca_00015", "lat": 38.979801556282602, "lon": 1.299847518827737, "surface_estimee_m2": 88.453880353330135, "distance_plus_proche_voisin_m": 12.57228492263458, "qualifiee_finca": true, "neighborhood": "Vista Mar" }, "geometry": { "type": "Polygon", "coordinates": [ [ [ 1.2997877, 38.9798222 ], [ 1.2997898, 38.9797549 ], [ 1.2998864, 38.9797567 ], [ 1.2998854, 38.9797864 ], [ 1.299902, 38.979786699999984 ], [ 1.2998998, 38.9798557 ], [ 1.2998394, 38.979854499999988 ], [ 1.2998401, 38.9798322 ], [ 1.2998205, 38.9798319 ], [ 1.2998208, 38.9798228 ], [ 1.2997877, 38.9798222 ] ] ] } },
{ "type": "Feature", "properties": { "id": "finca_00016", "lat": 38.979791167190896, "lon": 1.2999920173827089, "surface_estimee_m2": 71.468798363231073, "distance_plus_proche_voisin_m": 12.57228492263458, "qualifiee_finca": true, "neighborhood": "Vista Mar" }, "geometry": { "type": "Polygon", "coordinates": [ [ [ 1.2999344, 38.9797846 ], [ 1.2999342, 38.979823 ], [ 1.2999695, 38.979823 ], [ 1.2999695, 38.9798293 ], [ 1.3000174, 38.9798294 ], [ 1.3000174, 38.9798156 ], [ 1.3000485, 38.9798157 ], [ 1.3000487, 38.9797563 ], [ 1.2999904, 38.979756200000011 ], [ 1.299969, 38.9797563 ], [ 1.2999562, 38.9797595 ], [ 1.2999453, 38.9797657 ], [ 1.2999375, 38.9797744 ], [ 1.2999344, 38.9797846 ] ] ] } },
{ "type": "Feature", "properties": { "id": "finca_00017", "lat": 39.008400069098201, "lon": 1.2979226744251, "surface_estimee_m2": 119.12173155954906, "distance_plus_proche_voisin_m": 213.50535992053196, "qualifiee_finca": true, "neighborhood": "Vista Mar" }, "geometry": { "type": "Polygon", "coordinates": [ [ [ 1.2978501, 39.008371 ], [ 1.2979079, 39.0083942 ], [ 1.2978562, 39.0084723 ], [ 1.2979004, 39.00849 ], [ 1.2979343, 39.0084389 ], [ 1.2979512, 39.0084456 ], [ 1.2979895, 39.0083878 ], [ 1.2980206, 39.0084002 ], [ 1.2980303, 39.0083855 ], [ 1.2978803, 39.0083254 ], [ 1.2978501, 39.008371 ] ] ] } },
{ "type": "Feature", "properties": { "id": "finca_00018", "lat": 39.007328269821407, "lon": 1.2958756129879989, "surface_estimee_m2": 149.72274512621252, "distance_plus_proche_voisin_m": 213.50535992053196, "qualifiee_finca": true, "neighborhood": "Vista Mar" }, "geometry": { "type": "Polygon", "coordinates": [ [ [ 1.2958424, 39.007387399999985 ], [ 1.2958499, 39.0074323 ], [ 1.295934, 39.007423699999975 ], [ 1.2959019, 39.007233599999985 ], [ 1.2958047, 39.0072435 ], [ 1.2958159, 39.00731 ], [ 1.2958487, 39.0073067 ], [ 1.295862, 39.0073854 ], [ 1.2958424, 39.007387399999985 ] ] ] } },
{ "type": "Feature", "properties": { "id": "finca_00019", "lat": 39.005246023115099, "lon": 1.2965081576182846, "surface_estimee_m2": 103.51906065872035, "distance_plus_proche_voisin_m": 35.990148543971287, "qualifiee_finca": true, "neighborhood": "Vista Mar" }, "geometry": { "type": "Polygon", "coordinates": [ [ [ 1.2964238, 39.0052693 ], [ 1.2965114, 39.00531130000001 ], [ 1.2965913, 39.0052107 ], [ 1.2965313, 39.0051819 ], [ 1.2965019, 39.0052188 ], [ 1.2964743, 39.0052056 ], [ 1.2964238, 39.0052693 ] ] ] } },
{ "type": "Feature", "properties": { "id": "finca_00020", "lat": 39.005421311915526, "lon": 1.2968577445551368, "surface_estimee_m2": 89.74780446080706, "distance_plus_proche_voisin_m": 35.990148543971287, "qualifiee_finca": true, "neighborhood": "Vista Mar" }, "geometry": { "type": "Polygon", "coordinates": [ [ [ 1.2968757, 39.0053561 ], [ 1.2968112, 39.005342 ], [ 1.296795, 39.005387 ], [ 1.2968123, 39.0053908 ], [ 1.2967957, 39.0054365 ], [ 1.2968564, 39.0054497 ], [ 1.2968472, 39.0054754 ], [ 1.2969309, 39.0054937 ], [ 1.2969456, 39.0054532 ], [ 1.2968483, 39.0054319 ], [ 1.2968757, 39.0053561 ] ] ] } },
{ "type": "Feature", "properties": { "id": "finca_00021", "lat": 39.00494752376887, "lon": 1.2970512246109684, "surface_estimee_m2": 106.84790180946135, "distance_plus_proche_voisin_m": 55.196034659526639, "qualifiee_finca": true, "neighborhood": "Vista Mar" }, "geometry": { "type": "Polygon", "coordinates": [ [ [ 1.2969711, 39.004987699999987 ], [ 1.2970148, 39.0049525 ], [ 1.2969987, 39.0049306 ], [ 1.2970671, 39.004875499999983 ], [ 1.2971363, 39.0049274 ], [ 1.2970179, 39.0050228 ], [ 1.2969711, 39.004987699999987 ] ] ] } },
{ "type": "Feature", "properties": { "id": "finca_00022", "lat": 39.0047387, "lon": 1.29484675, "surface_estimee_m2": 121.01802955934804, "distance_plus_proche_voisin_m": 154.5195668422291, "qualifiee_finca": true, "neighborhood": "Vista Mar" }, "geometry": { "type": "Polygon", "coordinates": [ [ [ 1.2947813, 39.0047893 ], [ 1.2949291, 39.004771200000015 ], [ 1.2949122, 39.0046881 ], [ 1.2947644, 39.0047062 ], [ 1.2947813, 39.0047893 ] ] ] } },
{ "type": "Feature", "properties": { "id": "finca_00023", "lat": 38.99379975733283, "lon": 1.2869175187124595, "surface_estimee_m2": 107.92054604426147, "distance_plus_proche_voisin_m": 56.68782572659071, "qualifiee_finca": true, "neighborhood": "Vista Mar" }, "geometry": { "type": "Polygon", "coordinates": [ [ [ 1.2868785, 38.9938737 ], [ 1.2869754, 38.9938562 ], [ 1.2869306, 38.9937061 ], [ 1.2868786, 38.993715400000013 ], [ 1.2869045, 38.9938022 ], [ 1.2868596, 38.9938104 ], [ 1.2868785, 38.9938737 ] ] ] } },
{ "type": "Feature", "properties": { "id": "finca_00024", "lat": 38.992849331888571, "lon": 1.2896446763160596, "surface_estimee_m2": 100.54686237031305, "distance_plus_proche_voisin_m": 39.294490381185284, "qualifiee_finca": true, "neighborhood": "Vista Mar" }, "geometry": { "type": "Polygon", "coordinates": [ [ [ 1.2896531, 38.9929163 ], [ 1.2897283, 38.992876 ], [ 1.2896622, 38.992801599999986 ], [ 1.2896334, 38.992817 ], [ 1.2896048, 38.99278480000001 ], [ 1.2895585, 38.9928096 ], [ 1.2896531, 38.9929163 ] ] ] } },
{ "type": "Feature", "properties": { "id": "finca_00025", "lat": 38.998689770432605, "lon": 1.28617924283649, "surface_estimee_m2": 82.120784122787597, "distance_plus_proche_voisin_m": 66.053008475220082, "qualifiee_finca": true, "neighborhood": "Vista Mar" }, "geometry": { "type": "Polygon", "coordinates": [ [ [ 1.2861413, 38.9987412 ], [ 1.2861042, 38.998679 ], [ 1.2862171, 38.9986383 ], [ 1.2862543, 38.9987006 ], [ 1.2861413, 38.9987412 ] ] ] } },
{ "type": "Feature", "properties": { "id": "finca_00026", "lat": 39.000605173976595, "lon": 1.2901026381128939, "surface_estimee_m2": 119.22349338682834, "distance_plus_proche_voisin_m": 80.367895883040617, "qualifiee_finca": true, "neighborhood": "Vista Mar" }, "geometry": { "type": "Polygon", "coordinates": [ [ [ 1.2900324, 39.0006484 ], [ 1.2900397, 39.0005556 ], [ 1.2901729, 39.000562 ], [ 1.2901656, 39.0006547 ], [ 1.2900324, 39.0006484 ] ] ] } },
{ "type": "Feature", "properties": { "id": "finca_00027", "lat": 38.989409236207287, "lon": 1.2894720587705104, "surface_estimee_m2": 50.148038052162264, "distance_plus_proche_voisin_m": 13.565452453513403, "qualifiee_finca": true, "neighborhood": "Vista Mar" }, "geometry": { "type": "Polygon", "coordinates": [ [ [ 1.2894101, 38.9893889 ], [ 1.2894499, 38.9893599 ], [ 1.289534, 38.9894295 ], [ 1.2894942, 38.9894586 ], [ 1.2894101, 38.9893889 ] ] ] } },
{ "type": "Feature", "properties": { "id": "finca_00028", "lat": 38.9896895, "lon": 1.2893776, "surface_estimee_m2": 112.67741792501982, "distance_plus_proche_voisin_m": 13.7450955503187, "qualifiee_finca": true, "neighborhood": "Vista Mar" }, "geometry": { "type": "Polygon", "coordinates": [ [ [ 1.2892908, 38.989692099999985 ], [ 1.2893776, 38.989757 ], [ 1.2894644, 38.9896869 ], [ 1.2893776, 38.989622 ], [ 1.2892908, 38.989692099999985 ] ] ] } },
{ "type": "Feature", "properties": { "id": "finca_00029", "lat": 38.989591812396434, "lon": 1.2892800934401185, "surface_estimee_m2": 98.567064063223171, "distance_plus_proche_voisin_m": 13.7450955503187, "qualifiee_finca": true, "neighborhood": "Vista Mar" }, "geometry": { "type": "Polygon", "coordinates": [ [ [ 1.2893039, 38.989656699999976 ], [ 1.2893642, 38.9896098 ], [ 1.289261, 38.9895274 ], [ 1.2891939, 38.9895744 ], [ 1.2893039, 38.989656699999976 ] ] ] } },
{ "type": "Feature", "properties": { "id": "finca_00030", "lat": 38.986442525023584, "lon": 1.2957301901696214, "surface_estimee_m2": 146.77515993268537, "distance_plus_proche_voisin_m": 40.803358135021242, "qualifiee_finca": true, "neighborhood": "Vista Mar" }, "geometry": { "type": "Polygon", "coordinates": [ [ [ 1.2956289, 38.9864253 ], [ 1.2957067, 38.9863649 ], [ 1.2958328, 38.9864566 ], [ 1.2957496, 38.9865212 ], [ 1.2956289, 38.9864253 ] ] ] } },
{ "type": "Feature", "properties": { "id": "finca_00031", "lat": 38.99448015000001, "lon": 1.2862777, "surface_estimee_m2": 143.77479405416904, "distance_plus_proche_voisin_m": 80.39435496154627, "qualifiee_finca": true, "neighborhood": "Vista Mar" }, "geometry": { "type": "Polygon", "coordinates": [ [ [ 1.2862292, 38.9945466 ], [ 1.2863585, 38.9945236 ], [ 1.2863262, 38.99441370000001 ], [ 1.2861969, 38.9944367 ], [ 1.2862292, 38.9945466 ] ] ] } },
{ "type": "Feature", "properties": { "id": "finca_00032", "lat": 38.994272, "lon": 1.28716665, "surface_estimee_m2": 116.05482903590108, "distance_plus_proche_voisin_m": 56.68782572659071, "qualifiee_finca": true, "neighborhood": "Vista Mar" }, "geometry": { "type": "Polygon", "coordinates": [ [ [ 1.2871042, 38.9943251 ], [ 1.2870784, 38.9942504 ], [ 1.2872291, 38.9942189 ], [ 1.2872549, 38.9942936 ], [ 1.2871042, 38.9943251 ] ] ] } },
{ "type": "Feature", "properties": { "id": "finca_00033", "lat": 38.992674697411402, "lon": 1.2900392590405561, "surface_estimee_m2": 60.449984395654965, "distance_plus_proche_voisin_m": 39.294490381185284, "qualifiee_finca": true, "neighborhood": "Vista Mar" }, "geometry": { "type": "Polygon", "coordinates": [ [ [ 1.2900113, 38.992717899999988 ], [ 1.2901007, 38.9926911 ], [ 1.2900682, 38.992631 ], [ 1.2899767, 38.9926595 ], [ 1.2900113, 38.992717899999988 ] ] ] } },
{ "type": "Feature", "properties": { "id": "finca_00034", "lat": 38.921458872428161, "lon": 1.2743130231001922, "surface_estimee_m2": 120.18524477289205, "distance_plus_proche_voisin_m": 106.52211198950299, "qualifiee_finca": true, "neighborhood": "Cala Molí" }, "geometry": { "type": "Polygon", "coordinates": [ [ [ 1.2743634, 38.9215199 ], [ 1.2742047, 38.9214568 ], [ 1.2742337, 38.9214128 ], [ 1.2742854, 38.9214333 ], [ 1.2743033, 38.9214061 ], [ 1.2744102, 38.9214486 ], [ 1.2743634, 38.9215199 ] ] ] } },
{ "type": "Feature", "properties": { "id": "finca_00035", "lat": 38.920758435749846, "lon": 1.2734732794905539, "surface_estimee_m2": 97.738380749946487, "distance_plus_proche_voisin_m": 106.52211198950299, "qualifiee_finca": true, "neighborhood": "Cala Molí" }, "geometry": { "type": "Polygon", "coordinates": [ [ [ 1.2735111, 38.9208147 ], [ 1.2734098, 38.9207983 ], [ 1.2734355, 38.9207022 ], [ 1.2735367, 38.9207185 ], [ 1.2735111, 38.9208147 ] ] ] } },
{ "type": "Feature", "properties": { "id": "finca_00036", "lat": 38.920951318347804, "lon": 1.2795741554023468, "surface_estimee_m2": 93.947796555951257, "distance_plus_proche_voisin_m": 169.16758022178769, "qualifiee_finca": true, "neighborhood": "Cala Molí" }, "geometry": { "type": "Polygon", "coordinates": [ [ [ 1.2795527, 38.9210108 ], [ 1.2795004, 38.9209284 ], [ 1.2795956, 38.9208918 ], [ 1.2796479, 38.9209743 ], [ 1.2795527, 38.9210108 ] ] ] } },
{ "type": "Feature", "properties": { "id": "finca_00037", "lat": 38.920115517125765, "lon": 1.2770341114130355, "surface_estimee_m2": 94.115122987809812, "distance_plus_proche_voisin_m": 13.348729082898839, "qualifiee_finca": true, "neighborhood": "Cala Molí" }, "geometry": { "type": "Polygon", "coordinates": [ [ [ 1.276957, 38.9201372 ], [ 1.2769688, 38.920104 ], [ 1.2769832, 38.920066299999988 ], [ 1.2771108, 38.9200942 ], [ 1.2770867, 38.920164300000017 ], [ 1.276957, 38.9201372 ] ] ] } },
{ "type": "Feature", "properties": { "id": "finca_00038", "lat": 38.92006621665746, "lon": 1.2768937002021761, "surface_estimee_m2": 65.016952042157939, "distance_plus_proche_voisin_m": 13.348729082898839, "qualifiee_finca": true, "neighborhood": "Cala Molí" }, "geometry": { "type": "Polygon", "coordinates": [ [ [ 1.2769688, 38.920104 ], [ 1.2768043, 38.9200662 ], [ 1.2768186, 38.9200284 ], [ 1.2769832, 38.920066299999988 ], [ 1.2769688, 38.920104 ] ] ] } },
{ "type": "Feature", "properties": { "id": "finca_00039", "lat": 38.91957345, "lon": 1.2761126, "surface_estimee_m2": 148.30735763894748, "distance_plus_proche_voisin_m": 87.059537380053555, "qualifiee_finca": true, "neighborhood": "Cala Molí" }, "geometry": { "type": "Polygon", "coordinates": [ [ [ 1.2761679, 38.9196387 ], [ 1.2760411, 38.9196284 ], [ 1.2760573, 38.9195082 ], [ 1.2761841, 38.919518499999981 ], [ 1.2761679, 38.9196387 ] ] ] } },
{ "type": "Feature", "properties": { "id": "finca_00040", "lat": 38.918622825867615, "lon": 1.2722332318417167, "surface_estimee_m2": 138.06011505518904, "distance_plus_proche_voisin_m": 211.62421669800386, "qualifiee_finca": true, "neighborhood": "Cala Molí" }, "geometry": { "type": "Polygon", "coordinates": [ [ [ 1.2722764, 38.9187245 ], [ 1.2722, 38.918642 ], [ 1.2722147, 38.918631599999976 ], [ 1.2721235, 38.918541899999987 ], [ 1.2721745, 38.918515799999987 ], [ 1.2723367, 38.9186879 ], [ 1.2722764, 38.9187245 ] ] ] } },
{ "type": "Feature", "properties": { "id": "finca_00041", "lat": 38.919005057412555, "lon": 1.2689191602729715, "surface_estimee_m2": 92.896230183531259, "distance_plus_proche_voisin_m": 12.025032127730853, "qualifiee_finca": true, "neighborhood": "Cala Molí" }, "geometry": { "type": "Polygon", "coordinates": [ [ [ 1.2688888, 38.9190615 ], [ 1.2688552, 38.9189655 ], [ 1.2689464, 38.9189478 ], [ 1.2689853, 38.919043800000011 ], [ 1.2688888, 38.9190615 ] ] ] } },
{ "type": "Feature", "properties": { "id": "finca_00042", "lat": 38.91905841631511, "lon": 1.2690398465761894, "surface_estimee_m2": 71.537635748131734, "distance_plus_proche_voisin_m": 12.025032127730853, "qualifiee_finca": true, "neighborhood": "Cala Molí" }, "geometry": { "type": "Polygon", "coordinates": [ [ [ 1.2690103, 38.9190695 ], [ 1.2689876, 38.91898960000001 ], [ 1.269041, 38.9189805 ], [ 1.2690897, 38.9191521 ], [ 1.2690589, 38.919157400000024 ], [ 1.2690329, 38.9190656 ], [ 1.2690103, 38.9190695 ] ] ] } },
{ "type": "Feature", "properties": { "id": "finca_00043", "lat": 38.919239443981922, "lon": 1.2699239268474174, "surface_estimee_m2": 115.62002719579971, "distance_plus_proche_voisin_m": 79.252075899401234, "qualifiee_finca": true, "neighborhood": "Cala Molí" }, "geometry": { "type": "Polygon", "coordinates": [ [ [ 1.2699509, 38.9193036 ], [ 1.2698356, 38.9192503 ], [ 1.2698986, 38.9191731 ], [ 1.2700126, 38.9192326 ], [ 1.2699509, 38.9193036 ] ] ] } },
{ "type": "Feature", "properties": { "id": "finca_00044", "lat": 38.916312157163269, "lon": 1.267838784244661, "surface_estimee_m2": 61.414352046910551, "distance_plus_proche_voisin_m": 103.74419725082369, "qualifiee_finca": true, "neighborhood": "Cala Molí" }, "geometry": { "type": "Polygon", "coordinates": [ [ [ 1.2678052, 38.91636 ], [ 1.2678078, 38.9162619 ], [ 1.2678695, 38.9162619 ], [ 1.2678722, 38.916362099999986 ], [ 1.2678052, 38.91636 ] ] ] } },
{ "type": "Feature", "properties": { "id": "finca_00045", "lat": 38.915512159659784, "lon": 1.2684573583941385, "surface_estimee_m2": 138.35817031997044, "distance_plus_proche_voisin_m": 103.74419725082369, "qualifiee_finca": true, "neighborhood": "Cala Molí" }, "geometry": { "type": "Polygon", "coordinates": [ [ [ 1.2684543, 38.9155899 ], [ 1.2683657, 38.9154751 ], [ 1.2684623, 38.9154355 ], [ 1.2685481, 38.9155482 ], [ 1.2684543, 38.9155899 ] ] ] } },
{ "type": "Feature", "properties": { "id": "finca_00046", "lat": 38.914560084575378, "lon": 1.2674711934551794, "surface_estimee_m2": 70.358737549239038, "distance_plus_proche_voisin_m": 135.94844329997528, "qualifiee_finca": true, "neighborhood": "Cala Molí" }, "geometry": { "type": "Polygon", "coordinates": [ [ [ 1.2674511, 38.914615099999985 ], [ 1.2673998, 38.9145736 ], [ 1.2674913, 38.9145051 ], [ 1.2675426, 38.9145465 ], [ 1.2674511, 38.914615099999985 ] ] ] } },
{ "type": "Feature", "properties": { "id": "finca_00047", "lat": 38.914321883154592, "lon": 1.2655533554862133, "surface_estimee_m2": 62.792753257511741, "distance_plus_proche_voisin_m": 168.40364500538087, "qualifiee_finca": true, "neighborhood": "Cala Molí" }, "geometry": { "type": "Polygon", "coordinates": [ [ [ 1.2655776, 38.914367 ], [ 1.2654864, 38.9143315 ], [ 1.2654998, 38.9143054 ], [ 1.2655132, 38.9143075 ], [ 1.2655266, 38.9142772 ], [ 1.2656205, 38.9143096 ], [ 1.2655776, 38.914367 ] ] ] } },
{ "type": "Feature", "properties": { "id": "finca_00048", "lat": 38.910828382715799, "lon": 1.2609522885500517, "surface_estimee_m2": 60.90711057843189, "distance_plus_proche_voisin_m": 138.74173155172926, "qualifiee_finca": true, "neighborhood": "Cala Molí" }, "geometry": { "type": "Polygon", "coordinates": [ [ [ 1.2609669, 38.910868 ], [ 1.2608837, 38.910853399999986 ], [ 1.2609052, 38.9108013 ], [ 1.2610366, 38.9108033 ], [ 1.2610286, 38.910832599999985 ], [ 1.2609749, 38.910828399999986 ], [ 1.2609669, 38.910868 ] ] ] } },
{ "type": "Feature", "properties": { "id": "finca_00049", "lat": 38.909929929942813, "lon": 1.2598401036303624, "surface_estimee_m2": 122.09974042399111, "distance_plus_proche_voisin_m": 138.74173155172926, "qualifiee_finca": true, "neighborhood": "Cala Molí" }, "geometry": { "type": "Polygon", "coordinates": [ [ [ 1.2597947, 38.9100029 ], [ 1.2598779, 38.9100029 ], [ 1.2598913, 38.9098631 ], [ 1.2597974, 38.9098568 ], [ 1.2597947, 38.9100029 ] ] ] } },
{ "type": "Feature", "properties": { "id": "finca_00050", "lat": 38.91060825, "lon": 1.25845635, "surface_estimee_m2": 130.17053194628826, "distance_plus_proche_voisin_m": 141.67121170505681, "qualifiee_finca": true, "neighborhood": "Cala Molí" }, "geometry": { "type": "Polygon", "coordinates": [ [ [ 1.2585433, 38.9106467 ], [ 1.2583704, 38.910648 ], [ 1.2583694, 38.9105698 ], [ 1.2585423, 38.9105685 ], [ 1.2585433, 38.9106467 ] ] ] } },
{ "type": "Feature", "properties": { "id": "finca_00051", "lat": 38.907824623752198, "lon": 1.255919564976016, "surface_estimee_m2": 110.03181189043528, "distance_plus_proche_voisin_m": 379.3075509295777, "qualifiee_finca": true, "neighborhood": "Cala Molí" }, "geometry": { "type": "Polygon", "coordinates": [ [ [ 1.2558514, 38.9078682 ], [ 1.2558442, 38.907789 ], [ 1.2559877, 38.907781 ], [ 1.2559949, 38.90786030000001 ], [ 1.2558514, 38.9078682 ] ] ] } },
{ "type": "Feature", "properties": { "id": "finca_00052", "lat": 38.919384, "lon": 1.28595935, "surface_estimee_m2": 129.53994012739619, "distance_plus_proche_voisin_m": 226.32278541544858, "qualifiee_finca": true, "neighborhood": "Cala Molí" }, "geometry": { "type": "Polygon", "coordinates": [ [ [ 1.2860287, 38.9194354 ], [ 1.2858739, 38.9194177 ], [ 1.28589, 38.9193326 ], [ 1.2860448, 38.9193503 ], [ 1.2860287, 38.9194354 ] ] ] } },
{ "type": "Feature", "properties": { "id": "finca_00053", "lat": 38.91789095, "lon": 1.2877368, "surface_estimee_m2": 61.66460486063653, "distance_plus_proche_voisin_m": 195.90917213963448, "qualifiee_finca": true, "neighborhood": "Cala Molí" }, "geometry": { "type": "Polygon", "coordinates": [ [ [ 1.287685, 38.9179354 ], [ 1.2876599, 38.9178951 ], [ 1.2877886, 38.9178465 ], [ 1.2878137, 38.9178868 ], [ 1.287685, 38.9179354 ] ] ] } },
{ "type": "Feature", "properties": { "id": "finca_00054", "lat": 38.90889095, "lon": 1.2784884, "surface_estimee_m2": 53.689888495204258, "distance_plus_proche_voisin_m": 180.7450511286317, "qualifiee_finca": true, "neighborhood": "Cala Molí" }, "geometry": { "type": "Polygon", "coordinates": [ [ [ 1.2784921, 38.9089412 ], [ 1.278435, 38.9089194 ], [ 1.2784847, 38.9088407 ], [ 1.2785418, 38.9088625 ], [ 1.2784921, 38.9089412 ] ] ] } },
{ "type": "Feature", "properties": { "id": "finca_00055", "lat": 38.91035085, "lon": 1.2794115, "surface_estimee_m2": 138.80251203876958, "distance_plus_proche_voisin_m": 180.7450511286317, "qualifiee_finca": true, "neighborhood": "Cala Molí" }, "geometry": { "type": "Polygon", "coordinates": [ [ [ 1.2793942, 38.910424899999988 ], [ 1.2793149, 38.9103476 ], [ 1.2794288, 38.910276799999984 ], [ 1.2795081, 38.9103541 ], [ 1.2793942, 38.910424899999988 ] ] ] } },
{ "type": "Feature", "properties": { "id": "finca_00056", "lat": 38.9097782, "lon": 1.28475725000001, "surface_estimee_m2": 78.302153439646148, "distance_plus_proche_voisin_m": 89.666036489635033, "qualifiee_finca": true, "neighborhood": "Cala Molí" }, "geometry": { "type": "Polygon", "coordinates": [ [ [ 1.284834, 38.9097357 ], [ 1.284663, 38.9097774 ], [ 1.2846805, 38.909820699999983 ], [ 1.2848515, 38.909779 ], [ 1.284834, 38.9097357 ] ] ] } },
{ "type": "Feature", "properties": { "id": "finca_00057", "lat": 38.910706287322981, "lon": 1.2854843838130017, "surface_estimee_m2": 70.401247875421916, "distance_plus_proche_voisin_m": 90.486311087993144, "qualifiee_finca": true, "neighborhood": "Cala Molí" }, "geometry": { "type": "Polygon", "coordinates": [ [ [ 1.2855364, 38.9107487 ], [ 1.2854016, 38.910706599999983 ], [ 1.2854245, 38.910662299999984 ], [ 1.285574, 38.910709 ], [ 1.2855364, 38.9107487 ] ] ] } },
{ "type": "Feature", "properties": { "id": "finca_00058", "lat": 38.9113178, "lon": 1.28617435, "surface_estimee_m2": 58.661509779855749, "distance_plus_proche_voisin_m": 90.486311087993144, "qualifiee_finca": true, "neighborhood": "Cala Molí" }, "geometry": { "type": "Polygon", "coordinates": [ [ [ 1.2861961, 38.9113672 ], [ 1.2861084, 38.9113081 ], [ 1.2861526, 38.9112684 ], [ 1.2862403, 38.911327499999985 ], [ 1.2861961, 38.9113672 ] ] ] } },
{ "type": "Feature", "properties": { "id": "finca_00059", "lat": 38.914369529003523, "lon": 1.2878444219223439, "surface_estimee_m2": 63.47101250751993, "distance_plus_proche_voisin_m": 61.902085541864004, "qualifiee_finca": true, "neighborhood": "Cala Molí" }, "geometry": { "type": "Polygon", "coordinates": [ [ [ 1.2879102, 38.9143937 ], [ 1.2877814, 38.9143958 ], [ 1.287776, 38.9143457 ], [ 1.2879102, 38.9143436 ], [ 1.2879102, 38.9143937 ] ] ] } },
{ "type": "Feature", "properties": { "id": "finca_00060", "lat": 38.995920883045812, "lon": 1.289837783068793, "surface_estimee_m2": 142.88036592061405, "distance_plus_proche_voisin_m": 28.20249712414261, "qualifiee_finca": true, "neighborhood": "Vista Mar" }, "geometry": { "type": "Polygon", "coordinates": [ [ [ 1.2897617, 38.996005 ], [ 1.2897416, 38.9959796 ], [ 1.289793, 38.995955 ], [ 1.2897534, 38.9959051 ], [ 1.2898791, 38.995845 ], [ 1.2899388, 38.9959204 ], [ 1.2898553, 38.9959603 ], [ 1.2897617, 38.996005 ] ] ] } },
{ "type": "Feature", "properties": { "id": "finca_00061", "lat": 38.99591805204885, "lon": 1.2901633511879573, "surface_estimee_m2": 102.07560123682349, "distance_plus_proche_voisin_m": 28.20249712414261, "qualifiee_finca": true, "neighborhood": "Vista Mar" }, "geometry": { "type": "Polygon", "coordinates": [ [ [ 1.2900659, 38.9959302 ], [ 1.2900673, 38.9958827 ], [ 1.2901014, 38.9958822 ], [ 1.2902382, 38.9958871 ], [ 1.2902341, 38.995973 ], [ 1.290182, 38.995972 ], [ 1.2901826, 38.9959518 ], [ 1.2901611, 38.9959514 ], [ 1.2901617, 38.995932 ], [ 1.2900659, 38.9959302 ] ] ] } },
{ "type": "Feature", "properties": { "id": "finca_00062", "lat": 38.99538509430986, "lon": 1.2909511520980266, "surface_estimee_m2": 145.97088602447312, "distance_plus_proche_voisin_m": 90.312880209727481, "qualifiee_finca": true, "neighborhood": "Vista Mar" }, "geometry": { "type": "Polygon", "coordinates": [ [ [ 1.2908808, 38.995456299999987 ], [ 1.2910177, 38.995442199999985 ], [ 1.290994, 38.9953032 ], [ 1.2909024, 38.9953126 ], [ 1.2909179, 38.9954033 ], [ 1.2908726, 38.995408 ], [ 1.2908808, 38.995456299999987 ] ] ] } },
{ "type": "Feature", "properties": { "id": "finca_00063", "lat": 38.995022593055296, "lon": 1.2895452269907119, "surface_estimee_m2": 133.17164196505865, "distance_plus_proche_voisin_m": 102.88092312718452, "qualifiee_finca": true, "neighborhood": "Vista Mar" }, "geometry": { "type": "Polygon", "coordinates": [ [ [ 1.2895278, 38.995124 ], [ 1.2894832, 38.9949574 ], [ 1.2895831, 38.9949412 ], [ 1.2896067, 38.9950293 ], [ 1.2895637, 38.9950363 ], [ 1.2895848, 38.9951148 ], [ 1.2895278, 38.995124 ] ] ] } },
{ "type": "Feature", "properties": { "id": "finca_00064", "lat": 38.993573311604202, "lon": 1.2971008655735159, "surface_estimee_m2": 147.77352179578912, "distance_plus_proche_voisin_m": 76.251275328048862, "qualifiee_finca": true, "neighborhood": "Vista Mar" }, "geometry": { "type": "Polygon", "coordinates": [ [ [ 1.2969838, 38.9935627 ], [ 1.2970661, 38.9936384 ], [ 1.297146, 38.993585899999985 ], [ 1.2971841, 38.993621 ], [ 1.2972245, 38.9935945 ], [ 1.2971305, 38.993508 ], [ 1.2970665, 38.99355 ], [ 1.2970402, 38.993525700000014 ], [ 1.2969838, 38.9935627 ] ] ] } },
{ "type": "Feature", "properties": { "id": "finca_00065", "lat": 38.99156875, "lon": 1.29884725, "surface_estimee_m2": 69.433137230965499, "distance_plus_proche_voisin_m": 41.393993522223802, "qualifiee_finca": true, "neighborhood": "Vista Mar" }, "geometry": { "type": "Polygon", "coordinates": [ [ [ 1.298785, 38.991591 ], [ 1.2988099, 38.9915241 ], [ 1.2989095, 38.991546500000013 ], [ 1.2988846, 38.9916134 ], [ 1.298785, 38.991591 ] ] ] } },
{ "type": "Feature", "properties": { "id": "finca_00066", "lat": 38.991924750645836, "lon": 1.2989895396362849, "surface_estimee_m2": 149.76976909838004, "distance_plus_proche_voisin_m": 41.393993522223802, "qualifiee_finca": true, "neighborhood": "Vista Mar" }, "geometry": { "type": "Polygon", "coordinates": [ [ [ 1.2988758, 38.991976200000011 ], [ 1.2988915, 38.9919065 ], [ 1.2989226, 38.9919107 ], [ 1.2989278, 38.9918875 ], [ 1.2990172, 38.9918997 ], [ 1.2990255, 38.991863 ], [ 1.2990864, 38.9918713 ], [ 1.2990798, 38.991881600000013 ], [ 1.299114, 38.9918862 ], [ 1.2991071, 38.9919167 ], [ 1.2990671, 38.9919112 ], [ 1.299055, 38.991965 ], [ 1.2990102, 38.9919589 ], [ 1.2990071, 38.9919727 ], [ 1.2989242, 38.9919614 ], [ 1.2989195, 38.991982199999981 ], [ 1.2988758, 38.991976200000011 ] ] ] } },
{ "type": "Feature", "properties": { "id": "finca_00067", "lat": 38.999254999897559, "lon": 1.2932707166970654, "surface_estimee_m2": 96.200759230698139, "distance_plus_proche_voisin_m": 85.017175903046109, "qualifiee_finca": true, "neighborhood": "Vista Mar" }, "geometry": { "type": "Polygon", "coordinates": [ [ [ 1.2932525, 38.9993165 ], [ 1.2931895, 38.9992545 ], [ 1.293289, 38.9991935 ], [ 1.2933519, 38.9992555 ], [ 1.2932525, 38.9993165 ] ] ] } },
{ "type": "Feature", "properties": { "id": "finca_00068", "lat": 38.999373329035187, "lon": 1.2957189918407765, "surface_estimee_m2": 108.44022153037025, "distance_plus_proche_voisin_m": 146.64905178194275, "qualifiee_finca": true, "neighborhood": "Vista Mar" }, "geometry": { "type": "Polygon", "coordinates": [ [ [ 1.295628, 38.999365 ], [ 1.2957318, 38.999306699999984 ], [ 1.2957791, 38.9993577 ], [ 1.2957613, 38.9993677 ], [ 1.295802, 38.9994115 ], [ 1.2957534, 38.999438699999985 ], [ 1.2957127, 38.999394899999984 ], [ 1.2956753, 38.9994159 ], [ 1.295628, 38.999365 ] ] ] } },
{ "type": "Feature", "properties": { "id": "finca_00069", "lat": 38.998196833443295, "lon": 1.2989032666905904, "surface_estimee_m2": 105.83052649878005, "distance_plus_proche_voisin_m": 147.14301671290747, "qualifiee_finca": true, "neighborhood": "Vista Mar" }, "geometry": { "type": "Polygon", "coordinates": [ [ [ 1.2988819, 38.9982637 ], [ 1.2988296, 38.998197599999983 ], [ 1.2988759, 38.9981755 ], [ 1.2988552, 38.9981493 ], [ 1.2989086, 38.9981238 ], [ 1.2989816, 38.9982161 ], [ 1.2988819, 38.9982637 ] ] ] } },
{ "type": "Feature", "properties": { "id": "finca_00070", "lat": 39.002090678188885, "lon": 1.2941367065618818, "surface_estimee_m2": 114.97768386057597, "distance_plus_proche_voisin_m": 79.422800384506928, "qualifiee_finca": true, "neighborhood": "Vista Mar" }, "geometry": { "type": "Polygon", "coordinates": [ [ [ 1.2940399, 39.0020854 ], [ 1.2940726, 39.0020283 ], [ 1.2942264, 39.0020816 ], [ 1.294179, 39.002164199999989 ], [ 1.294132, 39.0021479 ], [ 1.2941467, 39.002122400000019 ], [ 1.2940399, 39.0020854 ] ] ] } },
{ "type": "Feature", "properties": { "id": "finca_00071", "lat": 39.00188675, "lon": 1.29325775, "surface_estimee_m2": 62.117080431395664, "distance_plus_proche_voisin_m": 74.606876943728167, "qualifiee_finca": true, "neighborhood": "Vista Mar" }, "geometry": { "type": "Polygon", "coordinates": [ [ [ 1.2931948, 39.0019048 ], [ 1.2932603, 39.0018347 ], [ 1.2933207, 39.0018687 ], [ 1.2932552, 39.0019388 ], [ 1.2931948, 39.0019048 ] ] ] } },
{ "type": "Feature", "properties": { "id": "finca_00072", "lat": 39.002520667371769, "lon": 1.2929714517860069, "surface_estimee_m2": 74.459450148341105, "distance_plus_proche_voisin_m": 74.606876943728167, "qualifiee_finca": true, "neighborhood": "Vista Mar" }, "geometry": { "type": "Polygon", "coordinates": [ [ [ 1.2929061, 39.0024949 ], [ 1.2929778, 39.0024639 ], [ 1.2930368, 39.0025465 ], [ 1.2929651, 39.002577399999986 ], [ 1.2929061, 39.0024949 ] ] ] } },
{ "type": "Feature", "properties": { "id": "finca_00073", "lat": 38.997480878260625, "lon": 1.2932760940736929, "surface_estimee_m2": 137.67902739100012, "distance_plus_proche_voisin_m": 75.292226551863934, "qualifiee_finca": true, "neighborhood": "Vista Mar" }, "geometry": { "type": "Polygon", "coordinates": [ [ [ 1.293242, 38.997577900000017 ], [ 1.2932959, 38.9975535 ], [ 1.2932674, 38.997515400000012 ], [ 1.2933485, 38.9974787 ], [ 1.2933254, 38.9974478 ], [ 1.2933649, 38.997429899999986 ], [ 1.2933332, 38.9973877 ], [ 1.2932465, 38.997427 ], [ 1.2932713, 38.99746 ], [ 1.2931834, 38.9974998 ], [ 1.293242, 38.997577900000017 ] ] ] } },
{ "type": "Feature", "properties": { "id": "finca_00074", "lat": 38.995607863580844, "lon": 1.2967915048399601, "surface_estimee_m2": 127.79798097402458, "distance_plus_proche_voisin_m": 21.539850965409148, "qualifiee_finca": true, "neighborhood": "Vista Mar" }, "geometry": { "type": "Polygon", "coordinates": [ [ [ 1.2967151, 38.9956587 ], [ 1.2966893, 38.9955793 ], [ 1.2967371, 38.9955699 ], [ 1.2967411, 38.9955824 ], [ 1.2968126, 38.9955683 ], [ 1.2968091, 38.995557399999981 ], [ 1.2968531, 38.995548800000016 ], [ 1.2968846, 38.9956457 ], [ 1.29681, 38.9956603 ], [ 1.296797, 38.9956201 ], [ 1.2967528, 38.9956288 ], [ 1.2967597, 38.99565 ], [ 1.2967151, 38.9956587 ] ] ] } },
{ "type": "Feature", "properties": { "id": "finca_00075", "lat": 38.99575951385458, "lon": 1.2966363568347377, "surface_estimee_m2": 128.81834969744398, "distance_plus_proche_voisin_m": 21.539850965409148, "qualifiee_finca": true, "neighborhood": "Vista Mar" }, "geometry": { "type": "Polygon", "coordinates": [ [ [ 1.2966231, 38.995749 ], [ 1.2965204, 38.9957928 ], [ 1.2965447, 38.995834 ], [ 1.2967336, 38.9957576 ], [ 1.2967048, 38.9956872 ], [ 1.2966065, 38.9957138 ], [ 1.2966231, 38.995749 ] ] ] } },
{ "type": "Feature", "properties": { "id": "finca_00076", "lat": 38.995361594928539, "lon": 1.2997344439083935, "surface_estimee_m2": 77.041906318851488, "distance_plus_proche_voisin_m": 256.38011737090943, "qualifiee_finca": true, "neighborhood": "Vista Mar" }, "geometry": { "type": "Polygon", "coordinates": [ [ [ 1.2997102, 38.9954207 ], [ 1.2997336, 38.9954125 ], [ 1.2997971, 38.9953903 ], [ 1.2997462, 38.9953025 ], [ 1.2996747, 38.995327499999988 ], [ 1.2997111, 38.99539020000001 ], [ 1.2996957, 38.995395599999988 ], [ 1.2997102, 38.9954207 ] ] ] } },
{ "type": "Feature", "properties": { "id": "finca_00077", "lat": 39.0032524, "lon": 1.2983437, "surface_estimee_m2": 135.58770777449672, "distance_plus_proche_voisin_m": 218.94083053012355, "qualifiee_finca": true, "neighborhood": "Vista Mar" }, "geometry": { "type": "Polygon", "coordinates": [ [ [ 1.298247, 39.0032154 ], [ 1.2983205, 39.0031706 ], [ 1.2984404, 39.0032894 ], [ 1.2983669, 39.0033342 ], [ 1.298247, 39.0032154 ] ] ] } },
{ "type": "Feature", "properties": { "id": "finca_00078", "lat": 38.94119490257799, "lon": 1.2586766325524243, "surface_estimee_m2": 69.200754460439839, "distance_plus_proche_voisin_m": 417.06596767845849, "qualifiee_finca": true, "neighborhood": "Cala Corral" }, "geometry": { "type": "Polygon", "coordinates": [ [ [ 1.258661, 38.941246399999983 ], [ 1.2586101, 38.9411841 ], [ 1.2586922, 38.94114339999998 ], [ 1.2587432, 38.9412057 ], [ 1.258661, 38.941246399999983 ] ] ] } },
{ "type": "Feature", "properties": { "id": "finca_00079", "lat": 38.945207744288659, "lon": 1.2614662711458084, "surface_estimee_m2": 148.18019505618255, "distance_plus_proche_voisin_m": 58.57557308905637, "qualifiee_finca": true, "neighborhood": "Vista Mar" }, "geometry": { "type": "Polygon", "coordinates": [ [ [ 1.2615515, 38.9452477 ], [ 1.2614145, 38.9452738 ], [ 1.261381, 38.9451678 ], [ 1.2615181, 38.9451417 ], [ 1.2615515, 38.9452477 ] ] ] } },
{ "type": "Feature", "properties": { "id": "finca_00080", "lat": 38.943513038520891, "lon": 1.2732690957728383, "surface_estimee_m2": 143.97434391119609, "distance_plus_proche_voisin_m": 251.67369669087023, "qualifiee_finca": true, "neighborhood": "Vista Mar" }, "geometry": { "type": "Polygon", "coordinates": [ [ [ 1.2733534, 38.9435585 ], [ 1.2731495, 38.9435335 ], [ 1.2731791, 38.9434625 ], [ 1.2734044, 38.9435022 ], [ 1.2733534, 38.9435585 ] ] ] } },
{ "type": "Feature", "properties": { "id": "finca_00081", "lat": 38.90946705066942, "lon": 1.2871805349532193, "surface_estimee_m2": 104.94801067383136, "distance_plus_proche_voisin_m": 104.35961953553137, "qualifiee_finca": true, "neighborhood": "Cala Molí" }, "geometry": { "type": "Polygon", "coordinates": [ [ [ 1.2871961, 38.9095383 ], [ 1.2871018, 38.9094431 ], [ 1.2871581, 38.9093909 ], [ 1.2872638, 38.9094977 ], [ 1.2871961, 38.9095383 ] ] ] } },
{ "type": "Feature", "properties": { "id": "finca_00082", "lat": 38.909486561031756, "lon": 1.285721426186567, "surface_estimee_m2": 149.36797898509562, "distance_plus_proche_voisin_m": 55.501845032015325, "qualifiee_finca": true, "neighborhood": "Cala Molí" }, "geometry": { "type": "Polygon", "coordinates": [ [ [ 1.2856823, 38.9095516 ], [ 1.2856639, 38.909514199999983 ], [ 1.2856275, 38.9095251 ], [ 1.2856108, 38.909491300000013 ], [ 1.2856684, 38.9094741 ], [ 1.285657, 38.909451 ], [ 1.2857714, 38.9094168 ], [ 1.2858179, 38.9095111 ], [ 1.2856823, 38.9095516 ] ] ] } },
{ "type": "Feature", "properties": { "id": "finca_00083", "lat": 38.9090758, "lon": 1.28608635, "surface_estimee_m2": 75.792630881572023, "distance_plus_proche_voisin_m": 55.501845032015325, "qualifiee_finca": true, "neighborhood": "Cala Molí" }, "geometry": { "type": "Polygon", "coordinates": [ [ [ 1.2860574, 38.9091371 ], [ 1.2860499, 38.909017 ], [ 1.2861153, 38.9090145 ], [ 1.2861228, 38.9091346 ], [ 1.2860574, 38.9091371 ] ] ] } },
{ "type": "Feature", "properties": { "id": "finca_00084", "lat": 38.909033263841224, "lon": 1.2883569285936523, "surface_estimee_m2": 136.44412043580832, "distance_plus_proche_voisin_m": 112.81517621419466, "qualifiee_finca": true, "neighborhood": "Cala Molí" }, "geometry": { "type": "Polygon", "coordinates": [ [ [ 1.2884252, 38.909095099999988 ], [ 1.288326, 38.9091074 ], [ 1.2882866, 38.9089745 ], [ 1.2883897, 38.9089583 ], [ 1.2884252, 38.909095099999988 ] ] ] } },
{ "type": "Feature", "properties": { "id": "finca_00085", "lat": 38.891227605352192, "lon": 1.240936904879913, "surface_estimee_m2": 118.41542470362506, "distance_plus_proche_voisin_m": 16.588605779975669, "qualifiee_finca": true, "neighborhood": "Es Caló d'en Real" }, "geometry": { "type": "Polygon", "coordinates": [ [ [ 1.240871, 38.8911721 ], [ 1.2408493, 38.891226 ], [ 1.2408841, 38.891228 ], [ 1.2408692, 38.8912652 ], [ 1.2409517, 38.8912853 ], [ 1.2409667, 38.891248199999986 ], [ 1.2410191, 38.891261 ], [ 1.2410384, 38.891213 ], [ 1.240871, 38.8911721 ] ] ] } },
{ "type": "Feature", "properties": { "id": "finca_00086", "lat": 38.903457593673394, "lon": 1.2731508635215394, "surface_estimee_m2": 89.211217441568991, "distance_plus_proche_voisin_m": 123.42648049120258, "qualifiee_finca": true, "neighborhood": "Cala Molí" }, "geometry": { "type": "Polygon", "coordinates": [ [ [ 1.2732097, 38.903499 ], [ 1.2730939, 38.9034969 ], [ 1.2730965, 38.903413 ], [ 1.2731861, 38.9034147 ], [ 1.2731856, 38.9034318 ], [ 1.2732117, 38.903432199999983 ], [ 1.2732097, 38.903499 ] ] ] } },
{ "type": "Feature", "properties": { "id": "finca_00087", "lat": 38.902352057750257, "lon": 1.2733035090130742, "surface_estimee_m2": 121.6053156383968, "distance_plus_proche_voisin_m": 123.42648049120258, "qualifiee_finca": true, "neighborhood": "Cala Molí" }, "geometry": { "type": "Polygon", "coordinates": [ [ [ 1.2734075, 38.9024226 ], [ 1.2733151, 38.9024011 ], [ 1.2733231, 38.9023803 ], [ 1.2731999, 38.9023516 ], [ 1.2732269, 38.9022812 ], [ 1.2733088, 38.9023003 ], [ 1.2732942, 38.9023385 ], [ 1.2733515, 38.9023519 ], [ 1.2733567, 38.9023381 ], [ 1.2733852, 38.9023447 ], [ 1.2733766, 38.902367 ], [ 1.2734101, 38.902374799999983 ], [ 1.2734006, 38.9023993 ], [ 1.2734141, 38.902405499999972 ], [ 1.2734075, 38.9024226 ] ] ] } },
{ "type": "Feature", "properties": { "id": "finca_00088", "lat": 38.9020294, "lon": 1.26379125, "surface_estimee_m2": 50.305616275552381, "distance_plus_proche_voisin_m": 200.40949954184663, "qualifiee_finca": true, "neighborhood": "Cala Molí" }, "geometry": { "type": "Polygon", "coordinates": [ [ [ 1.2637999, 38.9020788 ], [ 1.2637443, 38.9020633 ], [ 1.2637826, 38.90198 ], [ 1.2638382, 38.901995499999984 ], [ 1.2637999, 38.9020788 ] ] ] } },
{ "type": "Feature", "properties": { "id": "finca_00089", "lat": 38.900405659451444, "lon": 1.2648015630574967, "surface_estimee_m2": 82.436065168339866, "distance_plus_proche_voisin_m": 200.40949954184663, "qualifiee_finca": true, "neighborhood": "Cala Molí" }, "geometry": { "type": "Polygon", "coordinates": [ [ [ 1.2648178, 38.9004573 ], [ 1.2647833, 38.900440399999987 ], [ 1.2647679, 38.900459399999988 ], [ 1.2647436, 38.9004475 ], [ 1.2647596, 38.9004277 ], [ 1.264736, 38.9004161 ], [ 1.2647912, 38.9003479 ], [ 1.2648736, 38.9003883 ], [ 1.2648178, 38.9004573 ] ] ] } },
{ "type": "Feature", "properties": { "id": "finca_00090", "lat": 38.90651592260653, "lon": 1.2894921933120771, "surface_estimee_m2": 87.167766509458929, "distance_plus_proche_voisin_m": 78.034997105589312, "qualifiee_finca": true, "neighborhood": "Cala Molí" }, "geometry": { "type": "Polygon", "coordinates": [ [ [ 1.2894914, 38.9065777 ], [ 1.2894176, 38.9065105 ], [ 1.2895006, 38.9064553 ], [ 1.2895606, 38.90651 ], [ 1.2895332, 38.906528299999984 ], [ 1.2895469, 38.9065408 ], [ 1.2894914, 38.9065777 ] ] ] } },
{ "type": "Feature", "properties": { "id": "finca_00091", "lat": 38.906559071786894, "lon": 1.2885941336673419, "surface_estimee_m2": 106.14697659118779, "distance_plus_proche_voisin_m": 78.034997105589312, "qualifiee_finca": true, "neighborhood": "Cala Molí" }, "geometry": { "type": "Polygon", "coordinates": [ [ [ 1.2886834, 38.9065937 ], [ 1.288642, 38.9066191 ], [ 1.2886209, 38.9065983 ], [ 1.2885892, 38.9066177 ], [ 1.2885137, 38.90654320000003 ], [ 1.2885445, 38.9065244 ], [ 1.2885328, 38.9065128 ], [ 1.2885752, 38.9064868 ], [ 1.2886834, 38.9065937 ] ] ] } },
{ "type": "Feature", "properties": { "id": "finca_00092", "lat": 38.906465670723314, "lon": 1.2862687069876444, "surface_estimee_m2": 98.207268604635459, "distance_plus_proche_voisin_m": 29.180588475116643, "qualifiee_finca": true, "neighborhood": "Cala Molí" }, "geometry": { "type": "Polygon", "coordinates": [ [ [ 1.2862362, 38.906524299999987 ], [ 1.2862029, 38.9064275 ], [ 1.2863012, 38.906407 ], [ 1.2863345, 38.9065039 ], [ 1.2862362, 38.906524299999987 ] ] ] } },
{ "type": "Feature", "properties": { "id": "finca_00093", "lat": 38.906260216872568, "lon": 1.2860587997513693, "surface_estimee_m2": 80.176455165095589, "distance_plus_proche_voisin_m": 29.180588475116643, "qualifiee_finca": true, "neighborhood": "Cala Molí" }, "geometry": { "type": "Polygon", "coordinates": [ [ [ 1.286103, 38.9063224 ], [ 1.2859921, 38.9062489 ], [ 1.2859987, 38.906243 ], [ 1.2859764, 38.9062282 ], [ 1.2860107, 38.906196899999983 ], [ 1.2861437, 38.9062851 ], [ 1.286103, 38.9063224 ] ] ] } },
{ "type": "Feature", "properties": { "id": "finca_00094", "lat": 38.90511257729959, "lon": 1.2890895693526294, "surface_estimee_m2": 61.549997442572568, "distance_plus_proche_voisin_m": 128.21401368027946, "qualifiee_finca": true, "neighborhood": "Cala Molí" }, "geometry": { "type": "Polygon", "coordinates": [ [ [ 1.2890246, 38.9051328 ], [ 1.2891467, 38.905144 ], [ 1.2891545, 38.905092299999986 ], [ 1.2890324, 38.9050812 ], [ 1.2890246, 38.9051328 ] ] ] } },
{ "type": "Feature", "properties": { "id": "finca_00095", "lat": 38.905460266096306, "lon": 1.2904993113883201, "surface_estimee_m2": 125.76635836027117, "distance_plus_proche_voisin_m": 128.21401368027946, "qualifiee_finca": true, "neighborhood": "Cala Molí" }, "geometry": { "type": "Polygon", "coordinates": [ [ [ 1.2904742, 38.9055241 ], [ 1.2904474, 38.905448899999989 ], [ 1.2904219, 38.905451 ], [ 1.2904058, 38.9054103 ], [ 1.2904608, 38.9053926 ], [ 1.2904782, 38.905427 ], [ 1.290544, 38.9054093 ], [ 1.2905855, 38.9055063 ], [ 1.2904742, 38.9055241 ] ] ] } },
{ "type": "Feature", "properties": { "id": "finca_00096", "lat": 38.9061998, "lon": 1.29261705, "surface_estimee_m2": 126.61119894296644, "distance_plus_proche_voisin_m": 154.26801851224826, "qualifiee_finca": true, "neighborhood": "Cala Molí" }, "geometry": { "type": "Polygon", "coordinates": [ [ [ 1.2926656, 38.906262899999987 ], [ 1.292556, 38.906255900000012 ], [ 1.2925685, 38.9061367 ], [ 1.2926781, 38.9061437 ], [ 1.2926656, 38.906262899999987 ] ] ] } },
{ "type": "Feature", "properties": { "id": "finca_00097", "lat": 38.907049484269784, "lon": 1.2968831787758863, "surface_estimee_m2": 81.231921524740216, "distance_plus_proche_voisin_m": 169.53963568112027, "qualifiee_finca": true, "neighborhood": "Cala Molí" }, "geometry": { "type": "Polygon", "coordinates": [ [ [ 1.2968606, 38.907105099999988 ], [ 1.2967989, 38.907054 ], [ 1.2968579, 38.9070164 ], [ 1.2968713, 38.907025799999978 ], [ 1.2968981, 38.9070018 ], [ 1.2969209, 38.9070196 ], [ 1.296937, 38.9070133 ], [ 1.2969746, 38.9070415 ], [ 1.2969276, 38.90706969999998 ], [ 1.2969075, 38.9070603 ], [ 1.2968606, 38.907105099999988 ] ] ] } },
{ "type": "Feature", "properties": { "id": "finca_00098", "lat": 38.90645535559846, "lon": 1.29868405790784, "surface_estimee_m2": 110.76744036128896, "distance_plus_proche_voisin_m": 71.487787437759778, "qualifiee_finca": true, "neighborhood": "Cala Molí" }, "geometry": { "type": "Polygon", "coordinates": [ [ [ 1.2986784, 38.9065273 ], [ 1.2986116, 38.906435799999983 ], [ 1.2986472, 38.90642 ], [ 1.2986315, 38.906398500000016 ], [ 1.2986796, 38.9063772 ], [ 1.2987621, 38.9064903 ], [ 1.2986784, 38.9065273 ] ] ] } },
{ "type": "Feature", "properties": { "id": "finca_00099", "lat": 38.906237334303512, "lon": 1.2994596581671041, "surface_estimee_m2": 147.38821719438511, "distance_plus_proche_voisin_m": 71.487787437759778, "qualifiee_finca": true, "neighborhood": "Cala Molí" }, "geometry": { "type": "Polygon", "coordinates": [ [ [ 1.299462, 38.906324 ], [ 1.2994142, 38.9062799 ], [ 1.2994344, 38.906266599999988 ], [ 1.2993672, 38.9062046 ], [ 1.2994471, 38.9061521 ], [ 1.2995179, 38.9062175 ], [ 1.2995074, 38.9062244 ], [ 1.2995516, 38.9062653 ], [ 1.299462, 38.906324 ] ] ] } },
{ "type": "Feature", "properties": { "id": "finca_00100", "lat": 38.923164617946277, "lon": 1.2888510723576896, "surface_estimee_m2": 135.55745709840556, "distance_plus_proche_voisin_m": 59.140361614658794, "qualifiee_finca": true, "neighborhood": "Bella Tarida" }, "geometry": { "type": "Polygon", "coordinates": [ [ [ 1.2887532, 38.9231902 ], [ 1.2887876, 38.9231063 ], [ 1.288948, 38.9231438 ], [ 1.2889228, 38.9232187 ], [ 1.2887532, 38.9231902 ] ] ] } },
{ "type": "Feature", "properties": { "id": "finca_00101", "lat": 38.925782381157653, "lon": 1.2950437507244539, "surface_estimee_m2": 105.20616513079514, "distance_plus_proche_voisin_m": 35.994832336552811, "qualifiee_finca": true, "neighborhood": "Vista Mar" }, "geometry": { "type": "Polygon", "coordinates": [ [ [ 1.2949615, 38.925787 ], [ 1.2950381, 38.9257167 ], [ 1.2951244, 38.925774 ], [ 1.295052, 38.9258498 ], [ 1.2949615, 38.925787 ] ] ] } },
{ "type": "Feature", "properties": { "id": "finca_00102", "lat": 38.925538819576921, "lon": 1.2947696746162773, "surface_estimee_m2": 142.57189153183498, "distance_plus_proche_voisin_m": 35.994832336552811, "qualifiee_finca": true, "neighborhood": "Vista Mar" }, "geometry": { "type": "Polygon", "coordinates": [ [ [ 1.2947407, 38.9256057 ], [ 1.294692, 38.9255581 ], [ 1.2947184, 38.9255386 ], [ 1.294692, 38.9254996 ], [ 1.2947713, 38.9254595 ], [ 1.2948659, 38.9255656 ], [ 1.2947824, 38.9256035 ], [ 1.2947727, 38.925591599999983 ], [ 1.2947407, 38.9256057 ] ] ] } },
{ "type": "Feature", "properties": { "id": "finca_00103", "lat": 38.927621672034306, "lon": 1.2930683862931542, "surface_estimee_m2": 69.297742395993538, "distance_plus_proche_voisin_m": 132.42984708584837, "qualifiee_finca": true, "neighborhood": "Vista Mar" }, "geometry": { "type": "Polygon", "coordinates": [ [ [ 1.293007, 38.927651400000016 ], [ 1.2930037, 38.9275944 ], [ 1.2931284, 38.9275917 ], [ 1.2931343, 38.9276488 ], [ 1.293007, 38.927651400000016 ] ] ] } },
{ "type": "Feature", "properties": { "id": "finca_00104", "lat": 38.927459953956067, "lon": 1.2945816796428393, "surface_estimee_m2": 98.640662273484708, "distance_plus_proche_voisin_m": 42.888763001145506, "qualifiee_finca": true, "neighborhood": "Vista Mar" }, "geometry": { "type": "Polygon", "coordinates": [ [ [ 1.2945215, 38.9275159 ], [ 1.2945604, 38.9273938 ], [ 1.2946507, 38.9274111 ], [ 1.2946437, 38.9274446 ], [ 1.2946201, 38.927445699999986 ], [ 1.2945965, 38.927531 ], [ 1.2945215, 38.9275159 ] ] ] } },
{ "type": "Feature", "properties": { "id": "finca_00105", "lat": 38.927687614789726, "lon": 1.2949813580242993, "surface_estimee_m2": 72.605899543640049, "distance_plus_proche_voisin_m": 31.297911104804765, "qualifiee_finca": true, "neighborhood": "Vista Mar" }, "geometry": { "type": "Polygon", "coordinates": [ [ [ 1.2949006, 38.9277049 ], [ 1.2949131, 38.9276563 ], [ 1.2950575, 38.927668199999985 ], [ 1.2950519, 38.92772 ], [ 1.2949006, 38.9277049 ] ] ] } },
{ "type": "Feature", "properties": { "id": "finca_00106", "lat": 38.9278888443109, "lon": 1.2952342168078828, "surface_estimee_m2": 68.139431515690745, "distance_plus_proche_voisin_m": 16.033966147587389, "qualifiee_finca": true, "neighborhood": "Vista Mar" }, "geometry": { "type": "Polygon", "coordinates": [ [ [ 1.2952072, 38.9279355 ], [ 1.2951768, 38.92785940000001 ], [ 1.295262, 38.927840400000015 ], [ 1.2952898, 38.9279217 ], [ 1.2952072, 38.9279355 ] ] ] } },
{ "type": "Feature", "properties": { "id": "finca_00107", "lat": 38.928031979989917, "lon": 1.2952093200035766, "surface_estimee_m2": 65.099760938361939, "distance_plus_proche_voisin_m": 16.033966147587389, "qualifiee_finca": true, "neighborhood": "Vista Mar" }, "geometry": { "type": "Polygon", "coordinates": [ [ [ 1.2951903, 38.9280824 ], [ 1.2951566, 38.9279958 ], [ 1.2952266, 38.9279801 ], [ 1.2952628, 38.9280692 ], [ 1.2951903, 38.9280824 ] ] ] } },
{ "type": "Feature", "properties": { "id": "finca_00108", "lat": 38.930517090882823, "lon": 1.2951252330498964, "surface_estimee_m2": 79.461992623458414, "distance_plus_proche_voisin_m": 264.81232887344026, "qualifiee_finca": true, "neighborhood": "Vista Mar" }, "geometry": { "type": "Polygon", "coordinates": [ [ [ 1.295095, 38.9305733 ], [ 1.2950767, 38.930470100000015 ], [ 1.2951544, 38.9304612 ], [ 1.295175, 38.9305626 ], [ 1.295095, 38.9305733 ] ] ] } },
{ "type": "Feature", "properties": { "id": "finca_00109", "lat": 38.929115315654073, "lon": 1.2901434328766377, "surface_estimee_m2": 74.945383153833916, "distance_plus_proche_voisin_m": 184.92227503686644, "qualifiee_finca": true, "neighborhood": "Vista Mar" }, "geometry": { "type": "Polygon", "coordinates": [ [ [ 1.2901597, 38.9291836 ], [ 1.2901944, 38.9291814 ], [ 1.2901667, 38.929059399999986 ], [ 1.2900875, 38.9290723 ], [ 1.290107, 38.929147900000018 ], [ 1.2901514, 38.9291447 ], [ 1.2901597, 38.9291836 ] ] ] } },
{ "type": "Feature", "properties": { "id": "finca_00110", "lat": 38.928972944594193, "lon": 1.2927969851169065, "surface_estimee_m2": 85.340689222825432, "distance_plus_proche_voisin_m": 151.82537672396208, "qualifiee_finca": true, "neighborhood": "Vista Mar" }, "geometry": { "type": "Polygon", "coordinates": [ [ [ 1.2927133, 38.9289811 ], [ 1.2927647, 38.9289182 ], [ 1.2928886, 38.928983100000011 ], [ 1.2928642, 38.9290152 ], [ 1.2928305, 38.9290034 ], [ 1.2928254, 38.92901 ], [ 1.2927892, 38.928992300000012 ], [ 1.292774, 38.929011300000013 ], [ 1.2927133, 38.9289811 ] ] ] } },
{ "type": "Feature", "properties": { "id": "finca_00111", "lat": 38.930466500595479, "lon": 1.3000971475393526, "surface_estimee_m2": 141.28571729315939, "distance_plus_proche_voisin_m": 228.46390959926478, "qualifiee_finca": true, "neighborhood": "Vista Mar" }, "geometry": { "type": "Polygon", "coordinates": [ [ [ 1.2999995, 38.9304619 ], [ 1.3000731, 38.930389499999983 ], [ 1.3001967, 38.9304716 ], [ 1.3001078, 38.9305439 ], [ 1.3000592, 38.9305126 ], [ 1.3000717, 38.930500699999989 ], [ 1.2999995, 38.9304619 ] ] ] } },
{ "type": "Feature", "properties": { "id": "finca_00112", "lat": 38.922039077896478, "lon": 1.2999683859155127, "surface_estimee_m2": 121.28393412564277, "distance_plus_proche_voisin_m": 176.83227227220533, "qualifiee_finca": true, "neighborhood": "Vista Mar" }, "geometry": { "type": "Polygon", "coordinates": [ [ [ 1.2999045, 38.9220887 ], [ 1.3000488, 38.9220735 ], [ 1.300035, 38.9219882 ], [ 1.2998836, 38.9220076 ], [ 1.2999045, 38.9220887 ] ] ] } },
{ "type": "Feature", "properties": { "id": "finca_00113", "lat": 38.932238061170182, "lon": 1.291290377668632, "surface_estimee_m2": 135.81212401384991, "distance_plus_proche_voisin_m": 160.47808883904239, "qualifiee_finca": true, "neighborhood": "Vista Mar" }, "geometry": { "type": "Polygon", "coordinates": [ [ [ 1.2912184, 38.9322985 ], [ 1.2911851, 38.9322272 ], [ 1.2913114, 38.9321851 ], [ 1.2913267, 38.9322175 ], [ 1.2913656, 38.9322078 ], [ 1.2913586, 38.9321937 ], [ 1.2913989, 38.9321808 ], [ 1.29141, 38.932225 ], [ 1.2913184, 38.932260699999986 ], [ 1.2913323, 38.9322812 ], [ 1.2912906, 38.9322942 ], [ 1.2912781, 38.9322747 ], [ 1.2912184, 38.9322985 ] ] ] } },
{ "type": "Feature", "properties": { "id": "finca_00114", "lat": 38.936112399284347, "lon": 1.2909075589756158, "surface_estimee_m2": 120.74064646489317, "distance_plus_proche_voisin_m": 69.083286600976578, "qualifiee_finca": true, "neighborhood": "Vista Mar" }, "geometry": { "type": "Polygon", "coordinates": [ [ [ 1.2908121, 38.9361217 ], [ 1.2908739, 38.9360284 ], [ 1.2909096, 38.9360427 ], [ 1.2908767, 38.9360925 ], [ 1.2909298, 38.9361138 ], [ 1.2909528, 38.9360792 ], [ 1.2910074, 38.9361011 ], [ 1.2909556, 38.9361792 ], [ 1.2908121, 38.9361217 ] ] ] } },
{ "type": "Feature", "properties": { "id": "finca_00115", "lat": 38.935638539009325, "lon": 1.2914241774396928, "surface_estimee_m2": 88.983134104428345, "distance_plus_proche_voisin_m": 69.083286600976578, "qualifiee_finca": true, "neighborhood": "Vista Mar" }, "geometry": { "type": "Polygon", "coordinates": [ [ [ 1.291316, 38.9356862 ], [ 1.2913923, 38.935716499999984 ], [ 1.2914465, 38.935643 ], [ 1.2914604, 38.9356517 ], [ 1.2915145, 38.935557699999976 ], [ 1.2914757, 38.935548 ], [ 1.2914159, 38.9356376 ], [ 1.2913937, 38.9356279 ], [ 1.2913826, 38.9356625 ], [ 1.2913701, 38.9356776 ], [ 1.2913299, 38.935663499999983 ], [ 1.291316, 38.9356862 ] ] ] } },
{ "type": "Feature", "properties": { "id": "finca_00116", "lat": 38.934899938279663, "lon": 1.2944701556153428, "surface_estimee_m2": 125.29481297836463, "distance_plus_proche_voisin_m": 23.814433504696918, "qualifiee_finca": true, "neighborhood": "Vista Mar" }, "geometry": { "type": "Polygon", "coordinates": [ [ [ 1.2943813, 38.9349382 ], [ 1.2944792, 38.9348235 ], [ 1.2945596, 38.934859 ], [ 1.2944604, 38.9349779 ], [ 1.2943813, 38.9349382 ] ] ] } },
{ "type": "Feature", "properties": { "id": "finca_00117", "lat": 38.935079389016018, "lon": 1.2946207107626353, "surface_estimee_m2": 97.979574644132072, "distance_plus_proche_voisin_m": 23.814433504696918, "qualifiee_finca": true, "neighborhood": "Vista Mar" }, "geometry": { "type": "Polygon", "coordinates": [ [ [ 1.2945797, 38.9351458 ], [ 1.2945851, 38.9350113 ], [ 1.2946602, 38.935014399999986 ], [ 1.2946589, 38.9351438 ], [ 1.2945797, 38.9351458 ] ] ] } },
{ "type": "Feature", "properties": { "id": "finca_00118", "lat": 38.933951033378548, "lon": 1.2981992627740946, "surface_estimee_m2": 101.08839616629285, "distance_plus_proche_voisin_m": 96.245944407488565, "qualifiee_finca": true, "neighborhood": "Vista Mar" }, "geometry": { "type": "Polygon", "coordinates": [ [ [ 1.2980926, 38.933968299999989 ], [ 1.2981301, 38.9339068 ], [ 1.2982079, 38.933933899999978 ], [ 1.2982213, 38.93391410000001 ], [ 1.2983313, 38.9339527 ], [ 1.2983112, 38.933985 ], [ 1.2982186, 38.933947399999987 ], [ 1.2981865, 38.9339954 ], [ 1.2980926, 38.933968299999989 ] ] ] } },
{ "type": "Feature", "properties": { "id": "finca_00119", "lat": 38.932434221269112, "lon": 1.2993242472161073, "surface_estimee_m2": 95.366162536114487, "distance_plus_proche_voisin_m": 194.57495654015295, "qualifiee_finca": true, "neighborhood": "Vista Mar" }, "geometry": { "type": "Polygon", "coordinates": [ [ [ 1.2992551, 38.9324807 ], [ 1.2992484, 38.9324275 ], [ 1.299302, 38.9324234 ], [ 1.2992967, 38.9323868 ], [ 1.2993745, 38.9323795 ], [ 1.2993905, 38.9324661 ], [ 1.2992551, 38.9324807 ] ] ] } },
{ "type": "Feature", "properties": { "id": "finca_00120", "lat": 38.934734739374775, "lon": 1.2975711805119998, "surface_estimee_m2": 99.143270603367952, "distance_plus_proche_voisin_m": 44.63862537108151, "qualifiee_finca": true, "neighborhood": "Vista Mar" }, "geometry": { "type": "Polygon", "coordinates": [ [ [ 1.2974452, 38.9347247 ], [ 1.2974962, 38.9346851 ], [ 1.297586, 38.934714299999989 ], [ 1.2976879, 38.9347445 ], [ 1.2976692, 38.9347852 ], [ 1.2974452, 38.9347247 ] ] ] } },
{ "type": "Feature", "properties": { "id": "finca_00121", "lat": 38.93481278124915, "lon": 1.2980762880908803, "surface_estimee_m2": 141.58495778872285, "distance_plus_proche_voisin_m": 44.63862537108151, "qualifiee_finca": true, "neighborhood": "Vista Mar" }, "geometry": { "type": "Polygon", "coordinates": [ [ [ 1.2979817, 38.9348478 ], [ 1.2980004, 38.9347612 ], [ 1.2981734, 38.9347821 ], [ 1.2981627, 38.9348551 ], [ 1.2980849, 38.9348489 ], [ 1.2980849, 38.9348655 ], [ 1.298034, 38.9348582 ], [ 1.298034, 38.9348478 ], [ 1.2979817, 38.9348478 ] ] ] } },
{ "type": "Feature", "properties": { "id": "finca_00122", "lat": 38.926328082569704, "lon": 1.2999353527242725, "surface_estimee_m2": 56.339425614618122, "distance_plus_proche_voisin_m": 428.43024532312847, "qualifiee_finca": true, "neighborhood": "Vista Mar" }, "geometry": { "type": "Polygon", "coordinates": [ [ [ 1.2998683, 38.9263197 ], [ 1.2999139, 38.926286100000013 ], [ 1.2999416, 38.9263013 ], [ 1.2999595, 38.926282899999983 ], [ 1.2999831, 38.9262994 ], [ 1.2999522, 38.926324699999981 ], [ 1.2999921, 38.926357 ], [ 1.2999644, 38.9263805 ], [ 1.2998683, 38.9263197 ] ] ] } },
{ "type": "Feature", "properties": { "id": "finca_00123", "lat": 38.938554543046529, "lon": 1.2909791233617758, "surface_estimee_m2": 84.825525844831134, "distance_plus_proche_voisin_m": 107.79913209361872, "qualifiee_finca": true, "neighborhood": "Vista Mar" }, "geometry": { "type": "Polygon", "coordinates": [ [ [ 1.290892, 38.9385403 ], [ 1.2909139, 38.9385007 ], [ 1.2910103, 38.9385149 ], [ 1.291003, 38.9385503 ], [ 1.2910485, 38.9385587 ], [ 1.291034, 38.938622400000014 ], [ 1.2909721, 38.9386054 ], [ 1.290983, 38.9385658 ], [ 1.290892, 38.9385403 ] ] ] } },
{ "type": "Feature", "properties": { "id": "finca_00124", "lat": 38.939485221454561, "lon": 1.290623823881264, "surface_estimee_m2": 136.36739823797768, "distance_plus_proche_voisin_m": 86.929362747873753, "qualifiee_finca": true, "neighborhood": "Vista Mar" }, "geometry": { "type": "Polygon", "coordinates": [ [ [ 1.2905456, 38.9395314 ], [ 1.2905456, 38.9394408 ], [ 1.2907039, 38.9394394 ], [ 1.2907002, 38.93953 ], [ 1.2905456, 38.9395314 ] ] ] } },
{ "type": "Feature", "properties": { "id": "finca_00125", "lat": 38.940926339968428, "lon": 1.2941781587308434, "surface_estimee_m2": 118.27278818753598, "distance_plus_proche_voisin_m": 20.476993880205228, "qualifiee_finca": true, "neighborhood": "Vista Mar" }, "geometry": { "type": "Polygon", "coordinates": [ [ [ 1.2941067, 38.9409968 ], [ 1.2941451, 38.9408661 ], [ 1.2942543, 38.9408736 ], [ 1.2942471, 38.940944600000016 ], [ 1.2941799, 38.940945500000012 ], [ 1.2941703, 38.941004299999989 ], [ 1.2941067, 38.9409968 ] ] ] } },
{ "type": "Feature", "properties": { "id": "finca_00126", "lat": 38.941027272389583, "lon": 1.2943758848889118, "surface_estimee_m2": 124.85712231067686, "distance_plus_proche_voisin_m": 20.476993880205228, "qualifiee_finca": true, "neighborhood": "Vista Mar" }, "geometry": { "type": "Polygon", "coordinates": [ [ [ 1.2943131, 38.9410809 ], [ 1.2942963, 38.940990300000017 ], [ 1.2944379, 38.9409754 ], [ 1.2944583, 38.9410613 ], [ 1.2943131, 38.9410809 ] ] ] } },
{ "type": "Feature", "properties": { "id": "finca_00127", "lat": 38.940211653852707, "lon": 1.2939691350394698, "surface_estimee_m2": 141.94324907219124, "distance_plus_proche_voisin_m": 81.373083251769714, "qualifiee_finca": true, "neighborhood": "Vista Mar" }, "geometry": { "type": "Polygon", "coordinates": [ [ [ 1.293915, 38.9402637 ], [ 1.2939126, 38.9402338 ], [ 1.2938754, 38.9402366 ], [ 1.2938646, 38.940196500000013 ], [ 1.293915, 38.940189 ], [ 1.2939102, 38.940161 ], [ 1.2939774, 38.9401526 ], [ 1.293987, 38.9401796 ], [ 1.2940554, 38.9401768 ], [ 1.294065, 38.9402469 ], [ 1.293915, 38.9402637 ] ] ] } },
{ "type": "Feature", "properties": { "id": "finca_00128", "lat": 38.93850930110154, "lon": 1.2960648390731457, "surface_estimee_m2": 57.707058292118809, "distance_plus_proche_voisin_m": 262.12923089838444, "qualifiee_finca": true, "neighborhood": "Vista Mar" }, "geometry": { "type": "Polygon", "coordinates": [ [ [ 1.2960194, 38.9385393 ], [ 1.296023, 38.938469199999986 ], [ 1.2961166, 38.9384842 ], [ 1.2961022, 38.9385477 ], [ 1.2960194, 38.9385393 ] ] ] } },
{ "type": "Feature", "properties": { "id": "finca_00129", "lat": 38.936621072801849, "lon": 1.293675548342589, "surface_estimee_m2": 93.56850986310431, "distance_plus_proche_voisin_m": 189.73219507241998, "qualifiee_finca": true, "neighborhood": "Vista Mar" }, "geometry": { "type": "Polygon", "coordinates": [ [ [ 1.2936245, 38.9366654 ], [ 1.2936209, 38.936573 ], [ 1.2937109, 38.936567400000015 ], [ 1.2937121, 38.936626199999985 ], [ 1.2937445, 38.9366262 ], [ 1.2937457, 38.936664499999985 ], [ 1.2936245, 38.9366654 ] ] ] } },
{ "type": "Feature", "properties": { "id": "finca_00130", "lat": 38.944322191361664, "lon": 1.29958105, "surface_estimee_m2": 121.83697799326592, "distance_plus_proche_voisin_m": 134.16194278825463, "qualifiee_finca": true, "neighborhood": "Vista Mar" }, "geometry": { "type": "Polygon", "coordinates": [ [ [ 1.2995371, 38.944396 ], [ 1.2995403, 38.9442465 ], [ 1.2996218, 38.9442465 ], [ 1.299625, 38.944396 ], [ 1.2995371, 38.944396 ] ] ] } },
{ "type": "Feature", "properties": { "id": "finca_00131", "lat": 38.940266675680071, "lon": 1.2905579098282163, "surface_estimee_m2": 82.475531052269162, "distance_plus_proche_voisin_m": 29.63794784393215, "qualifiee_finca": true, "neighborhood": "Vista Mar" }, "geometry": { "type": "Polygon", "coordinates": [ [ [ 1.2905023, 38.9403081 ], [ 1.2904903, 38.9402409 ], [ 1.2906103, 38.940224 ], [ 1.2906271, 38.940293100000019 ], [ 1.2905023, 38.9403081 ] ] ] } },
{ "type": "Feature", "properties": { "id": "finca_00132", "lat": 38.940531834807331, "lon": 1.2905980818541092, "surface_estimee_m2": 147.81651530460817, "distance_plus_proche_voisin_m": 29.63794784393215, "qualifiee_finca": true, "neighborhood": "Vista Mar" }, "geometry": { "type": "Polygon", "coordinates": [ [ [ 1.2905431, 38.940599399999989 ], [ 1.2905223, 38.9405077 ], [ 1.29055, 38.9405031 ], [ 1.29055, 38.940473699999984 ], [ 1.2906462, 38.9404589 ], [ 1.2906724, 38.940581299999984 ], [ 1.2905431, 38.940599399999989 ] ] ] } },
{ "type": "Feature", "properties": { "id": "finca_00133", "lat": 38.940813369903609, "lon": 1.2906163109714182, "surface_estimee_m2": 144.32046613098754, "distance_plus_proche_voisin_m": 31.290309546539003, "qualifiee_finca": true, "neighborhood": "Vista Mar" }, "geometry": { "type": "Polygon", "coordinates": [ [ [ 1.2905515, 38.9408715 ], [ 1.2905311, 38.940786499999987 ], [ 1.2905821, 38.9407809 ], [ 1.2905777, 38.940752499999988 ], [ 1.2906389, 38.9407446 ], [ 1.2906418, 38.9407718 ], [ 1.2906797, 38.9407673 ], [ 1.2907045, 38.9408534 ], [ 1.2905515, 38.9408715 ] ] ] } },
{ "type": "Feature", "properties": { "id": "finca_00134", "lat": 38.940929138447302, "lon": 1.2950603637754001, "surface_estimee_m2": 123.81143016900674, "distance_plus_proche_voisin_m": 28.019246550576806, "qualifiee_finca": true, "neighborhood": "Vista Mar" }, "geometry": { "type": "Polygon", "coordinates": [ [ [ 1.294974, 38.9409632 ], [ 1.2949579, 38.9409133 ], [ 1.2950891, 38.940877 ], [ 1.2950993, 38.940894 ], [ 1.2951401, 38.9408838 ], [ 1.2951562, 38.9409224 ], [ 1.2951139, 38.940934900000016 ], [ 1.295127, 38.9409711 ], [ 1.2950483, 38.9409881 ], [ 1.2950308, 38.940946199999985 ], [ 1.294974, 38.9409632 ] ] ] } },
{ "type": "Feature", "properties": { "id": "finca_00135", "lat": 38.941177930742207, "lon": 1.2950057171588647, "surface_estimee_m2": 62.307936836619582, "distance_plus_proche_voisin_m": 28.019246550576806, "qualifiee_finca": true, "neighborhood": "Vista Mar" }, "geometry": { "type": "Polygon", "coordinates": [ [ [ 1.294951, 38.9412136 ], [ 1.2949437, 38.9411592 ], [ 1.2950559, 38.9411422 ], [ 1.2950719, 38.9411954 ], [ 1.294951, 38.9412136 ] ] ] } },
{ "type": "Feature", "properties": { "id": "finca_00136", "lat": 38.943898707744836, "lon": 1.2923860318441138, "surface_estimee_m2": 84.119065979272406, "distance_plus_proche_voisin_m": 82.981219740963809, "qualifiee_finca": true, "neighborhood": "Vista Mar" }, "geometry": { "type": "Polygon", "coordinates": [ [ [ 1.2923456, 38.9439497 ], [ 1.2923136, 38.9438805 ], [ 1.2924287, 38.9438488 ], [ 1.2924579, 38.9439157 ], [ 1.2923456, 38.9439497 ] ] ] } },
{ "type": "Feature", "properties": { "id": "finca_00137", "lat": 38.945308003202591, "lon": 1.2934942443697883, "surface_estimee_m2": 145.93189342711986, "distance_plus_proche_voisin_m": 183.57267891782917, "qualifiee_finca": true, "neighborhood": "Vista Mar" }, "geometry": { "type": "Polygon", "coordinates": [ [ [ 1.2934197, 38.9453536 ], [ 1.2935451, 38.9453751 ], [ 1.2935742, 38.9452595 ], [ 1.2934329, 38.9452471 ], [ 1.2934197, 38.9453536 ] ] ] } },
{ "type": "Feature", "properties": { "id": "finca_00138", "lat": 38.944358308928159, "lon": 1.2955105696135045, "surface_estimee_m2": 66.290647658824142, "distance_plus_proche_voisin_m": 204.1089256136666, "qualifiee_finca": true, "neighborhood": "Vista Mar" }, "geometry": { "type": "Polygon", "coordinates": [ [ [ 1.2954712, 38.94441410000001 ], [ 1.2955309, 38.9444187 ], [ 1.2955484, 38.9442996 ], [ 1.2954916, 38.9442985 ], [ 1.2954712, 38.94441410000001 ] ] ] } },
{ "type": "Feature", "properties": { "id": "finca_00139", "lat": 38.945523077102152, "lon": 1.2997564186410622, "surface_estimee_m2": 81.942375246051057, "distance_plus_proche_voisin_m": 134.16194278825463, "qualifiee_finca": true, "neighborhood": "Vista Mar" }, "geometry": { "type": "Polygon", "coordinates": [ [ [ 1.2998126, 38.9456231 ], [ 1.2997689, 38.945448499999983 ], [ 1.2996654, 38.9454678 ], [ 1.2996727, 38.945493799999987 ], [ 1.2997383, 38.9454859 ], [ 1.2997791, 38.9456287 ], [ 1.2998126, 38.9456231 ] ] ] } },
{ "type": "Feature", "properties": { "id": "finca_00140", "lat": 38.947143836726013, "lon": 1.2987695823061467, "surface_estimee_m2": 129.26819919075797, "distance_plus_proche_voisin_m": 199.20438617637041, "qualifiee_finca": true, "neighborhood": "Vista Mar" }, "geometry": { "type": "Polygon", "coordinates": [ [ [ 1.2986592, 38.9471364 ], [ 1.2986927, 38.9470786 ], [ 1.2988822, 38.9471511 ], [ 1.2988414, 38.9472089 ], [ 1.2986592, 38.9471364 ] ] ] } },
{ "type": "Feature", "properties": { "id": "finca_00141", "lat": 38.919546629448405, "lon": 1.2513005338307455, "surface_estimee_m2": 51.202526198624746, "distance_plus_proche_voisin_m": 81.729391974595885, "qualifiee_finca": true, "neighborhood": "Cala Molí" }, "geometry": { "type": "Polygon", "coordinates": [ [ [ 1.2512518, 38.919570499999985 ], [ 1.2512759, 38.9195043 ], [ 1.2513504, 38.9195231 ], [ 1.2513235, 38.9195893 ], [ 1.2513173, 38.919587699999987 ], [ 1.2512518, 38.919570499999985 ] ] ] } },
{ "type": "Feature", "properties": { "id": "finca_00142", "lat": 38.920615256520321, "lon": 1.2513480458560806, "surface_estimee_m2": 139.51775256293183, "distance_plus_proche_voisin_m": 118.69016513406429, "qualifiee_finca": true, "neighborhood": "Cala Molí" }, "geometry": { "type": "Polygon", "coordinates": [ [ [ 1.2513027, 38.9206656 ], [ 1.2512598, 38.9205602 ], [ 1.2513229, 38.9205446 ], [ 1.2513322, 38.9205748 ], [ 1.2513698, 38.9205686 ], [ 1.2513778, 38.9205957 ], [ 1.2514194, 38.9205842 ], [ 1.2514516, 38.9206458 ], [ 1.2513068, 38.9206802 ], [ 1.2513027, 38.9206656 ] ] ] } },
{ "type": "Feature", "properties": { "id": "finca_00143", "lat": 38.918963833333336, "lon": 1.251876535430785, "surface_estimee_m2": 73.330225322393076, "distance_plus_proche_voisin_m": 81.729391974595885, "qualifiee_finca": true, "neighborhood": "Cala Molí" }, "geometry": { "type": "Polygon", "coordinates": [ [ [ 1.2518553, 38.919016 ], [ 1.251803, 38.9189628 ], [ 1.2518982, 38.9189127 ], [ 1.2519505, 38.9189628 ], [ 1.2518553, 38.919016 ] ] ] } },
{ "type": "Feature", "properties": { "id": "finca_00144", "lat": 38.925786288593685, "lon": 1.2421484336717434, "surface_estimee_m2": 66.42310350451308, "distance_plus_proche_voisin_m": 646.87006848398335, "qualifiee_finca": true, "neighborhood": "Cala Molí" }, "geometry": { "type": "Polygon", "coordinates": [ [ [ 1.2421497, 38.9258469 ], [ 1.2422087, 38.925775 ], [ 1.2421242, 38.9257249 ], [ 1.2421001, 38.925751 ], [ 1.242135, 38.9257729 ], [ 1.2420974, 38.9258167 ], [ 1.2421497, 38.9258469 ] ] ] } },
{ "type": "Feature", "properties": { "id": "finca_00145", "lat": 38.929341656844954, "lon": 1.2857455677680476, "surface_estimee_m2": 121.27027247800848, "distance_plus_proche_voisin_m": 65.569021842480211, "qualifiee_finca": true, "neighborhood": "Vista Mar" }, "geometry": { "type": "Polygon", "coordinates": [ [ [ 1.2857963, 38.9293985 ], [ 1.2858406, 38.9293275 ], [ 1.285693, 38.9292816 ], [ 1.2856555, 38.929362 ], [ 1.2857963, 38.9293985 ] ] ] } },
{ "type": "Feature", "properties": { "id": "finca_00146", "lat": 38.929676693239124, "lon": 1.2863684259965356, "surface_estimee_m2": 130.28771855783805, "distance_plus_proche_voisin_m": 21.551908632642601, "qualifiee_finca": true, "neighborhood": "Vista Mar" }, "geometry": { "type": "Polygon", "coordinates": [ [ [ 1.2863931, 38.9297636 ], [ 1.2862939, 38.929728199999985 ], [ 1.2863716, 38.9295769 ], [ 1.286432, 38.92959780000001 ], [ 1.286381, 38.9296948 ], [ 1.2864293, 38.9297073 ], [ 1.2863931, 38.9297636 ] ] ] } },
{ "type": "Feature", "properties": { "id": "finca_00147", "lat": 38.931844431369143, "lon": 1.2819122614095904, "surface_estimee_m2": 98.284202674534868, "distance_plus_proche_voisin_m": 157.36794729446848, "qualifiee_finca": true, "neighborhood": "Vista Mar" }, "geometry": { "type": "Polygon", "coordinates": [ [ [ 1.2818535, 38.931889799999986 ], [ 1.2818535, 38.9318022 ], [ 1.2819715, 38.9318001 ], [ 1.2819715, 38.9318856 ], [ 1.2818535, 38.931889799999986 ] ] ] } },
{ "type": "Feature", "properties": { "id": "finca_00148", "lat": 38.911462209530129, "lon": 1.2886520203295577, "surface_estimee_m2": 97.369673506810557, "distance_plus_proche_voisin_m": 93.949440612846246, "qualifiee_finca": true, "neighborhood": "Cala Molí" }, "geometry": { "type": "Polygon", "coordinates": [ [ [ 1.2885855, 38.911501 ], [ 1.2886879, 38.9115189 ], [ 1.2887118, 38.9114362 ], [ 1.2886933, 38.911433 ], [ 1.2887012, 38.91140570000001 ], [ 1.2886569, 38.911398 ], [ 1.2886486, 38.9114265 ], [ 1.2886084, 38.9114202 ], [ 1.2885855, 38.911501 ] ] ] } },
{ "type": "Feature", "properties": { "id": "finca_00149", "lat": 38.9116805, "lon": 1.2896987, "surface_estimee_m2": 104.42346882428367, "distance_plus_proche_voisin_m": 93.949440612846246, "qualifiee_finca": true, "neighborhood": "Cala Molí" }, "geometry": { "type": "Polygon", "coordinates": [ [ [ 1.289692, 38.911748399999986 ], [ 1.2896165, 38.911704 ], [ 1.2897054, 38.911612600000019 ], [ 1.2897809, 38.911657 ], [ 1.289692, 38.911748399999986 ] ] ] } },
{ "type": "Feature", "properties": { "id": "finca_00150", "lat": 38.912600075733287, "lon": 1.29160381650934, "surface_estimee_m2": 109.81541447529401, "distance_plus_proche_voisin_m": 93.933417785977326, "qualifiee_finca": true, "neighborhood": "Cala Molí" }, "geometry": { "type": "Polygon", "coordinates": [ [ [ 1.2917318, 38.912652200000018 ], [ 1.2915636, 38.912635499999979 ], [ 1.2915408, 38.9125855 ], [ 1.2915102, 38.912582500000013 ], [ 1.2915154, 38.9125496 ], [ 1.2914979, 38.9125479 ], [ 1.2915025, 38.9125194 ], [ 1.2915337, 38.912522400000014 ], [ 1.2915313, 38.9125373 ], [ 1.2915504, 38.912539199999983 ], [ 1.2915479, 38.9125546 ], [ 1.2915962, 38.9125594 ], [ 1.291591, 38.9125913 ], [ 1.2916924, 38.9126012 ], [ 1.2916888, 38.9126228 ], [ 1.2917358, 38.9126274 ], [ 1.2917318, 38.912652200000018 ] ] ] } },
{ "type": "Feature", "properties": { "id": "finca_00151", "lat": 38.9153414, "lon": 1.29493685, "surface_estimee_m2": 100.10465621188057, "distance_plus_proche_voisin_m": 48.88174122303316, "qualifiee_finca": true, "neighborhood": "Cala Molí" }, "geometry": { "type": "Polygon", "coordinates": [ [ [ 1.2948604, 38.9153719 ], [ 1.2949399, 38.9154082 ], [ 1.2950133, 38.9153109 ], [ 1.2949338, 38.915274599999989 ], [ 1.2948604, 38.9153719 ] ] ] } },
{ "type": "Feature", "properties": { "id": "finca_00152", "lat": 38.914452683771955, "lon": 1.2956113507947673, "surface_estimee_m2": 102.31241275928538, "distance_plus_proche_voisin_m": 114.68436815097583, "qualifiee_finca": true, "neighborhood": "Cala Molí" }, "geometry": { "type": "Polygon", "coordinates": [ [ [ 1.2956147, 38.9145248 ], [ 1.295687, 38.9144944 ], [ 1.295608, 38.9143806 ], [ 1.2955357, 38.9144109 ], [ 1.2956147, 38.9145248 ] ] ] } },
{ "type": "Feature", "properties": { "id": "finca_00153", "lat": 38.922537664115708, "lon": 1.2758775726072005, "surface_estimee_m2": 90.990105786167589, "distance_plus_proche_voisin_m": 180.95187782008901, "qualifiee_finca": true, "neighborhood": "Cala Molí" }, "geometry": { "type": "Polygon", "coordinates": [ [ [ 1.2758233, 38.9225827 ], [ 1.2757963, 38.92252160000001 ], [ 1.2759226, 38.9224878 ], [ 1.2759557, 38.9225627 ], [ 1.2759021, 38.922577 ], [ 1.275896, 38.922563199999985 ], [ 1.2758233, 38.9225827 ] ] ] } },
{ "type": "Feature", "properties": { "id": "finca_00154", "lat": 38.922413325927288, "lon": 1.2841803878342912, "surface_estimee_m2": 97.737441876558947, "distance_plus_proche_voisin_m": 26.772190756140095, "qualifiee_finca": true, "neighborhood": "Bella Tarida" }, "geometry": { "type": "Polygon", "coordinates": [ [ [ 1.2841224, 38.9224575 ], [ 1.2842443, 38.9224522 ], [ 1.2842384, 38.9223692 ], [ 1.2841165, 38.9223744 ], [ 1.2841224, 38.9224575 ] ] ] } },
{ "type": "Feature", "properties": { "id": "finca_00155", "lat": 38.92266525, "lon": 1.28421355, "surface_estimee_m2": 81.038738452917457, "distance_plus_proche_voisin_m": 26.078876681130556, "qualifiee_finca": true, "neighborhood": "Bella Tarida" }, "geometry": { "type": "Polygon", "coordinates": [ [ [ 1.2841598, 38.9227054 ], [ 1.2842759, 38.922697 ], [ 1.2842673, 38.9226251 ], [ 1.2841512, 38.9226335 ], [ 1.2841598, 38.9227054 ] ] ] } },
{ "type": "Feature", "properties": { "id": "finca_00156", "lat": 38.919432852794102, "lon": 1.279407556157383, "surface_estimee_m2": 105.6221242499836, "distance_plus_proche_voisin_m": 169.16758022178769, "qualifiee_finca": true, "neighborhood": "Cala Molí" }, "geometry": { "type": "Polygon", "coordinates": [ [ [ 1.2793994, 38.9194989 ], [ 1.2794892, 38.919453 ], [ 1.2794128, 38.9193664 ], [ 1.2793269, 38.9194133 ], [ 1.2793819, 38.919477 ], [ 1.2793994, 38.9194989 ] ] ] } },
{ "type": "Feature", "properties": { "id": "finca_00157", "lat": 38.92256574388901, "lon": 1.2839410958586401, "surface_estimee_m2": 146.39778400945548, "distance_plus_proche_voisin_m": 26.078876681130556, "qualifiee_finca": true, "neighborhood": "Bella Tarida" }, "geometry": { "type": "Polygon", "coordinates": [ [ [ 1.2839014, 38.9226478 ], [ 1.2838773, 38.9224976 ], [ 1.283947, 38.922490299999986 ], [ 1.2840476, 38.922499699999982 ], [ 1.2840396, 38.9225279 ], [ 1.2839538, 38.9225247 ], [ 1.2839792, 38.922666600000014 ], [ 1.2839283, 38.9226708 ], [ 1.2839242, 38.9226468 ], [ 1.2839014, 38.9226478 ] ] ] } },
{ "type": "Feature", "properties": { "id": "finca_00158", "lat": 38.92342929471976, "lon": 1.2810127504680391, "surface_estimee_m2": 119.78217466793586, "distance_plus_proche_voisin_m": 47.625430780675345, "qualifiee_finca": true, "neighborhood": "Bella Tarida" }, "geometry": { "type": "Polygon", "coordinates": [ [ [ 1.280933, 38.9234421 ], [ 1.2809329, 38.923376 ], [ 1.2810571, 38.9233759 ], [ 1.2810573, 38.923445699999988 ], [ 1.2810896, 38.9234456 ], [ 1.2810897, 38.9234939 ], [ 1.2810059, 38.923494 ], [ 1.2810058, 38.923442 ], [ 1.280933, 38.9234421 ] ] ] } },
{ "type": "Feature", "properties": { "id": "finca_00159", "lat": 38.923006469596054, "lon": 1.2812667495805736, "surface_estimee_m2": 122.00096612323833, "distance_plus_proche_voisin_m": 14.325688219683139, "qualifiee_finca": true, "neighborhood": "Bella Tarida" }, "geometry": { "type": "Polygon", "coordinates": [ [ [ 1.2813241, 38.9230544 ], [ 1.2813496, 38.923045 ], [ 1.2813577, 38.9230283 ], [ 1.281355, 38.9230044 ], [ 1.2813362, 38.9229908 ], [ 1.2813255, 38.9229574 ], [ 1.2811994, 38.9229689 ], [ 1.2812021, 38.9230002 ], [ 1.2811645, 38.9230054 ], [ 1.2811697, 38.92303829999998 ], [ 1.2811712, 38.9230482 ], [ 1.281237, 38.923043 ], [ 1.281237, 38.9230252 ], [ 1.2812785, 38.923024199999986 ], [ 1.2812879, 38.9230388 ], [ 1.2813053, 38.9230544 ], [ 1.2813241, 38.9230544 ] ] ] } },
{ "type": "Feature", "properties": { "id": "finca_00160", "lat": 38.922872280680664, "lon": 1.2810160410806593, "surface_estimee_m2": 95.649506980631259, "distance_plus_proche_voisin_m": 16.579148820491774, "qualifiee_finca": true, "neighborhood": "Bella Tarida" }, "geometry": { "type": "Polygon", "coordinates": [ [ [ 1.2809835, 38.9229344 ], [ 1.2809647, 38.922818599999985 ], [ 1.2810519, 38.9228103 ], [ 1.2810639, 38.9229292 ], [ 1.2809835, 38.9229344 ] ] ] } },
{ "type": "Feature", "properties": { "id": "finca_00161", "lat": 38.923005879314438, "lon": 1.2811015360360403, "surface_estimee_m2": 97.363433107568511, "distance_plus_proche_voisin_m": 14.325688219683139, "qualifiee_finca": true, "neighborhood": "Bella Tarida" }, "geometry": { "type": "Polygon", "coordinates": [ [ [ 1.2811697, 38.92303829999998 ], [ 1.2810747, 38.9230419 ], [ 1.2810707, 38.923026299999982 ], [ 1.2810036, 38.9230304 ], [ 1.2809942, 38.9229908 ], [ 1.2811994, 38.9229689 ], [ 1.2812021, 38.9230002 ], [ 1.2811645, 38.9230054 ], [ 1.2811697, 38.92303829999998 ] ] ] } },
{ "type": "Feature", "properties": { "id": "finca_00162", "lat": 38.926991157322931, "lon": 1.273454329505241, "surface_estimee_m2": 51.341399085318997, "distance_plus_proche_voisin_m": 181.29608368102623, "qualifiee_finca": true, "neighborhood": "Bella Tarida" }, "geometry": { "type": "Polygon", "coordinates": [ [ [ 1.2734319, 38.927034 ], [ 1.2734064, 38.9269638 ], [ 1.2734767, 38.926948299999985 ], [ 1.2735023, 38.9270185 ], [ 1.2734319, 38.927034 ] ] ] } },
{ "type": "Feature", "properties": { "id": "finca_00163", "lat": 38.927224791389051, "lon": 1.2764319427224453, "surface_estimee_m2": 66.167679071710239, "distance_plus_proche_voisin_m": 79.473091443724741, "qualifiee_finca": true, "neighborhood": "Bella Tarida" }, "geometry": { "type": "Polygon", "coordinates": [ [ [ 1.2764532, 38.9272694 ], [ 1.2765122, 38.9272474 ], [ 1.276433, 38.9271859 ], [ 1.2763848, 38.9271869 ], [ 1.2763539, 38.927213 ], [ 1.2764532, 38.9272694 ] ] ] } },
{ "type": "Feature", "properties": { "id": "finca_00164", "lat": 38.927046938474732, "lon": 1.2755440741520858, "surface_estimee_m2": 125.5925074913134, "distance_plus_proche_voisin_m": 79.473091443724741, "qualifiee_finca": true, "neighborhood": "Bella Tarida" }, "geometry": { "type": "Polygon", "coordinates": [ [ [ 1.2754795, 38.927108699999977 ], [ 1.2755774, 38.9270565 ], [ 1.2756002, 38.927084699999988 ], [ 1.2756539, 38.9270544 ], [ 1.2755855, 38.9269824 ], [ 1.2754312, 38.927058600000016 ], [ 1.2754795, 38.927108699999977 ] ] ] } },
{ "type": "Feature", "properties": { "id": "finca_00165", "lat": 38.879445673777553, "lon": 1.2267670171785818, "surface_estimee_m2": 145.89677849025338, "distance_plus_proche_voisin_m": 111.40020418046875, "qualifiee_finca": true, "neighborhood": "Es Caló d'en Real" }, "geometry": { "type": "Polygon", "coordinates": [ [ [ 1.2267267, 38.8795176 ], [ 1.2268652, 38.8794622 ], [ 1.2268147, 38.8793856 ], [ 1.2267783, 38.8794002 ], [ 1.2267538, 38.8793631 ], [ 1.226731, 38.8793722 ], [ 1.2267511, 38.8794026 ], [ 1.2266717, 38.8794343 ], [ 1.2267267, 38.8795176 ] ] ] } },
{ "type": "Feature", "properties": { "id": "finca_00166", "lat": 38.96099255, "lon": 1.22877085, "surface_estimee_m2": 144.10453530308277, "distance_plus_proche_voisin_m": 245.43179537537378, "qualifiee_finca": true, "neighborhood": "Cala Corral" }, "geometry": { "type": "Polygon", "coordinates": [ [ [ 1.2286917, 38.9609469 ], [ 1.2287024, 38.9610477 ], [ 1.22885, 38.9610382 ], [ 1.2288393, 38.9609374 ], [ 1.2286917, 38.9609469 ] ] ] } },
{ "type": "Feature", "properties": { "id": "finca_00167", "lat": 38.92734125, "lon": 1.28337495, "surface_estimee_m2": 59.813281640593772, "distance_plus_proche_voisin_m": 135.90264634756824, "qualifiee_finca": true, "neighborhood": "Vista Mar" }, "geometry": { "type": "Polygon", "coordinates": [ [ [ 1.2834385, 38.927343400000012 ], [ 1.2833824, 38.9273904 ], [ 1.2833114, 38.9273391 ], [ 1.2833675, 38.9272921 ], [ 1.2834385, 38.927343400000012 ] ] ] } },
{ "type": "Feature", "properties": { "id": "finca_00168", "lat": 38.874175948262277, "lon": 1.2283658455124074, "surface_estimee_m2": 69.432976530016703, "distance_plus_proche_voisin_m": 564.20973413338083, "qualifiee_finca": true, "neighborhood": "Es Caló d'en Real" }, "geometry": { "type": "Polygon", "coordinates": [ [ [ 1.228401, 38.8741432 ], [ 1.2284128, 38.874154 ], [ 1.2284195, 38.8741671 ], [ 1.2284202, 38.8741812 ], [ 1.228415, 38.8741948 ], [ 1.2284044, 38.8742063 ], [ 1.2283896, 38.8742144 ], [ 1.2283721, 38.87421830000001 ], [ 1.2283542, 38.8742176 ], [ 1.2283376, 38.874212500000013 ], [ 1.2283239, 38.8742034 ], [ 1.2283148, 38.8741914 ], [ 1.2283111, 38.8741778 ], [ 1.2283133, 38.874163899999985 ], [ 1.2283211, 38.8741513 ], [ 1.2283337, 38.8741414 ], [ 1.2283498, 38.8741352 ], [ 1.2283675, 38.8741333 ], [ 1.2283853, 38.8741361 ], [ 1.228401, 38.8741432 ] ] ] } },
{ "type": "Feature", "properties": { "id": "finca_00169", "lat": 38.879638742955024, "lon": 1.2286359878711788, "surface_estimee_m2": 118.31680747508938, "distance_plus_proche_voisin_m": 47.498035705183511, "qualifiee_finca": true, "neighborhood": "Es Caló d'en Real" }, "geometry": { "type": "Polygon", "coordinates": [ [ [ 1.2286525, 38.879709099999985 ], [ 1.2287198, 38.8796375 ], [ 1.2286738, 38.8796099 ], [ 1.2286879, 38.879594799999978 ], [ 1.2286578, 38.8795686 ], [ 1.2286242, 38.8796016 ], [ 1.2285977, 38.8795892 ], [ 1.2285446, 38.8796388 ], [ 1.2286525, 38.879709099999985 ] ] ] } },
{ "type": "Feature", "properties": { "id": "finca_00170", "lat": 38.879244783136159, "lon": 1.2288496788229637, "surface_estimee_m2": 116.74753061321007, "distance_plus_proche_voisin_m": 47.498035705183511, "qualifiee_finca": true, "neighborhood": "Es Caló d'en Real" }, "geometry": { "type": "Polygon", "coordinates": [ [ [ 1.228831, 38.8793129 ], [ 1.2289391, 38.8792433 ], [ 1.2288683, 38.8791767 ], [ 1.2287603, 38.8792462 ], [ 1.228831, 38.8793129 ] ] ] } },
{ "type": "Feature", "properties": { "id": "finca_00171", "lat": 38.972757506413657, "lon": 1.2304516255064131, "surface_estimee_m2": 146.92813648322894, "distance_plus_proche_voisin_m": 901.863636936185, "qualifiee_finca": true, "neighborhood": "Port des Torrent" }, "geometry": { "type": "Polygon", "coordinates": [ [ [ 1.2303725, 38.9727614 ], [ 1.2303744, 38.9727713 ], [ 1.2303783, 38.9727809 ], [ 1.2303841, 38.972789799999987 ], [ 1.2303918, 38.97279790000001 ], [ 1.230401, 38.9728049 ], [ 1.2304116, 38.972810699999989 ], [ 1.2304232, 38.972815 ], [ 1.2304356, 38.9728179 ], [ 1.2304484, 38.9728191 ], [ 1.2304613, 38.9728187 ], [ 1.230474, 38.9728166 ], [ 1.230486, 38.972813 ], [ 1.2304972, 38.9728079 ], [ 1.2305071, 38.9728015 ], [ 1.2305156, 38.9727939 ], [ 1.2305223, 38.9727854 ], [ 1.2305272, 38.9727761 ], [ 1.2305301, 38.9727663 ], [ 1.2305309, 38.9727563 ], [ 1.2305295, 38.972746 ], [ 1.2305259, 38.9727361 ], [ 1.2305203, 38.9727267 ], [ 1.2305127, 38.972718299999983 ], [ 1.2305035, 38.9727109 ], [ 1.2304927, 38.972704799999988 ], [ 1.2304809, 38.9727002 ], [ 1.2304682, 38.9726972 ], [ 1.230455, 38.9726959 ], [ 1.2304417, 38.972696399999982 ], [ 1.2304288, 38.9726985 ], [ 1.2304164, 38.972702299999987 ], [ 1.2304051, 38.9727076 ], [ 1.230395, 38.9727144 ], [ 1.2303866, 38.9727223 ], [ 1.2303799, 38.9727312 ], [ 1.2303753, 38.9727409 ], [ 1.2303728, 38.972751 ], [ 1.2303725, 38.9727614 ] ] ] } },
{ "type": "Feature", "properties": { "id": "finca_00172", "lat": 38.8812491, "lon": 1.26186535, "surface_estimee_m2": 80.769046832440878, "distance_plus_proche_voisin_m": 214.18470120710552, "qualifiee_finca": true, "neighborhood": "Es Caló d'en Real" }, "geometry": { "type": "Polygon", "coordinates": [ [ [ 1.2617877, 38.881273399999984 ], [ 1.2618398, 38.8813111 ], [ 1.261943, 38.8812248 ], [ 1.2618909, 38.8811871 ], [ 1.2617877, 38.881273399999984 ] ] ] } },
{ "type": "Feature", "properties": { "id": "finca_00173", "lat": 38.973186962134953, "lon": 1.2848829257345025, "surface_estimee_m2": 54.93093326580464, "distance_plus_proche_voisin_m": 305.26782467387977, "qualifiee_finca": true, "neighborhood": "Vista Mar" }, "geometry": { "type": "Polygon", "coordinates": [ [ [ 1.2848257, 38.9731918 ], [ 1.2848236, 38.973154600000022 ], [ 1.2849173, 38.9731521 ], [ 1.2849188, 38.9731917 ], [ 1.2849296, 38.973198 ], [ 1.2849309, 38.9732436 ], [ 1.2849038, 38.9732445 ], [ 1.2849025, 38.9732042 ], [ 1.2848556, 38.9732054 ], [ 1.2848368, 38.9731913 ], [ 1.2848257, 38.9731918 ] ] ] } },
{ "type": "Feature", "properties": { "id": "finca_00174", "lat": 38.94131757044844, "lon": 1.2456916907324453, "surface_estimee_m2": 135.66935864314053, "distance_plus_proche_voisin_m": 131.79199603697867, "qualifiee_finca": true, "neighborhood": "Cala Corral" }, "geometry": { "type": "Polygon", "coordinates": [ [ [ 1.2456074, 38.941352 ], [ 1.2456452, 38.9412529 ], [ 1.245776, 38.9412832 ], [ 1.2457382, 38.941382199999978 ], [ 1.2456074, 38.941352 ] ] ] } },
{ "type": "Feature", "properties": { "id": "finca_00175", "lat": 38.941655920481111, "lon": 1.2479967537291485, "surface_estimee_m2": 79.16926320568146, "distance_plus_proche_voisin_m": 203.31947066539641, "qualifiee_finca": true, "neighborhood": "Cala Corral" }, "geometry": { "type": "Polygon", "coordinates": [ [ [ 1.2480207, 38.941710399999984 ], [ 1.2479129, 38.9416432 ], [ 1.2479521, 38.9416051 ], [ 1.2480093, 38.9416407 ], [ 1.2480276, 38.941622900000013 ], [ 1.2480783, 38.9416545 ], [ 1.2480207, 38.941710399999984 ] ] ] } },
{ "type": "Feature", "properties": { "id": "finca_00176", "lat": 38.941889395445237, "lon": 1.2443593201073517, "surface_estimee_m2": 85.666814004530366, "distance_plus_proche_voisin_m": 29.377199390194363, "qualifiee_finca": true, "neighborhood": "Cala Corral" }, "geometry": { "type": "Polygon", "coordinates": [ [ [ 1.2444287, 38.9419133 ], [ 1.2443209, 38.9419403 ], [ 1.2442899, 38.9418655 ], [ 1.2443978, 38.94183850000001 ], [ 1.2444287, 38.9419133 ] ] ] } },
{ "type": "Feature", "properties": { "id": "finca_00177", "lat": 38.94593345810074, "lon": 1.2329908056346901, "surface_estimee_m2": 94.709340633830649, "distance_plus_proche_voisin_m": 17.287267618533519, "qualifiee_finca": true, "neighborhood": "Cala Corral" }, "geometry": { "type": "Polygon", "coordinates": [ [ [ 1.233, 38.945984 ], [ 1.2329512, 38.9459945 ], [ 1.2329251, 38.9459044 ], [ 1.2330428, 38.9458802 ], [ 1.2330599, 38.9459283 ], [ 1.233, 38.945984 ] ] ] } },
{ "type": "Feature", "properties": { "id": "finca_00178", "lat": 38.944937483063974, "lon": 1.2385607511082486, "surface_estimee_m2": 113.78266334639804, "distance_plus_proche_voisin_m": 30.021337337653907, "qualifiee_finca": true, "neighborhood": "Cala Corral" }, "geometry": { "type": "Polygon", "coordinates": [ [ [ 1.2385561, 38.944868699999986 ], [ 1.2386453, 38.9449169 ], [ 1.2385654, 38.9450063 ], [ 1.2384762, 38.944958 ], [ 1.2385561, 38.944868699999986 ] ] ] } },
{ "type": "Feature", "properties": { "id": "finca_00179", "lat": 38.964834963853953, "lon": 1.299972124870943, "surface_estimee_m2": 147.15912487168995, "distance_plus_proche_voisin_m": 202.84407483910658, "qualifiee_finca": true, "neighborhood": "Vista Mar" }, "geometry": { "type": "Polygon", "coordinates": [ [ [ 1.2998721, 38.964851 ], [ 1.2998743, 38.9647864 ], [ 1.30005, 38.96479 ], [ 1.3000462, 38.964900499999985 ], [ 1.2999604, 38.9648987 ], [ 1.299962, 38.9648529 ], [ 1.2998721, 38.964851 ] ] ] } },
{ "type": "Feature", "properties": { "id": "finca_00180", "lat": 38.911042288773096, "lon": 1.299581326864367, "surface_estimee_m2": 88.750304830396757, "distance_plus_proche_voisin_m": 501.17833386219706, "qualifiee_finca": true, "neighborhood": "Cala Molí" }, "geometry": { "type": "Polygon", "coordinates": [ [ [ 1.2994716, 38.911025299999984 ], [ 1.2996121, 38.9110133 ], [ 1.2996141, 38.9110277 ], [ 1.2996883, 38.9110214 ], [ 1.2996942, 38.9110626 ], [ 1.2996226, 38.9110687 ], [ 1.2996209, 38.9110564 ], [ 1.2994778, 38.9110686 ], [ 1.2994716, 38.911025299999984 ] ] ] } },
{ "type": "Feature", "properties": { "id": "finca_00181", "lat": 38.91177865, "lon": 1.2908035, "surface_estimee_m2": 136.45343998970293, "distance_plus_proche_voisin_m": 96.428664869946019, "qualifiee_finca": true, "neighborhood": "Cala Molí" }, "geometry": { "type": "Polygon", "coordinates": [ [ [ 1.2908569, 38.9118424 ], [ 1.2907092, 38.9117988 ], [ 1.2907501, 38.9117149 ], [ 1.2908978, 38.911758499999983 ], [ 1.2908569, 38.9118424 ] ] ] } },
{ "type": "Feature", "properties": { "id": "finca_00182", "lat": 38.916261857682635, "lon": 1.2979489084932814, "surface_estimee_m2": 145.71457213792095, "distance_plus_proche_voisin_m": 167.97134171060696, "qualifiee_finca": true, "neighborhood": "Cala Molí" }, "geometry": { "type": "Polygon", "coordinates": [ [ [ 1.2979064, 38.9162881 ], [ 1.2978702, 38.916282599999988 ], [ 1.2978917, 38.916196100000015 ], [ 1.2980261, 38.9162163 ], [ 1.2979972, 38.916333 ], [ 1.297899, 38.9163182 ], [ 1.2979064, 38.9162881 ] ] ] } },
{ "type": "Feature", "properties": { "id": "finca_00183", "lat": 38.912825053621283, "lon": 1.2905596334583087, "surface_estimee_m2": 87.614572397547519, "distance_plus_proche_voisin_m": 84.185459740768607, "qualifiee_finca": true, "neighborhood": "Cala Molí" }, "geometry": { "type": "Polygon", "coordinates": [ [ [ 1.2904843, 38.9128088 ], [ 1.2905575, 38.9127642 ], [ 1.290635, 38.912841299999982 ], [ 1.2905617, 38.9128859 ], [ 1.2904843, 38.9128088 ] ] ] } },
{ "type": "Feature", "properties": { "id": "finca_00184", "lat": 38.906708022278714, "lon": 1.2942725933075794, "surface_estimee_m2": 98.634160165222056, "distance_plus_proche_voisin_m": 154.26801851224826, "qualifiee_finca": true, "neighborhood": "Cala Molí" }, "geometry": { "type": "Polygon", "coordinates": [ [ [ 1.2943299, 38.90666 ], [ 1.2943085, 38.9067673 ], [ 1.2942153, 38.9067561 ], [ 1.2942367, 38.9066487 ], [ 1.2943299, 38.90666 ] ] ] } },
{ "type": "Feature", "properties": { "id": "finca_00185", "lat": 38.9050497, "lon": 1.28523485, "surface_estimee_m2": 142.10390238772851, "distance_plus_proche_voisin_m": 63.249923456326329, "qualifiee_finca": true, "neighborhood": "Cala Molí" }, "geometry": { "type": "Polygon", "coordinates": [ [ [ 1.285245, 38.9049643 ], [ 1.2853142, 38.9051092 ], [ 1.2852247, 38.9051351 ], [ 1.2851555, 38.9049902 ], [ 1.285245, 38.9049643 ] ] ] } },
{ "type": "Feature", "properties": { "id": "finca_00186", "lat": 38.905608651342469, "lon": 1.2850930833959759, "surface_estimee_m2": 119.03960094617401, "distance_plus_proche_voisin_m": 63.249923456326329, "qualifiee_finca": true, "neighborhood": "Cala Molí" }, "geometry": { "type": "Polygon", "coordinates": [ [ [ 1.2850898, 38.905539 ], [ 1.2851822, 38.9056158 ], [ 1.2850963, 38.905678299999984 ], [ 1.285004, 38.9056015 ], [ 1.2850898, 38.905539 ] ] ] } },
{ "type": "Feature", "properties": { "id": "finca_00187", "lat": 38.912978976339097, "lon": 1.2940667828045891, "surface_estimee_m2": 142.91575039131641, "distance_plus_proche_voisin_m": 211.4234951151131, "qualifiee_finca": true, "neighborhood": "Cala Molí" }, "geometry": { "type": "Polygon", "coordinates": [ [ [ 1.2941806, 38.9130156 ], [ 1.2939689, 38.9130199 ], [ 1.2939671, 38.9129656 ], [ 1.29401, 38.9129648 ], [ 1.2940083, 38.912914699999988 ], [ 1.2940753, 38.9129134 ], [ 1.294077, 38.91296340000001 ], [ 1.2941788, 38.9129614 ], [ 1.2941806, 38.9130156 ] ] ] } },
{ "type": "Feature", "properties": { "id": "finca_00188", "lat": 38.91288199713275, "lon": 1.2855664690036579, "surface_estimee_m2": 119.81535174174471, "distance_plus_proche_voisin_m": 181.45190910156575, "qualifiee_finca": true, "neighborhood": "Cala Molí" }, "geometry": { "type": "Polygon", "coordinates": [ [ [ 1.2855626, 38.9128151 ], [ 1.2855941, 38.912860199999969 ], [ 1.2856158, 38.912851 ], [ 1.285659, 38.9129129 ], [ 1.2855916, 38.9129413 ], [ 1.285577, 38.912920399999983 ], [ 1.2855376, 38.912937 ], [ 1.2854776, 38.9128509 ], [ 1.2855626, 38.9128151 ] ] ] } },
{ "type": "Feature", "properties": { "id": "finca_00189", "lat": 38.915354753036731, "lon": 1.2891855101783325, "surface_estimee_m2": 141.16674310070582, "distance_plus_proche_voisin_m": 46.877066533856379, "qualifiee_finca": true, "neighborhood": "Cala Molí" }, "geometry": { "type": "Polygon", "coordinates": [ [ [ 1.2892387, 38.9153336 ], [ 1.2892656, 38.9153227 ], [ 1.289293, 38.9153635 ], [ 1.2891465, 38.915423299999986 ], [ 1.2890879, 38.9153364 ], [ 1.2892076, 38.9152875 ], [ 1.2892387, 38.9153336 ] ] ] } },
{ "type": "Feature", "properties": { "id": "finca_00190", "lat": 38.914927202664131, "lon": 1.287847431136391, "surface_estimee_m2": 75.572508443758338, "distance_plus_proche_voisin_m": 41.281953305787653, "qualifiee_finca": true, "neighborhood": "Cala Molí" }, "geometry": { "type": "Polygon", "coordinates": [ [ [ 1.2878869, 38.91487930000001 ], [ 1.2879186, 38.9149403 ], [ 1.2878079, 38.9149751 ], [ 1.2877763, 38.9149141 ], [ 1.2878869, 38.91487930000001 ] ] ] } },
{ "type": "Feature", "properties": { "id": "finca_00191", "lat": 38.91486005, "lon": 1.28831565, "surface_estimee_m2": 51.865644351842661, "distance_plus_proche_voisin_m": 41.281953305787653, "qualifiee_finca": true, "neighborhood": "Cala Molí" }, "geometry": { "type": "Polygon", "coordinates": [ [ [ 1.2883515, 38.9148192 ], [ 1.2883791, 38.9148629 ], [ 1.2882798, 38.914900900000021 ], [ 1.2882522, 38.9148572 ], [ 1.2883515, 38.9148192 ] ] ] } },
{ "type": "Feature", "properties": { "id": "finca_00192", "lat": 38.9147706, "lon": 1.28931745, "surface_estimee_m2": 118.73427083288507, "distance_plus_proche_voisin_m": 55.041411160511764, "qualifiee_finca": true, "neighborhood": "Cala Molí" }, "geometry": { "type": "Polygon", "coordinates": [ [ [ 1.2893206, 38.9146995 ], [ 1.2894031, 38.9147953 ], [ 1.2893143, 38.9148417 ], [ 1.2892318, 38.9147459 ], [ 1.2893206, 38.9146995 ] ] ] } },
{ "type": "Feature", "properties": { "id": "finca_00193", "lat": 38.915179162193205, "lon": 1.289677136759531, "surface_estimee_m2": 70.371422351198433, "distance_plus_proche_voisin_m": 46.877066533856379, "qualifiee_finca": true, "neighborhood": "Cala Molí" }, "geometry": { "type": "Polygon", "coordinates": [ [ [ 1.2896135, 38.9151449 ], [ 1.2897277, 38.9151425 ], [ 1.2897298, 38.9152029 ], [ 1.2897014, 38.9152035 ], [ 1.2897023, 38.9152286 ], [ 1.2896514, 38.915229699999983 ], [ 1.2896496, 38.9151796 ], [ 1.2896148, 38.9151804 ], [ 1.2896135, 38.9151449 ] ] ] } },
{ "type": "Feature", "properties": { "id": "finca_00194", "lat": 38.922590810834542, "lon": 1.2894836183634424, "surface_estimee_m2": 148.85783478471851, "distance_plus_proche_voisin_m": 84.053403651600249, "qualifiee_finca": true, "neighborhood": "Bella Tarida" }, "geometry": { "type": "Polygon", "coordinates": [ [ [ 1.289455, 38.9225429 ], [ 1.2895628, 38.9225273 ], [ 1.2895824, 38.9226101 ], [ 1.2894994, 38.922622 ], [ 1.2895023, 38.9226341 ], [ 1.289383, 38.9226513 ], [ 1.2893725, 38.9226069 ], [ 1.2894191, 38.9226002 ], [ 1.2894115, 38.9225679 ], [ 1.2894593, 38.922561 ], [ 1.289455, 38.9225429 ] ] ] } },
{ "type": "Feature", "properties": { "id": "finca_00195", "lat": 38.921577054939654, "lon": 1.2852050241902959, "surface_estimee_m2": 148.45613249223737, "distance_plus_proche_voisin_m": 41.428723008445225, "qualifiee_finca": true, "neighborhood": "Bella Tarida" }, "geometry": { "type": "Polygon", "coordinates": [ [ [ 1.2851218, 38.921622 ], [ 1.2851276, 38.921526199999988 ], [ 1.2852882, 38.9215321 ], [ 1.2852825, 38.9216279 ], [ 1.2851218, 38.921622 ] ] ] } },
{ "type": "Feature", "properties": { "id": "finca_00196", "lat": 38.921843150294329, "lon": 1.2855400523037006, "surface_estimee_m2": 110.75580359178078, "distance_plus_proche_voisin_m": 41.428723008445225, "qualifiee_finca": true, "neighborhood": "Bella Tarida" }, "geometry": { "type": "Polygon", "coordinates": [ [ [ 1.2854341, 38.9218509 ], [ 1.2854587, 38.921792 ], [ 1.2856479, 38.921840100000011 ], [ 1.2856254, 38.9218937 ], [ 1.2854842, 38.921857899999985 ], [ 1.285482, 38.9218631 ], [ 1.2854341, 38.9218509 ] ] ] } },
{ "type": "Feature", "properties": { "id": "finca_00197", "lat": 38.919043044533105, "lon": 1.2900820297775464, "surface_estimee_m2": 88.450494925077464, "distance_plus_proche_voisin_m": 46.716718034107615, "qualifiee_finca": true, "neighborhood": "Cala Molí" }, "geometry": { "type": "Polygon", "coordinates": [ [ [ 1.2901498, 38.9190148 ], [ 1.2901167, 38.9190964 ], [ 1.2900143, 38.9190713 ], [ 1.2900473, 38.9189897 ], [ 1.2901498, 38.9190148 ] ] ] } },
{ "type": "Feature", "properties": { "id": "finca_00198", "lat": 38.918726694402352, "lon": 1.2897266955266655, "surface_estimee_m2": 54.101021660262319, "distance_plus_proche_voisin_m": 46.716718034107615, "qualifiee_finca": true, "neighborhood": "Cala Molí" }, "geometry": { "type": "Polygon", "coordinates": [ [ [ 1.2897986, 38.9187087 ], [ 1.2897825, 38.9187473 ], [ 1.2897461, 38.9187381 ], [ 1.2897366, 38.9187608 ], [ 1.2896542, 38.918739899999984 ], [ 1.2896703, 38.9187013 ], [ 1.2897309, 38.9187166 ], [ 1.2897404, 38.918694 ], [ 1.2897986, 38.9187087 ] ] ] } },
{ "type": "Feature", "properties": { "id": "finca_00199", "lat": 38.8638603, "lon": 1.29997425, "surface_estimee_m2": 84.066317789005794, "distance_plus_proche_voisin_m": 60.086877692573147, "qualifiee_finca": true, "neighborhood": "Cala Molí" }, "geometry": { "type": "Polygon", "coordinates": [ [ [ 1.2999932, 38.8638023 ], [ 1.3000389, 38.863892699999987 ], [ 1.2999553, 38.8639183 ], [ 1.2999096, 38.8638279 ], [ 1.2999932, 38.8638023 ] ] ] } },
{ "type": "Feature", "properties": { "id": "finca_00200", "lat": 38.8634934, "lon": 1.29946515, "surface_estimee_m2": 105.8115898166046, "distance_plus_proche_voisin_m": 60.086877692573147, "qualifiee_finca": true, "neighborhood": "Cala Molí" }, "geometry": { "type": "Polygon", "coordinates": [ [ [ 1.2993783, 38.8635047 ], [ 1.2994879, 38.863427199999983 ], [ 1.299552, 38.863482099999985 ], [ 1.2994424, 38.8635596 ], [ 1.2993783, 38.8635047 ] ] ] } },
{ "type": "Feature", "properties": { "id": "finca_00201", "lat": 38.88432761910807, "lon": 1.2984452466255765, "surface_estimee_m2": 69.409291041236983, "distance_plus_proche_voisin_m": 95.849807824688625, "qualifiee_finca": true, "neighborhood": "Cala Molí" }, "geometry": { "type": "Polygon", "coordinates": [ [ [ 1.298391, 38.884366899999989 ], [ 1.2984318, 38.8842709 ], [ 1.2984995, 38.8842884 ], [ 1.2984587, 38.884384299999979 ], [ 1.298391, 38.884366899999989 ] ] ] } },
{ "type": "Feature", "properties": { "id": "finca_00202", "lat": 38.884988924248624, "lon": 1.2991557079671139, "surface_estimee_m2": 83.985690833328334, "distance_plus_proche_voisin_m": 95.849807824688625, "qualifiee_finca": true, "neighborhood": "Cala Molí" }, "geometry": { "type": "Polygon", "coordinates": [ [ [ 1.2991121, 38.8850249 ], [ 1.2990724, 38.8849828 ], [ 1.2991606, 38.8849325 ], [ 1.2992361, 38.8850126 ], [ 1.2991845, 38.885042 ], [ 1.2991487, 38.885004 ], [ 1.2991121, 38.8850249 ] ] ] } },
{ "type": "Feature", "properties": { "id": "finca_00203", "lat": 38.886059380543863, "lon": 1.2993450952953638, "surface_estimee_m2": 56.037164447038592, "distance_plus_proche_voisin_m": 119.94978494710151, "qualifiee_finca": true, "neighborhood": "Cala Molí" }, "geometry": { "type": "Polygon", "coordinates": [ [ [ 1.2993466, 38.8860442 ], [ 1.2993559, 38.8860215 ], [ 1.2994047, 38.8860334 ], [ 1.2993785, 38.886098 ], [ 1.2992785, 38.8860735 ], [ 1.2992954, 38.8860317 ], [ 1.2993466, 38.8860442 ] ] ] } },
{ "type": "Feature", "properties": { "id": "finca_00204", "lat": 38.8878011, "lon": 1.29873835, "surface_estimee_m2": 71.036708911649839, "distance_plus_proche_voisin_m": 200.36605447654006, "qualifiee_finca": true, "neighborhood": "Cala Molí" }, "geometry": { "type": "Polygon", "coordinates": [ [ [ 1.2986679, 38.8878045 ], [ 1.2987123, 38.88775 ], [ 1.2988088, 38.8877977 ], [ 1.2987644, 38.887852199999983 ], [ 1.2986679, 38.8878045 ] ] ] } },
{ "type": "Feature", "properties": { "id": "finca_00205", "lat": 38.887698190472506, "lon": 1.2951352754327041, "surface_estimee_m2": 91.598909483779721, "distance_plus_proche_voisin_m": 312.78155080216209, "qualifiee_finca": true, "neighborhood": "Cala Molí" }, "geometry": { "type": "Polygon", "coordinates": [ [ [ 1.2951825, 38.8876469 ], [ 1.2951792, 38.8877512 ], [ 1.2950881, 38.8877495 ], [ 1.2950913, 38.887645199999973 ], [ 1.2951825, 38.8876469 ] ] ] } },
{ "type": "Feature", "properties": { "id": "finca_00206", "lat": 38.878458769646564, "lon": 1.288807460580857, "surface_estimee_m2": 148.32408918264557, "distance_plus_proche_voisin_m": 170.55020837451667, "qualifiee_finca": true, "neighborhood": "Cala Molí" }, "geometry": { "type": "Polygon", "coordinates": [ [ [ 1.288696, 38.8785137 ], [ 1.2887642, 38.8784568 ], [ 1.2887563, 38.878451 ], [ 1.2888567, 38.8783672 ], [ 1.2889184, 38.878412 ], [ 1.2887498, 38.8785528 ], [ 1.288696, 38.8785137 ] ] ] } },
{ "type": "Feature", "properties": { "id": "finca_00207", "lat": 38.884054882470238, "lon": 1.2938165600065845, "surface_estimee_m2": 130.5559982947679, "distance_plus_proche_voisin_m": 141.98704788550739, "qualifiee_finca": true, "neighborhood": "Cala Molí" }, "geometry": { "type": "Polygon", "coordinates": [ [ [ 1.2939122, 38.8840466 ], [ 1.2938591, 38.8841221 ], [ 1.2937209, 38.884063099999977 ], [ 1.293774, 38.8839877 ], [ 1.2939122, 38.8840466 ] ] ] } },
{ "type": "Feature", "properties": { "id": "finca_00208", "lat": 38.88308624754027, "lon": 1.2954033684174608, "surface_estimee_m2": 56.758867351965279, "distance_plus_proche_voisin_m": 142.10705355748883, "qualifiee_finca": true, "neighborhood": "Cala Molí" }, "geometry": { "type": "Polygon", "coordinates": [ [ [ 1.2954649, 38.883096399999978 ], [ 1.2953729, 38.8831291 ], [ 1.2953418, 38.8830761 ], [ 1.2954339, 38.8830434 ], [ 1.2954649, 38.883096399999978 ] ] ] } },
{ "type": "Feature", "properties": { "id": "finca_00209", "lat": 38.878354318138769, "lon": 1.2958600354417651, "surface_estimee_m2": 83.234089475790057, "distance_plus_proche_voisin_m": 280.09361138944138, "qualifiee_finca": true, "neighborhood": "Cala Molí" }, "geometry": { "type": "Polygon", "coordinates": [ [ [ 1.2958084, 38.8783961 ], [ 1.2958045, 38.878315599999986 ], [ 1.2959117, 38.8783125 ], [ 1.2959155, 38.8783931 ], [ 1.2958084, 38.8783961 ] ] ] } },
{ "type": "Feature", "properties": { "id": "finca_00210", "lat": 38.882567203935892, "lon": 1.2939060462639698, "surface_estimee_m2": 111.78641205281453, "distance_plus_proche_voisin_m": 118.17083399158759, "qualifiee_finca": true, "neighborhood": "Cala Molí" }, "geometry": { "type": "Polygon", "coordinates": [ [ [ 1.2938291, 38.882535800000014 ], [ 1.2938561, 38.8826031 ], [ 1.2938724, 38.8826158 ], [ 1.2938915, 38.8826224 ], [ 1.293995, 38.8825887 ], [ 1.2939851, 38.8825601 ], [ 1.2939553, 38.882538 ], [ 1.2938653, 38.882511 ], [ 1.2938291, 38.882535800000014 ] ] ] } },
{ "type": "Feature", "properties": { "id": "finca_00211", "lat": 38.88275328317814, "lon": 1.2922619994890965, "surface_estimee_m2": 117.63040996610306, "distance_plus_proche_voisin_m": 47.43255732945839, "qualifiee_finca": true, "neighborhood": "Cala Molí" }, "geometry": { "type": "Polygon", "coordinates": [ [ [ 1.2921769, 38.882727400000014 ], [ 1.2922642, 38.8826822 ], [ 1.2923471, 38.8827791 ], [ 1.2922598, 38.8828244 ], [ 1.2921769, 38.882727400000014 ] ] ] } },
{ "type": "Feature", "properties": { "id": "finca_00212", "lat": 38.883262097510389, "lon": 1.2918398481695528, "surface_estimee_m2": 134.1731496987961, "distance_plus_proche_voisin_m": 64.859483432715223, "qualifiee_finca": true, "neighborhood": "Cala Molí" }, "geometry": { "type": "Polygon", "coordinates": [ [ [ 1.2917339, 38.8832504 ], [ 1.2918863, 38.883330499999978 ], [ 1.2919516, 38.8832817 ], [ 1.2919131, 38.8832504 ], [ 1.2918879, 38.8832673 ], [ 1.2918754, 38.883255600000012 ], [ 1.2918905, 38.8832335 ], [ 1.2917724, 38.88319629999998 ], [ 1.2917339, 38.8832504 ] ] ] } },
{ "type": "Feature", "properties": { "id": "finca_00213", "lat": 38.883110591373971, "lon": 1.2925618772556513, "surface_estimee_m2": 83.802330462863765, "distance_plus_proche_voisin_m": 14.376411531391792, "qualifiee_finca": true, "neighborhood": "Cala Molí" }, "geometry": { "type": "Polygon", "coordinates": [ [ [ 1.2925153, 38.8831436 ], [ 1.2925207, 38.8831171 ], [ 1.2924893, 38.8831133 ], [ 1.2924984, 38.8830685 ], [ 1.2926292, 38.8830846 ], [ 1.2926147, 38.8831559 ], [ 1.2925153, 38.8831436 ] ] ] } },
{ "type": "Feature", "properties": { "id": "finca_00214", "lat": 38.883100339393472, "lon": 1.2927270653299301, "surface_estimee_m2": 78.788694450973878, "distance_plus_proche_voisin_m": 14.376411531391792, "qualifiee_finca": true, "neighborhood": "Cala Molí" }, "geometry": { "type": "Polygon", "coordinates": [ [ [ 1.2926608, 38.8831436 ], [ 1.2926688, 38.8831007 ], [ 1.2927082, 38.883105099999987 ], [ 1.2927215, 38.8830335 ], [ 1.2927767, 38.883039799999985 ], [ 1.2927554, 38.8831543 ], [ 1.2926608, 38.8831436 ] ] ] } },
{ "type": "Feature", "properties": { "id": "finca_00215", "lat": 38.883250097473159, "lon": 1.2884960731596398, "surface_estimee_m2": 116.39389951294278, "distance_plus_proche_voisin_m": 38.895362081213776, "qualifiee_finca": true, "neighborhood": "Cala Molí" }, "geometry": { "type": "Polygon", "coordinates": [ [ [ 1.2884891, 38.88320310000001 ], [ 1.2885898, 38.88323290000001 ], [ 1.2885542, 38.8833059 ], [ 1.2883948, 38.8832587 ], [ 1.2884216, 38.883204 ], [ 1.2884802, 38.88322130000001 ], [ 1.2884891, 38.88320310000001 ] ] ] } },
{ "type": "Feature", "properties": { "id": "finca_00216", "lat": 38.88260925, "lon": 1.28812225, "surface_estimee_m2": 66.876329068627257, "distance_plus_proche_voisin_m": 54.203046073486796, "qualifiee_finca": true, "neighborhood": "Cala Molí" }, "geometry": { "type": "Polygon", "coordinates": [ [ [ 1.2880554, 38.8826094 ], [ 1.2881262, 38.882557299999988 ], [ 1.2881891, 38.88260910000001 ], [ 1.2881183, 38.8826612 ], [ 1.2880554, 38.8826094 ] ] ] } },
{ "type": "Feature", "properties": { "id": "finca_00217", "lat": 38.88291175000001, "lon": 1.2886127, "surface_estimee_m2": 66.593386505983204, "distance_plus_proche_voisin_m": 38.895362081213776, "qualifiee_finca": true, "neighborhood": "Cala Molí" }, "geometry": { "type": "Polygon", "coordinates": [ [ [ 1.2885623, 38.8829458 ], [ 1.2885657, 38.8828749 ], [ 1.2886631, 38.8828777 ], [ 1.2886597, 38.8829486 ], [ 1.2885623, 38.8829458 ] ] ] } },
{ "type": "Feature", "properties": { "id": "finca_00218", "lat": 38.8832986, "lon": 1.28480625, "surface_estimee_m2": 86.953227434241157, "distance_plus_proche_voisin_m": 297.69084276525416, "qualifiee_finca": true, "neighborhood": "Cala Molí" }, "geometry": { "type": "Polygon", "coordinates": [ [ [ 1.2848123, 38.8832374 ], [ 1.2848774, 38.8833251 ], [ 1.2848002, 38.8833598 ], [ 1.2847351, 38.8832721 ], [ 1.2848123, 38.8832374 ] ] ] } },
{ "type": "Feature", "properties": { "id": "finca_00219", "lat": 38.889816848514492, "lon": 1.2858111358751356, "surface_estimee_m2": 116.99870495142807, "distance_plus_proche_voisin_m": 16.091013625579645, "qualifiee_finca": true, "neighborhood": "Cala Molí" }, "geometry": { "type": "Polygon", "coordinates": [ [ [ 1.2857206, 38.8898566 ], [ 1.2857415, 38.8898017 ], [ 1.2857944, 38.889813900000014 ], [ 1.2858235, 38.8897375 ], [ 1.2858865, 38.889752 ], [ 1.2858364, 38.8898833 ], [ 1.2857206, 38.8898566 ] ] ] } },
{ "type": "Feature", "properties": { "id": "finca_00220", "lat": 38.8901893, "lon": 1.28608365, "surface_estimee_m2": 129.80578234703111, "distance_plus_proche_voisin_m": 47.623671025706642, "qualifiee_finca": true, "neighborhood": "Cala Molí" }, "geometry": { "type": "Polygon", "coordinates": [ [ [ 1.2860021, 38.8901544 ], [ 1.2861263, 38.8901249 ], [ 1.2861652, 38.8902242 ], [ 1.286041, 38.8902537 ], [ 1.2860021, 38.8901544 ] ] ] } },
{ "type": "Feature", "properties": { "id": "finca_00221", "lat": 38.889297366310352, "lon": 1.2857948459195476, "surface_estimee_m2": 95.34200214046588, "distance_plus_proche_voisin_m": 20.195267992441064, "qualifiee_finca": true, "neighborhood": "Cala Molí" }, "geometry": { "type": "Polygon", "coordinates": [ [ [ 1.2857888, 38.8892984 ], [ 1.2857688, 38.8893197 ], [ 1.2858177, 38.889347599999986 ], [ 1.2857942, 38.8893725 ], [ 1.2857129, 38.8893262 ], [ 1.2858041, 38.8892291 ], [ 1.2858775, 38.8892709 ], [ 1.2858297, 38.8893217 ], [ 1.2857888, 38.8892984 ] ] ] } },
{ "type": "Feature", "properties": { "id": "finca_00222", "lat": 38.889354697342746, "lon": 1.2855739074467278, "surface_estimee_m2": 89.83863780834092, "distance_plus_proche_voisin_m": 20.195267992441064, "qualifiee_finca": true, "neighborhood": "Cala Molí" }, "geometry": { "type": "Polygon", "coordinates": [ [ [ 1.2855955, 38.889283 ], [ 1.2856516, 38.8893126 ], [ 1.2855524, 38.8894264 ], [ 1.2854962, 38.8893967 ], [ 1.2855955, 38.889283 ] ] ] } },
{ "type": "Feature", "properties": { "id": "finca_00223", "lat": 38.88987925738143, "lon": 1.2856437167147323, "surface_estimee_m2": 62.287438543193119, "distance_plus_proche_voisin_m": 16.091013625579645, "qualifiee_finca": true, "neighborhood": "Cala Molí" }, "geometry": { "type": "Polygon", "coordinates": [ [ [ 1.2856434, 38.8898255 ], [ 1.2857037, 38.8898526 ], [ 1.2856441, 38.889933 ], [ 1.2855837, 38.889905899999988 ], [ 1.2856434, 38.8898255 ] ] ] } },
{ "type": "Feature", "properties": { "id": "finca_00224", "lat": 38.88858962532926, "lon": 1.2881538619998976, "surface_estimee_m2": 65.067372167489367, "distance_plus_proche_voisin_m": 59.680474675533752, "qualifiee_finca": true, "neighborhood": "Cala Molí" }, "geometry": { "type": "Polygon", "coordinates": [ [ [ 1.288208, 38.8886186 ], [ 1.2880971, 38.8886224 ], [ 1.288094, 38.888568199999987 ], [ 1.2881502, 38.8885663 ], [ 1.2881495, 38.8885529 ], [ 1.2882042, 38.888551 ], [ 1.288208, 38.8886186 ] ] ] } },
{ "type": "Feature", "properties": { "id": "finca_00225", "lat": 38.888417598722917, "lon": 1.2888056505447969, "surface_estimee_m2": 149.57218626039469, "distance_plus_proche_voisin_m": 35.923017455943977, "qualifiee_finca": true, "neighborhood": "Cala Molí" }, "geometry": { "type": "Polygon", "coordinates": [ [ [ 1.2889029, 38.888417 ], [ 1.2888209, 38.8884577 ], [ 1.2888373, 38.8884777 ], [ 1.2887878, 38.8885023 ], [ 1.2887087, 38.8884059 ], [ 1.2888401, 38.8883406 ], [ 1.2889029, 38.888417 ] ] ] } },
{ "type": "Feature", "properties": { "id": "finca_00226", "lat": 38.888105419904157, "lon": 1.2889148448935759, "surface_estimee_m2": 109.22149569426747, "distance_plus_proche_voisin_m": 35.923017455943977, "qualifiee_finca": true, "neighborhood": "Cala Molí" }, "geometry": { "type": "Polygon", "coordinates": [ [ [ 1.288936, 38.888058099999981 ], [ 1.2890105, 38.8880916 ], [ 1.28896, 38.8881596 ], [ 1.2888827, 38.8881249 ], [ 1.2888692, 38.8881429 ], [ 1.2888149, 38.8881185 ], [ 1.2888602, 38.8880575 ], [ 1.2889175, 38.888083199999983 ], [ 1.288936, 38.888058099999981 ] ] ] } },
{ "type": "Feature", "properties": { "id": "finca_00227", "lat": 38.88683885, "lon": 1.28587585, "surface_estimee_m2": 120.30460208505453, "distance_plus_proche_voisin_m": 272.98369811691464, "qualifiee_finca": true, "neighborhood": "Cala Molí" }, "geometry": { "type": "Polygon", "coordinates": [ [ [ 1.2859635, 38.8868541 ], [ 1.2858654, 38.8869083 ], [ 1.2857882, 38.886823599999985 ], [ 1.2858863, 38.886769399999984 ], [ 1.2859635, 38.8868541 ] ] ] } },
{ "type": "Feature", "properties": { "id": "finca_00228", "lat": 38.887397696256102, "lon": 1.2820774259565288, "surface_estimee_m2": 145.93793507689463, "distance_plus_proche_voisin_m": 94.254910505648084, "qualifiee_finca": true, "neighborhood": "Cala Molí" }, "geometry": { "type": "Polygon", "coordinates": [ [ [ 1.2820079, 38.8874169 ], [ 1.2820323, 38.8874071 ], [ 1.2820002, 38.8873585 ], [ 1.2821021, 38.8873178 ], [ 1.2821658, 38.8874143 ], [ 1.2820894, 38.8874449 ], [ 1.2821024, 38.8874647 ], [ 1.2820526, 38.887484600000015 ], [ 1.2820079, 38.8874169 ] ] ] } },
{ "type": "Feature", "properties": { "id": "finca_00229", "lat": 38.888348857351929, "lon": 1.2818676211271596, "surface_estimee_m2": 120.28199273943171, "distance_plus_proche_voisin_m": 14.836983465903144, "qualifiee_finca": true, "neighborhood": "Cala Molí" }, "geometry": { "type": "Polygon", "coordinates": [ [ [ 1.2819372, 38.888327099999984 ], [ 1.2819405, 38.8883938 ], [ 1.2817932, 38.8883982 ], [ 1.2817917, 38.8883669 ], [ 1.2818158, 38.8883662 ], [ 1.2818121, 38.8882923 ], [ 1.2819032, 38.8882896 ], [ 1.2819051, 38.8883281 ], [ 1.2819372, 38.888327099999984 ] ] ] } },
{ "type": "Feature", "properties": { "id": "finca_00230", "lat": 38.888221690483498, "lon": 1.2818149346080552, "surface_estimee_m2": 92.387621669951244, "distance_plus_proche_voisin_m": 14.836983465903144, "qualifiee_finca": true, "neighborhood": "Cala Molí" }, "geometry": { "type": "Polygon", "coordinates": [ [ [ 1.2818998, 38.8881931 ], [ 1.2819032, 38.888255600000022 ], [ 1.2818121, 38.8882586 ], [ 1.2818107, 38.888231499999989 ], [ 1.2817009, 38.8882351 ], [ 1.281699, 38.888199699999987 ], [ 1.2818998, 38.8881931 ] ] ] } },
{ "type": "Feature", "properties": { "id": "finca_00231", "lat": 38.8923421, "lon": 1.28727015, "surface_estimee_m2": 106.62437694451734, "distance_plus_proche_voisin_m": 169.94466235391616, "qualifiee_finca": true, "neighborhood": "Cala Molí" }, "geometry": { "type": "Polygon", "coordinates": [ [ [ 1.2873598, 38.892340199999985 ], [ 1.2872305, 38.8924047 ], [ 1.2871805, 38.892344 ], [ 1.2873098, 38.8922795 ], [ 1.2873598, 38.892340199999985 ] ] ] } },
{ "type": "Feature", "properties": { "id": "finca_00232", "lat": 38.893717695905735, "lon": 1.2881302745802714, "surface_estimee_m2": 126.83346520111901, "distance_plus_proche_voisin_m": 169.94466235391616, "qualifiee_finca": true, "neighborhood": "Cala Molí" }, "geometry": { "type": "Polygon", "coordinates": [ [ [ 1.2880473, 38.893678899999983 ], [ 1.2882109, 38.893676 ], [ 1.2882132, 38.8937565 ], [ 1.2880497, 38.8937594 ], [ 1.2880473, 38.893678899999983 ] ] ] } },
{ "type": "Feature", "properties": { "id": "finca_00233", "lat": 38.89283775, "lon": 1.28489275, "surface_estimee_m2": 87.313007933192154, "distance_plus_proche_voisin_m": 41.518977863778737, "qualifiee_finca": true, "neighborhood": "Cala Molí" }, "geometry": { "type": "Polygon", "coordinates": [ [ [ 1.2848224, 38.8928624 ], [ 1.2848762, 38.8927791 ], [ 1.2849631, 38.892813099999984 ], [ 1.2849093, 38.8928964 ], [ 1.2848224, 38.8928624 ] ] ] } },
{ "type": "Feature", "properties": { "id": "finca_00234", "lat": 38.89300865, "lon": 1.284467, "surface_estimee_m2": 83.603365354189222, "distance_plus_proche_voisin_m": 27.568901418143444, "qualifiee_finca": true, "neighborhood": "Cala Molí" }, "geometry": { "type": "Polygon", "coordinates": [ [ [ 1.2844298, 38.893063399999981 ], [ 1.2843874, 38.8930091 ], [ 1.2845042, 38.892953899999988 ], [ 1.2845466, 38.8930082 ], [ 1.2844298, 38.893063399999981 ] ] ] } },
{ "type": "Feature", "properties": { "id": "finca_00235", "lat": 38.8939273, "lon": 1.2850483, "surface_estimee_m2": 101.79682060388124, "distance_plus_proche_voisin_m": 87.652283685445482, "qualifiee_finca": true, "neighborhood": "Cala Molí" }, "geometry": { "type": "Polygon", "coordinates": [ [ [ 1.2849865, 38.893884799999988 ], [ 1.2851071, 38.8938822 ], [ 1.2851101, 38.8939698 ], [ 1.2849895, 38.893972399999988 ], [ 1.2849865, 38.893884799999988 ] ] ] } },
{ "type": "Feature", "properties": { "id": "finca_00236", "lat": 38.8932533, "lon": 1.2845218, "surface_estimee_m2": 134.30074256608012, "distance_plus_proche_voisin_m": 27.568901418143444, "qualifiee_finca": true, "neighborhood": "Cala Molí" }, "geometry": { "type": "Polygon", "coordinates": [ [ [ 1.2844316, 38.8932763 ], [ 1.2844833, 38.8931858 ], [ 1.284612, 38.8932303 ], [ 1.2845603, 38.8933208 ], [ 1.2844316, 38.8932763 ] ] ] } },
{ "type": "Feature", "properties": { "id": "finca_00237", "lat": 38.884665629680818, "lon": 1.2798287673263458, "surface_estimee_m2": 77.550763330264189, "distance_plus_proche_voisin_m": 280.79061312744381, "qualifiee_finca": true, "neighborhood": "Cala Molí" }, "geometry": { "type": "Polygon", "coordinates": [ [ [ 1.2797729, 38.8846237 ], [ 1.2799037, 38.8846498 ], [ 1.2798846, 38.8847076 ], [ 1.2797538, 38.8846814 ], [ 1.2797729, 38.8846237 ] ] ] } },
{ "type": "Feature", "properties": { "id": "finca_00238", "lat": 38.888698137485612, "lon": 1.281910511619637, "surface_estimee_m2": 141.14987484807926, "distance_plus_proche_voisin_m": 38.947987929055621, "qualifiee_finca": true, "neighborhood": "Cala Molí" }, "geometry": { "type": "Polygon", "coordinates": [ [ [ 1.281815, 38.888696899999985 ], [ 1.2818983, 38.888616299999988 ], [ 1.2819674, 38.8886596 ], [ 1.2819412, 38.8886849 ], [ 1.2820015, 38.88872270000001 ], [ 1.2819444, 38.8887779 ], [ 1.281815, 38.888696899999985 ] ] ] } },
{ "type": "Feature", "properties": { "id": "finca_00239", "lat": 38.887058237596143, "lon": 1.2787778851991114, "surface_estimee_m2": 123.69827040750101, "distance_plus_proche_voisin_m": 59.930624853420177, "qualifiee_finca": true, "neighborhood": "Cala Molí" }, "geometry": { "type": "Polygon", "coordinates": [ [ [ 1.2787748, 38.8870461 ], [ 1.2787123, 38.8870116 ], [ 1.2787503, 38.88697 ], [ 1.278852, 38.8870261 ], [ 1.2788203, 38.8870609 ], [ 1.27884, 38.887071699999986 ], [ 1.2787691, 38.8871495 ], [ 1.2787102, 38.887117 ], [ 1.2787748, 38.8870461 ] ] ] } },
{ "type": "Feature", "properties": { "id": "finca_00240", "lat": 38.887645280713151, "lon": 1.2778297724362446, "surface_estimee_m2": 149.34166850000159, "distance_plus_proche_voisin_m": 82.428831200071684, "qualifiee_finca": true, "neighborhood": "Cala Molí" }, "geometry": { "type": "Polygon", "coordinates": [ [ [ 1.2779139, 38.8876573 ], [ 1.2778738, 38.8876591 ], [ 1.2778769, 38.887700699999989 ], [ 1.2777566, 38.8877062 ], [ 1.2777496, 38.8876135 ], [ 1.2778017, 38.8876111 ], [ 1.2778001, 38.8875903 ], [ 1.2779084, 38.8875854 ], [ 1.2779139, 38.8876573 ] ] ] } },
{ "type": "Feature", "properties": { "id": "finca_00241", "lat": 38.887598156064811, "lon": 1.2787780195176113, "surface_estimee_m2": 76.693879028363412, "distance_plus_proche_voisin_m": 59.930624853420177, "qualifiee_finca": true, "neighborhood": "Cala Molí" }, "geometry": { "type": "Polygon", "coordinates": [ [ [ 1.2786976, 38.8876013 ], [ 1.2787259, 38.887566 ], [ 1.2787568, 38.887581 ], [ 1.2787821, 38.8875495 ], [ 1.2788515, 38.88758330000001 ], [ 1.2787978, 38.8876501 ], [ 1.2786976, 38.8876013 ] ] ] } },
{ "type": "Feature", "properties": { "id": "finca_00242", "lat": 38.8889944, "lon": 1.28116325, "surface_estimee_m2": 80.973820628595973, "distance_plus_proche_voisin_m": 70.911505504053522, "qualifiee_finca": true, "neighborhood": "Cala Molí" }, "geometry": { "type": "Polygon", "coordinates": [ [ [ 1.2812313, 38.8890179 ], [ 1.2811491, 38.889051299999984 ], [ 1.2810952, 38.8889709 ], [ 1.2811774, 38.8889375 ], [ 1.2812313, 38.8890179 ] ] ] } },
{ "type": "Feature", "properties": { "id": "finca_00243", "lat": 38.8940947, "lon": 1.2461607, "surface_estimee_m2": 55.12391084162563, "distance_plus_proche_voisin_m": 553.73956827238305, "qualifiee_finca": true, "neighborhood": "Es Caló d'en Real" }, "geometry": { "type": "Polygon", "coordinates": [ [ [ 1.246214, 38.8940696 ], [ 1.2461743, 38.894142 ], [ 1.2461074, 38.8941198 ], [ 1.2461471, 38.8940474 ], [ 1.246214, 38.8940696 ] ] ] } },
{ "type": "Feature", "properties": { "id": "finca_00244", "lat": 38.890844374594487, "lon": 1.2400695062480642, "surface_estimee_m2": 75.650442320032255, "distance_plus_proche_voisin_m": 69.912939826544161, "qualifiee_finca": true, "neighborhood": "Es Caló d'en Real" }, "geometry": { "type": "Polygon", "coordinates": [ [ [ 1.2400325, 38.8908961 ], [ 1.2400297, 38.8907939 ], [ 1.2401065, 38.8907926 ], [ 1.2401093, 38.8908949 ], [ 1.2400325, 38.8908961 ] ] ] } },
{ "type": "Feature", "properties": { "id": "finca_00245", "lat": 38.891144067202518, "lon": 1.240778345424367, "surface_estimee_m2": 90.297928035928294, "distance_plus_proche_voisin_m": 16.588605779975669, "qualifiee_finca": true, "neighborhood": "Es Caló d'en Real" }, "geometry": { "type": "Polygon", "coordinates": [ [ [ 1.2407616, 38.891085 ], [ 1.2408552, 38.8911351 ], [ 1.2407951, 38.8912031 ], [ 1.2407015, 38.8911531 ], [ 1.2407616, 38.891085 ] ] ] } },
{ "type": "Feature", "properties": { "id": "finca_00246", "lat": 38.971714277304564, "lon": 1.2807419745104294, "surface_estimee_m2": 91.526811230747498, "distance_plus_proche_voisin_m": 244.31010518803416, "qualifiee_finca": true, "neighborhood": "Vista Mar" }, "geometry": { "type": "Polygon", "coordinates": [ [ [ 1.2806921, 38.9716688 ], [ 1.2807981, 38.9716691 ], [ 1.2807987, 38.9717387 ], [ 1.2807092, 38.9717752 ], [ 1.2807022, 38.971762700000014 ], [ 1.2806918, 38.9717627 ], [ 1.2806921, 38.9716688 ] ] ] } },
{ "type": "Feature", "properties": { "id": "finca_00247", "lat": 38.96367075, "lon": 1.2883185, "surface_estimee_m2": 67.63490878675276, "distance_plus_proche_voisin_m": 72.55711633480648, "qualifiee_finca": true, "neighborhood": "Vista Mar" }, "geometry": { "type": "Polygon", "coordinates": [ [ [ 1.2882807, 38.9637154 ], [ 1.2883624, 38.963711899999986 ], [ 1.2883563, 38.9636261 ], [ 1.2882746, 38.9636296 ], [ 1.2882807, 38.9637154 ] ] ] } },
{ "type": "Feature", "properties": { "id": "finca_00248", "lat": 38.963026883891139, "lon": 1.2881740702586166, "surface_estimee_m2": 92.392262590849128, "distance_plus_proche_voisin_m": 72.55711633480648, "qualifiee_finca": true, "neighborhood": "Vista Mar" }, "geometry": { "type": "Polygon", "coordinates": [ [ [ 1.2881, 38.96307 ], [ 1.2882132, 38.9630667 ], [ 1.2882112, 38.9630248 ], [ 1.2882566, 38.9630234 ], [ 1.2882546, 38.9629822 ], [ 1.2882082, 38.9629835 ], [ 1.2882085, 38.9629913 ], [ 1.2881194, 38.9629939 ], [ 1.2881212, 38.9630299 ], [ 1.2880981, 38.9630305 ], [ 1.2881, 38.96307 ] ] ] } },
{ "type": "Feature", "properties": { "id": "finca_00249", "lat": 38.964816387329414, "lon": 1.2726970510462692, "surface_estimee_m2": 110.41211881606232, "distance_plus_proche_voisin_m": 200.4802408580891, "qualifiee_finca": true, "neighborhood": "Vista Mar" }, "geometry": { "type": "Polygon", "coordinates": [ [ [ 1.2727275, 38.9648971 ], [ 1.2726612, 38.9648279 ], [ 1.2726316, 38.964845 ], [ 1.2726033, 38.9648155 ], [ 1.2726722, 38.9647756 ], [ 1.2726637, 38.9647668 ], [ 1.2727113, 38.964739299999984 ], [ 1.2727581, 38.9647881 ], [ 1.2727158, 38.9648126 ], [ 1.272772, 38.9648713 ], [ 1.2727275, 38.9648971 ] ] ] } },
{ "type": "Feature", "properties": { "id": "finca_00250", "lat": 38.958377380699915, "lon": 1.2303485948276907, "surface_estimee_m2": 100.29878171215378, "distance_plus_proche_voisin_m": 21.158032157900987, "qualifiee_finca": true, "neighborhood": "Cala Corral" }, "geometry": { "type": "Polygon", "coordinates": [ [ [ 1.2303167, 38.9584258 ], [ 1.2303266, 38.9584249 ], [ 1.2303289, 38.9584389 ], [ 1.2303575, 38.9584361 ], [ 1.2304054, 38.9584117 ], [ 1.2304014, 38.958386900000015 ], [ 1.2304286, 38.9583843 ], [ 1.2304234, 38.958352199999986 ], [ 1.2303715, 38.9583572 ], [ 1.2303666, 38.9583264 ], [ 1.2302629, 38.9583364 ], [ 1.2302678, 38.9583671 ], [ 1.2303067, 38.958363399999989 ], [ 1.2303167, 38.9584258 ] ] ] } },
{ "type": "Feature", "properties": { "id": "finca_00251", "lat": 38.958264800026967, "lon": 1.230545591103632, "surface_estimee_m2": 68.127804091342881, "distance_plus_proche_voisin_m": 21.158032157900987, "qualifiee_finca": true, "neighborhood": "Cala Corral" }, "geometry": { "type": "Polygon", "coordinates": [ [ [ 1.2305967, 38.9582936 ], [ 1.2305614, 38.9582966 ], [ 1.2305624, 38.9583035 ], [ 1.2305028, 38.9583085 ], [ 1.230493, 38.958237 ], [ 1.2305487, 38.958232399999986 ], [ 1.230547, 38.9582203 ], [ 1.2305861, 38.9582171 ], [ 1.2305967, 38.9582936 ] ] ] } },
{ "type": "Feature", "properties": { "id": "finca_00252", "lat": 38.958177223515833, "lon": 1.2307656799403792, "surface_estimee_m2": 80.096141825162405, "distance_plus_proche_voisin_m": 20.328802914815014, "qualifiee_finca": true, "neighborhood": "Cala Corral" }, "geometry": { "type": "Polygon", "coordinates": [ [ [ 1.2308038, 38.9582313 ], [ 1.2307528, 38.9582361 ], [ 1.2307518, 38.9582295 ], [ 1.2307463, 38.95823 ], [ 1.2307362, 38.9581658 ], [ 1.2306977, 38.9581695 ], [ 1.2306925, 38.9581367 ], [ 1.2307978, 38.9581267 ], [ 1.2308028, 38.9581581 ], [ 1.2307795, 38.9581603 ], [ 1.2307823, 38.9581781 ], [ 1.2308267, 38.9581739 ], [ 1.2308318, 38.9582068 ], [ 1.2308004, 38.9582098 ], [ 1.2308038, 38.9582313 ] ] ] } },
{ "type": "Feature", "properties": { "id": "finca_00253", "lat": 38.958359999401857, "lon": 1.2307804311534407, "surface_estimee_m2": 91.521739789808308, "distance_plus_proche_voisin_m": 20.328802914815014, "qualifiee_finca": true, "neighborhood": "Cala Corral" }, "geometry": { "type": "Polygon", "coordinates": [ [ [ 1.2308313, 38.9583039 ], [ 1.2308444, 38.9583853 ], [ 1.2308054, 38.9583891 ], [ 1.230808, 38.9584051 ], [ 1.2307532, 38.9584104 ], [ 1.2307503, 38.9583923 ], [ 1.2307189, 38.9583954 ], [ 1.2307093, 38.9583356 ], [ 1.2307928, 38.958327499999989 ], [ 1.2307897, 38.9583079 ], [ 1.2308313, 38.9583039 ] ] ] } },
{ "type": "Feature", "properties": { "id": "finca_00254", "lat": 38.959949437093883, "lon": 1.2317344422168013, "surface_estimee_m2": 51.963059803151189, "distance_plus_proche_voisin_m": 82.214807496731922, "qualifiee_finca": true, "neighborhood": "Cala Corral" }, "geometry": { "type": "Polygon", "coordinates": [ [ [ 1.2316975, 38.9599907 ], [ 1.2317995, 38.9599513 ], [ 1.2317663, 38.959908 ], [ 1.231673, 38.959947200000016 ], [ 1.231674, 38.9599514 ], [ 1.2316975, 38.9599907 ] ] ] } },
{ "type": "Feature", "properties": { "id": "finca_00255", "lat": 38.956459158340024, "lon": 1.2782240627985582, "surface_estimee_m2": 132.44563908660544, "distance_plus_proche_voisin_m": 38.579685309305646, "qualifiee_finca": true, "neighborhood": "Vista Mar" }, "geometry": { "type": "Polygon", "coordinates": [ [ [ 1.2782376, 38.9563798 ], [ 1.2782245, 38.9564161 ], [ 1.2782572, 38.9564232 ], [ 1.2782552, 38.956428499999987 ], [ 1.2783131, 38.956441099999985 ], [ 1.2782974, 38.95648460000001 ], [ 1.2782883, 38.9564826 ], [ 1.2782772, 38.9565134 ], [ 1.2782124, 38.956499199999989 ], [ 1.2781999, 38.956534 ], [ 1.2781449, 38.956522 ], [ 1.2781574, 38.9564875 ], [ 1.278169, 38.95649 ], [ 1.27819, 38.956432 ], [ 1.2781701, 38.956427699999985 ], [ 1.2781911, 38.9563696 ], [ 1.2782376, 38.9563798 ] ] ] } },
{ "type": "Feature", "properties": { "id": "finca_00256", "lat": 38.956850230312924, "lon": 1.2782514624606025, "surface_estimee_m2": 130.40316204203947, "distance_plus_proche_voisin_m": 43.474159632907806, "qualifiee_finca": true, "neighborhood": "Vista Mar" }, "geometry": { "type": "Polygon", "coordinates": [ [ [ 1.2781854, 38.9568939 ], [ 1.2781868, 38.95685850000001 ], [ 1.2781654, 38.956858 ], [ 1.2781674, 38.9568059 ], [ 1.2783309, 38.9568098 ], [ 1.2783274, 38.9568973 ], [ 1.2781854, 38.9568939 ] ] ] } },
{ "type": "Feature", "properties": { "id": "finca_00257", "lat": 38.957030757813598, "lon": 1.2791483070430758, "surface_estimee_m2": 81.579258739667395, "distance_plus_proche_voisin_m": 35.73421892529732, "qualifiee_finca": true, "neighborhood": "Vista Mar" }, "geometry": { "type": "Polygon", "coordinates": [ [ [ 1.2790931, 38.9569932 ], [ 1.2792213, 38.957001399999989 ], [ 1.2792158, 38.9570533 ], [ 1.2791651, 38.9570501 ], [ 1.2791627, 38.9570729 ], [ 1.2790852, 38.9570679 ], [ 1.2790931, 38.9569932 ] ] ] } },
{ "type": "Feature", "properties": { "id": "finca_00258", "lat": 38.957339765260159, "lon": 1.2790326687511728, "surface_estimee_m2": 113.75386411575047, "distance_plus_proche_voisin_m": 35.73421892529732, "qualifiee_finca": true, "neighborhood": "Vista Mar" }, "geometry": { "type": "Polygon", "coordinates": [ [ [ 1.2790666, 38.9573927 ], [ 1.2789969, 38.9573943 ], [ 1.2789958, 38.9573651 ], [ 1.2789583, 38.9573659 ], [ 1.2789559, 38.9573013 ], [ 1.2791087, 38.9572979 ], [ 1.279111, 38.9573605 ], [ 1.2790654, 38.9573615 ], [ 1.2790666, 38.9573927 ] ] ] } },
{ "type": "Feature", "properties": { "id": "finca_00259", "lat": 38.956430644966922, "lon": 1.2777804228845715, "surface_estimee_m2": 127.00267519418576, "distance_plus_proche_voisin_m": 17.202090660327833, "qualifiee_finca": true, "neighborhood": "Vista Mar" }, "geometry": { "type": "Polygon", "coordinates": [ [ [ 1.2777012, 38.9563925 ], [ 1.277845, 38.9563784 ], [ 1.2778596, 38.956468799999989 ], [ 1.2777159, 38.9564829 ], [ 1.2777012, 38.9563925 ] ] ] } },
{ "type": "Feature", "properties": { "id": "finca_00260", "lat": 38.956406877922269, "lon": 1.27758428973371, "surface_estimee_m2": 90.370203352057501, "distance_plus_proche_voisin_m": 17.202090660327833, "qualifiee_finca": true, "neighborhood": "Vista Mar" }, "geometry": { "type": "Polygon", "coordinates": [ [ [ 1.2776507, 38.9564393 ], [ 1.2775312, 38.9564517 ], [ 1.2775179, 38.9563745 ], [ 1.2776373, 38.956362 ], [ 1.2776507, 38.9564393 ] ] ] } },
{ "type": "Feature", "properties": { "id": "finca_00261", "lat": 38.957581632806736, "lon": 1.263015465028499, "surface_estimee_m2": 123.08251692934954, "distance_plus_proche_voisin_m": 132.70008770866309, "qualifiee_finca": true, "neighborhood": "Vista Mar" }, "geometry": { "type": "Polygon", "coordinates": [ [ [ 1.2630698, 38.9576034 ], [ 1.2630888, 38.9576329 ], [ 1.2630107, 38.957663400000023 ], [ 1.2629524, 38.9575731 ], [ 1.2629814, 38.9575618 ], [ 1.2629512, 38.9575149 ], [ 1.2630083, 38.9574926 ], [ 1.2630778, 38.957600299999989 ], [ 1.2630698, 38.9576034 ] ] ] } },
{ "type": "Feature", "properties": { "id": "finca_00262", "lat": 38.954055410971627, "lon": 1.272464376014814, "surface_estimee_m2": 54.62099881515163, "distance_plus_proche_voisin_m": 108.56288884303761, "qualifiee_finca": true, "neighborhood": "Vista Mar" }, "geometry": { "type": "Polygon", "coordinates": [ [ [ 1.2725001, 38.9540973 ], [ 1.2724346, 38.9541 ], [ 1.2724287, 38.9540135 ], [ 1.2724941, 38.954010799999985 ], [ 1.2725001, 38.9540973 ] ] ] } },
{ "type": "Feature", "properties": { "id": "finca_00263", "lat": 38.959221752911873, "lon": 1.2885442810061272, "surface_estimee_m2": 108.78471227055282, "distance_plus_proche_voisin_m": 120.59580626592314, "qualifiee_finca": true, "neighborhood": "Vista Mar" }, "geometry": { "type": "Polygon", "coordinates": [ [ [ 1.2884725, 38.959261399999967 ], [ 1.2884724, 38.9592259 ], [ 1.2884837, 38.9592259 ], [ 1.2884835, 38.9591708 ], [ 1.2885262, 38.9591707 ], [ 1.2885262, 38.959174 ], [ 1.2885658, 38.9591739 ], [ 1.2885658, 38.959187400000012 ], [ 1.2886032, 38.959187400000012 ], [ 1.2886034, 38.9592323 ], [ 1.288632, 38.9592323 ], [ 1.2886321, 38.9592611 ], [ 1.2885266, 38.9592613 ], [ 1.2884725, 38.959261399999967 ] ] ] } },
{ "type": "Feature", "properties": { "id": "finca_00264", "lat": 38.95851160620019, "lon": 1.2942413789342566, "surface_estimee_m2": 93.146218987563103, "distance_plus_proche_voisin_m": 48.544265981641963, "qualifiee_finca": true, "neighborhood": "Vista Mar" }, "geometry": { "type": "Polygon", "coordinates": [ [ [ 1.2942003, 38.9585274 ], [ 1.2941622, 38.9585262 ], [ 1.2941647, 38.9584762 ], [ 1.2942794, 38.9584798 ], [ 1.294279, 38.9584878 ], [ 1.2943318, 38.958489400000019 ], [ 1.2943296, 38.9585314 ], [ 1.2942591, 38.9585292 ], [ 1.2942576, 38.958558500000017 ], [ 1.2941988, 38.9585566 ], [ 1.2942003, 38.9585274 ] ] ] } },
{ "type": "Feature", "properties": { "id": "finca_00265", "lat": 38.952356262310971, "lon": 1.2914564219054059, "surface_estimee_m2": 97.448704838988846, "distance_plus_proche_voisin_m": 197.08523600007729, "qualifiee_finca": true, "neighborhood": "Vista Mar" }, "geometry": { "type": "Polygon", "coordinates": [ [ [ 1.2915539, 38.952344899999986 ], [ 1.2915424, 38.9524163 ], [ 1.2914971, 38.9524119 ], [ 1.2915031, 38.9523744 ], [ 1.2914121, 38.9523655 ], [ 1.2914098, 38.9523802 ], [ 1.2913621, 38.952375600000011 ], [ 1.2913746, 38.952298 ], [ 1.2914206, 38.9523025 ], [ 1.2914159, 38.9523314 ], [ 1.2915539, 38.952344899999986 ] ] ] } },
{ "type": "Feature", "properties": { "id": "finca_00266", "lat": 38.952615551140291, "lon": 1.2853881688024338, "surface_estimee_m2": 104.02360848554702, "distance_plus_proche_voisin_m": 108.06194201061523, "qualifiee_finca": true, "neighborhood": "Vista Mar" }, "geometry": { "type": "Polygon", "coordinates": [ [ [ 1.2853746, 38.9525839 ], [ 1.2853629, 38.952555599999982 ], [ 1.2854187, 38.9525416 ], [ 1.2854399, 38.952592599999988 ], [ 1.2854277, 38.952595699999989 ], [ 1.2854512, 38.9526523 ], [ 1.2853419, 38.9526797 ], [ 1.2853247, 38.9526382 ], [ 1.2853441, 38.9526333 ], [ 1.2853284, 38.9525955 ], [ 1.2853746, 38.9525839 ] ] ] } },
{ "type": "Feature", "properties": { "id": "finca_00267", "lat": 38.950978232941267, "lon": 1.2891199850628456, "surface_estimee_m2": 120.74530364506292, "distance_plus_proche_voisin_m": 25.555372547111173, "qualifiee_finca": true, "neighborhood": "Vista Mar" }, "geometry": { "type": "Polygon", "coordinates": [ [ [ 1.2891598, 38.9510325 ], [ 1.2891125, 38.951022299999984 ], [ 1.2891042, 38.951045499999978 ], [ 1.2890469, 38.9510331 ], [ 1.2890906, 38.9509112 ], [ 1.2891951, 38.9509338 ], [ 1.2891598, 38.9510325 ] ] ] } },
{ "type": "Feature", "properties": { "id": "finca_00268", "lat": 38.954575267413183, "lon": 1.2844686647220054, "surface_estimee_m2": 113.65843222504471, "distance_plus_proche_voisin_m": 42.702723936128194, "qualifiee_finca": true, "neighborhood": "Vista Mar" }, "geometry": { "type": "Polygon", "coordinates": [ [ [ 1.2843734, 38.9545421 ], [ 1.2844015, 38.954507 ], [ 1.2845733, 38.954590399999987 ], [ 1.2845348, 38.9546384 ], [ 1.2844537, 38.954599 ], [ 1.2844429, 38.954612599999983 ], [ 1.2843888, 38.95458630000001 ], [ 1.28441, 38.9545599 ], [ 1.2843734, 38.9545421 ] ] ] } },
{ "type": "Feature", "properties": { "id": "finca_00269", "lat": 38.954862734572103, "lon": 1.2847960946060684, "surface_estimee_m2": 119.78807888020296, "distance_plus_proche_voisin_m": 42.702723936128194, "qualifiee_finca": true, "neighborhood": "Vista Mar" }, "geometry": { "type": "Polygon", "coordinates": [ [ [ 1.2847596, 38.954852399999986 ], [ 1.2848033, 38.9547955 ], [ 1.2848853, 38.9548336 ], [ 1.2848117, 38.954929499999984 ], [ 1.284696, 38.954875800000011 ], [ 1.284726, 38.954836799999988 ], [ 1.2847596, 38.954852399999986 ] ] ] } },
{ "type": "Feature", "properties": { "id": "finca_00270", "lat": 38.954589960864467, "lon": 1.2934422081255323, "surface_estimee_m2": 114.37434537559645, "distance_plus_proche_voisin_m": 160.87767723930793, "qualifiee_finca": true, "neighborhood": "Vista Mar" }, "geometry": { "type": "Polygon", "coordinates": [ [ [ 1.2934773, 38.9544843 ], [ 1.293486, 38.9546571 ], [ 1.2933896, 38.95466 ], [ 1.2933851, 38.9545705 ], [ 1.2934426, 38.954568699999989 ], [ 1.2934384, 38.9544854 ], [ 1.2934773, 38.9544843 ] ] ] } },
{ "type": "Feature", "properties": { "id": "finca_00271", "lat": 38.955370871260982, "lon": 1.2844349910090478, "surface_estimee_m2": 94.152686769571289, "distance_plus_proche_voisin_m": 64.504534791078854, "qualifiee_finca": true, "neighborhood": "Vista Mar" }, "geometry": { "type": "Polygon", "coordinates": [ [ [ 1.2843775, 38.9554047 ], [ 1.2843912, 38.9553728 ], [ 1.2843695, 38.9553672 ], [ 1.2843918, 38.955315400000011 ], [ 1.2845052, 38.9553448 ], [ 1.2844692, 38.9554286 ], [ 1.2843775, 38.9554047 ] ] ] } },
{ "type": "Feature", "properties": { "id": "finca_00272", "lat": 38.95739088864935, "lon": 1.2867355639327089, "surface_estimee_m2": 143.11953879060692, "distance_plus_proche_voisin_m": 80.713732809568015, "qualifiee_finca": true, "neighborhood": "Vista Mar" }, "geometry": { "type": "Polygon", "coordinates": [ [ [ 1.2866913, 38.9574453 ], [ 1.2866963, 38.957410200000012 ], [ 1.2866634, 38.957407399999987 ], [ 1.2866744, 38.9573311 ], [ 1.2867297, 38.9573359 ], [ 1.2867333, 38.9573113 ], [ 1.2867908, 38.9573163 ], [ 1.2867749, 38.9574207 ], [ 1.2867899, 38.957429300000015 ], [ 1.2867977, 38.957442399999984 ], [ 1.2867963, 38.957456899999976 ], [ 1.2867851, 38.9574697 ], [ 1.2867669, 38.957476200000016 ], [ 1.2867471, 38.9574744 ], [ 1.2867317, 38.9574654 ], [ 1.2867245, 38.957448199999988 ], [ 1.2866913, 38.9574453 ] ] ] } },
{ "type": "Feature", "properties": { "id": "finca_00273", "lat": 38.955921864397709, "lon": 1.2941741748809921, "surface_estimee_m2": 100.15672463234419, "distance_plus_proche_voisin_m": 59.192720418801805, "qualifiee_finca": true, "neighborhood": "Vista Mar" }, "geometry": { "type": "Polygon", "coordinates": [ [ [ 1.2941328, 38.9559715 ], [ 1.2941275, 38.9558643 ], [ 1.2942178, 38.9558616 ], [ 1.2942212, 38.9559302 ], [ 1.294212, 38.9559305 ], [ 1.2942139, 38.9559705 ], [ 1.2942054, 38.9559758 ], [ 1.2941908, 38.9559971 ], [ 1.2941328, 38.9559715 ] ] ] } },
{ "type": "Feature", "properties": { "id": "finca_00274", "lat": 38.9561296, "lon": 1.2948032, "surface_estimee_m2": 82.874651444401891, "distance_plus_proche_voisin_m": 59.192720418801805, "qualifiee_finca": true, "neighborhood": "Vista Mar" }, "geometry": { "type": "Polygon", "coordinates": [ [ [ 1.294789, 38.9561907 ], [ 1.2948644, 38.9561696 ], [ 1.2948174, 38.9560685 ], [ 1.294742, 38.9560896 ], [ 1.294789, 38.9561907 ] ] ] } },
{ "type": "Feature", "properties": { "id": "finca_00275", "lat": 38.978700378353153, "lon": 1.2989355008953365, "surface_estimee_m2": 96.123301413013323, "distance_plus_proche_voisin_m": 54.418846325228593, "qualifiee_finca": true, "neighborhood": "Vista Mar" }, "geometry": { "type": "Polygon", "coordinates": [ [ [ 1.2990729, 38.9786907 ], [ 1.2988034, 38.97874620000001 ], [ 1.2987956, 38.9787123 ], [ 1.2990616, 38.978654 ], [ 1.2990729, 38.9786907 ] ] ] } },
{ "type": "Feature", "properties": { "id": "finca_00276", "lat": 38.979607141265326, "lon": 1.2982346718982192, "surface_estimee_m2": 63.381698234153845, "distance_plus_proche_voisin_m": 57.425190564233475, "qualifiee_finca": true, "neighborhood": "Vista Mar" }, "geometry": { "type": "Polygon", "coordinates": [ [ [ 1.298263, 38.979559899999984 ], [ 1.2982825, 38.9796437 ], [ 1.2982064, 38.9796544 ], [ 1.2981868, 38.9795706 ], [ 1.298263, 38.979559899999984 ] ] ] } },
{ "type": "Feature", "properties": { "id": "finca_00277", "lat": 38.880051145469146, "lon": 1.2376008170859774, "surface_estimee_m2": 113.28783274952083, "distance_plus_proche_voisin_m": 150.96191300275652, "qualifiee_finca": true, "neighborhood": "Es Caló d'en Real" }, "geometry": { "type": "Polygon", "coordinates": [ [ [ 1.2376308, 38.8801155 ], [ 1.2376859, 38.8800372 ], [ 1.2375684, 38.8799872 ], [ 1.2375261, 38.8800474 ], [ 1.2375252, 38.8800548 ], [ 1.2375259, 38.8800618 ], [ 1.23753, 38.880068800000011 ], [ 1.2375376, 38.8800757 ], [ 1.2376308, 38.8801155 ] ] ] } },
{ "type": "Feature", "properties": { "id": "finca_00278", "lat": 38.88415655000001, "lon": 1.2358876, "surface_estimee_m2": 99.482272717170929, "distance_plus_proche_voisin_m": 101.18763818389336, "qualifiee_finca": true, "neighborhood": "Es Caló d'en Real" }, "geometry": { "type": "Polygon", "coordinates": [ [ [ 1.2359481, 38.8842013 ], [ 1.2358512, 38.884215 ], [ 1.2358271, 38.8841118 ], [ 1.235924, 38.8840981 ], [ 1.2359481, 38.8842013 ] ] ] } },
{ "type": "Feature", "properties": { "id": "finca_00279", "lat": 38.8803931, "lon": 1.2263435, "surface_estimee_m2": 54.784923092308432, "distance_plus_proche_voisin_m": 111.40020418046875, "qualifiee_finca": true, "neighborhood": "Es Caló d'en Real" }, "geometry": { "type": "Polygon", "coordinates": [ [ [ 1.2262827, 38.880385 ], [ 1.2263366, 38.8803454 ], [ 1.2264043, 38.8804012 ], [ 1.2263504, 38.8804408 ], [ 1.2262827, 38.880385 ] ] ] } },
{ "type": "Feature", "properties": { "id": "finca_00280", "lat": 38.884305123608996, "lon": 1.2397703586186273, "surface_estimee_m2": 129.21691767477341, "distance_plus_proche_voisin_m": 122.04629938401651, "qualifiee_finca": true, "neighborhood": "Es Caló d'en Real" }, "geometry": { "type": "Polygon", "coordinates": [ [ [ 1.23983, 38.884320399999979 ], [ 1.2398144, 38.8843583 ], [ 1.2396589, 38.884319200000014 ], [ 1.2396793, 38.88427 ], [ 1.2397264, 38.884281899999984 ], [ 1.2397379, 38.8842543 ], [ 1.2398851, 38.8842912 ], [ 1.2398689, 38.8843302 ], [ 1.23983, 38.884320399999979 ] ] ] } },
{ "type": "Feature", "properties": { "id": "finca_00281", "lat": 38.879790900745782, "lon": 1.2358930338058924, "surface_estimee_m2": 50.440595619306819, "distance_plus_proche_voisin_m": 83.004990992708159, "qualifiee_finca": true, "neighborhood": "Es Caló d'en Real" }, "geometry": { "type": "Polygon", "coordinates": [ [ [ 1.2358655, 38.8797475 ], [ 1.2359551, 38.8797936 ], [ 1.2359205, 38.8798343 ], [ 1.235831, 38.8797882 ], [ 1.2358655, 38.8797475 ] ] ] } },
{ "type": "Feature", "properties": { "id": "finca_00282", "lat": 38.880188249957357, "lon": 1.2350825833270798, "surface_estimee_m2": 51.206709526388153, "distance_plus_proche_voisin_m": 83.004990992708159, "qualifiee_finca": true, "neighborhood": "Es Caló d'en Real" }, "geometry": { "type": "Polygon", "coordinates": [ [ [ 1.2351412, 38.8801881 ], [ 1.2350892, 38.8802336 ], [ 1.235024, 38.880188400000016 ], [ 1.2350759, 38.8801429 ], [ 1.2351412, 38.8801881 ] ] ] } },
{ "type": "Feature", "properties": { "id": "finca_00283", "lat": 38.88417715, "lon": 1.23206815, "surface_estimee_m2": 65.594645244151792, "distance_plus_proche_voisin_m": 178.19948311972436, "qualifiee_finca": true, "neighborhood": "Es Caló d'en Real" }, "geometry": { "type": "Polygon", "coordinates": [ [ [ 1.2320822, 38.8841264 ], [ 1.2321348, 38.884178799999987 ], [ 1.2320541, 38.8842279 ], [ 1.2320015, 38.8841755 ], [ 1.2320822, 38.8841264 ] ] ] } },
{ "type": "Feature", "properties": { "id": "finca_00284", "lat": 38.887147049530704, "lon": 1.241179782872833, "surface_estimee_m2": 73.948305906833653, "distance_plus_proche_voisin_m": 78.36091854361473, "qualifiee_finca": true, "neighborhood": "Es Caló d'en Real" }, "geometry": { "type": "Polygon", "coordinates": [ [ [ 1.2411021, 38.8871493 ], [ 1.2411326, 38.887099 ], [ 1.2412575, 38.8871448 ], [ 1.2412269, 38.887195099999985 ], [ 1.2411021, 38.8871493 ] ] ] } },
{ "type": "Feature", "properties": { "id": "finca_00285", "lat": 38.88343025439908, "lon": 1.2269395456041343, "surface_estimee_m2": 76.533486806696345, "distance_plus_proche_voisin_m": 35.18793783646862, "qualifiee_finca": true, "neighborhood": "Es Caló d'en Real" }, "geometry": { "type": "Polygon", "coordinates": [ [ [ 1.2270094, 38.8834188 ], [ 1.2269738, 38.8834857 ], [ 1.2269051, 38.8834636 ], [ 1.2269199, 38.883435899999981 ], [ 1.226864, 38.883417899999984 ], [ 1.2268849, 38.8833787 ], [ 1.2270094, 38.8834188 ] ] ] } },
{ "type": "Feature", "properties": { "id": "finca_00286", "lat": 38.884424985747138, "lon": 1.226918497032631, "surface_estimee_m2": 105.94676861282136, "distance_plus_proche_voisin_m": 70.237265305447153, "qualifiee_finca": true, "neighborhood": "Es Caló d'en Real" }, "geometry": { "type": "Polygon", "coordinates": [ [ [ 1.2268687, 38.8843968 ], [ 1.2269603, 38.8843547 ], [ 1.2270042, 38.884412700000013 ], [ 1.2269076, 38.884457099999985 ], [ 1.2269294, 38.8844858 ], [ 1.2268867, 38.8845054 ], [ 1.2268391, 38.8844426 ], [ 1.2268869, 38.8844207 ], [ 1.2268687, 38.8843968 ] ] ] } },
{ "type": "Feature", "properties": { "id": "finca_00287", "lat": 38.877488961331608, "lon": 1.236528018823551, "surface_estimee_m2": 59.938801654281974, "distance_plus_proche_voisin_m": 261.38920250743581, "qualifiee_finca": true, "neighborhood": "Es Caló d'en Real" }, "geometry": { "type": "Polygon", "coordinates": [ [ [ 1.2364785, 38.8774423 ], [ 1.2365929, 38.877484 ], [ 1.2365589, 38.8775405 ], [ 1.2365105, 38.8775228 ], [ 1.2365229, 38.877502300000017 ], [ 1.2364569, 38.877478199999985 ], [ 1.2364785, 38.8774423 ] ] ] } },
{ "type": "Feature", "properties": { "id": "finca_00288", "lat": 38.886404712321976, "lon": 1.2308800080014148, "surface_estimee_m2": 79.461683886766195, "distance_plus_proche_voisin_m": 267.88743061697915, "qualifiee_finca": true, "neighborhood": "Es Caló d'en Real" }, "geometry": { "type": "Polygon", "coordinates": [ [ [ 1.2309556, 38.8863637 ], [ 1.2308538, 38.8864735 ], [ 1.2308044, 38.8864458 ], [ 1.2309062, 38.8863359 ], [ 1.2309556, 38.8863637 ] ] ] } },
{ "type": "Feature", "properties": { "id": "finca_00289", "lat": 38.884769312106393, "lon": 1.2275977184823748, "surface_estimee_m2": 76.098541442480752, "distance_plus_proche_voisin_m": 70.237265305447153, "qualifiee_finca": true, "neighborhood": "Es Caló d'en Real" }, "geometry": { "type": "Polygon", "coordinates": [ [ [ 1.2276026, 38.8847126 ], [ 1.2276656, 38.8847902 ], [ 1.2275929, 38.884826 ], [ 1.2275298, 38.8847485 ], [ 1.2276026, 38.8847126 ] ] ] } },
{ "type": "Feature", "properties": { "id": "finca_00290", "lat": 38.884616693050539, "lon": 1.2384212662725178, "surface_estimee_m2": 96.248548288061656, "distance_plus_proche_voisin_m": 51.963922199112176, "qualifiee_finca": true, "neighborhood": "Es Caló d'en Real" }, "geometry": { "type": "Polygon", "coordinates": [ [ [ 1.2383449, 38.884585600000015 ], [ 1.2384175, 38.8845497 ], [ 1.2384976, 38.8846478 ], [ 1.2384251, 38.884683699999989 ], [ 1.2383449, 38.884585600000015 ] ] ] } },
{ "type": "Feature", "properties": { "id": "finca_00291", "lat": 38.880816689840039, "lon": 1.2305600218985038, "surface_estimee_m2": 145.0391222689243, "distance_plus_proche_voisin_m": 32.630052565486416, "qualifiee_finca": true, "neighborhood": "Es Caló d'en Real" }, "geometry": { "type": "Polygon", "coordinates": [ [ [ 1.2304645, 38.8808359 ], [ 1.2305299, 38.8807289 ], [ 1.2305777, 38.8807466 ], [ 1.2305557, 38.8807827 ], [ 1.2306662, 38.8808237 ], [ 1.230632, 38.8808797 ], [ 1.2305864, 38.8808629 ], [ 1.2305774, 38.8808777 ], [ 1.2304645, 38.8808359 ] ] ] } },
{ "type": "Feature", "properties": { "id": "finca_00292", "lat": 38.882872295783052, "lon": 1.2332646815444663, "surface_estimee_m2": 119.2732028626518, "distance_plus_proche_voisin_m": 178.19948311972436, "qualifiee_finca": true, "neighborhood": "Es Caló d'en Real" }, "geometry": { "type": "Polygon", "coordinates": [ [ [ 1.2331747, 38.882799 ], [ 1.23336, 38.8828715 ], [ 1.2333151, 38.882941099999989 ], [ 1.2332034, 38.88289730000001 ], [ 1.2332298, 38.8828566 ], [ 1.2331561, 38.8828278 ], [ 1.2331747, 38.882799 ] ] ] } },
{ "type": "Feature", "properties": { "id": "finca_00293", "lat": 38.882375549176821, "lon": 1.235852789483832, "surface_estimee_m2": 81.299306577268496, "distance_plus_proche_voisin_m": 197.71568322734475, "qualifiee_finca": true, "neighborhood": "Es Caló d'en Real" }, "geometry": { "type": "Polygon", "coordinates": [ [ [ 1.235787, 38.882396599999979 ], [ 1.2358312, 38.8823151 ], [ 1.2358972, 38.8823368 ], [ 1.2358775, 38.8823731 ], [ 1.235917, 38.8823861 ], [ 1.2358925, 38.882431300000015 ], [ 1.235787, 38.882396599999979 ] ] ] } },
{ "type": "Feature", "properties": { "id": "finca_00294", "lat": 38.883859375590951, "lon": 1.2380551850505226, "surface_estimee_m2": 116.28683572356971, "distance_plus_proche_voisin_m": 77.947800498232553, "qualifiee_finca": true, "neighborhood": "Es Caló d'en Real" }, "geometry": { "type": "Polygon", "coordinates": [ [ [ 1.2379753, 38.883893 ], [ 1.2380417, 38.8837895 ], [ 1.2381351, 38.88382570000001 ], [ 1.2380686, 38.8839293 ], [ 1.2379753, 38.883893 ] ] ] } },
{ "type": "Feature", "properties": { "id": "finca_00295", "lat": 38.88383085, "lon": 1.22911075, "surface_estimee_m2": 62.054034694409992, "distance_plus_proche_voisin_m": 167.57857281437236, "qualifiee_finca": true, "neighborhood": "Es Caló d'en Real" }, "geometry": { "type": "Polygon", "coordinates": [ [ [ 1.2290473, 38.8838501 ], [ 1.2290599, 38.8837955 ], [ 1.2291742, 38.8838116 ], [ 1.2291616, 38.883866199999986 ], [ 1.2290473, 38.8838501 ] ] ] } },
{ "type": "Feature", "properties": { "id": "finca_00296", "lat": 38.8845393, "lon": 1.23783055, "surface_estimee_m2": 65.561711438935163, "distance_plus_proche_voisin_m": 51.963922199112176, "qualifiee_finca": true, "neighborhood": "Es Caló d'en Real" }, "geometry": { "type": "Polygon", "coordinates": [ [ [ 1.2377806, 38.8845749 ], [ 1.237802, 38.8844915 ], [ 1.2378805, 38.884503699999982 ], [ 1.2378591, 38.8845871 ], [ 1.2377806, 38.8845749 ] ] ] } },
{ "type": "Feature", "properties": { "id": "finca_00297", "lat": 38.884425731748152, "lon": 1.237001917652814, "surface_estimee_m2": 80.320628722418405, "distance_plus_proche_voisin_m": 72.986847964439576, "qualifiee_finca": true, "neighborhood": "Es Caló d'en Real" }, "geometry": { "type": "Polygon", "coordinates": [ [ [ 1.2370751, 38.8844331 ], [ 1.2370057, 38.8844831 ], [ 1.2369287, 38.8844183 ], [ 1.2369982, 38.884368399999985 ], [ 1.2370751, 38.8844331 ] ] ] } },
{ "type": "Feature", "properties": { "id": "finca_00298", "lat": 38.880590143928877, "lon": 1.2307996795471179, "surface_estimee_m2": 52.273360395452201, "distance_plus_proche_voisin_m": 32.630052565486416, "qualifiee_finca": true, "neighborhood": "Es Caló d'en Real" }, "geometry": { "type": "Polygon", "coordinates": [ [ [ 1.2308503, 38.880566300000012 ], [ 1.2308255, 38.880631599999987 ], [ 1.2307491, 38.880614 ], [ 1.2307738, 38.880548699999984 ], [ 1.2308503, 38.880566300000012 ] ] ] } },
{ "type": "Feature", "properties": { "id": "finca_00299", "lat": 38.883523096678601, "lon": 1.226551746744339, "surface_estimee_m2": 112.65545732630513, "distance_plus_proche_voisin_m": 35.18793783646862, "qualifiee_finca": true, "neighborhood": "Es Caló d'en Real" }, "geometry": { "type": "Polygon", "coordinates": [ [ [ 1.2266112, 38.883496899999983 ], [ 1.2265773, 38.8835092 ], [ 1.2266131, 38.883569300000012 ], [ 1.2265323, 38.8835985 ], [ 1.226477, 38.8835058 ], [ 1.2265556, 38.8834774 ], [ 1.2265387, 38.8834491 ], [ 1.2265749, 38.883436 ], [ 1.2266112, 38.883496899999983 ] ] ] } },
{ "type": "Feature", "properties": { "id": "finca_00300", "lat": 38.963934440439253, "lon": 1.2480382225428255, "surface_estimee_m2": 141.92716707780264, "distance_plus_proche_voisin_m": 32.653316493993366, "qualifiee_finca": true, "neighborhood": "Port des Torrent" }, "geometry": { "type": "Polygon", "coordinates": [ [ [ 1.247938, 38.9639497 ], [ 1.248001, 38.9639768 ], [ 1.2480223, 38.9639833 ], [ 1.2480448, 38.963986 ], [ 1.2480676, 38.9639849 ], [ 1.2480895, 38.9639799 ], [ 1.2481151, 38.9639681 ], [ 1.2481353, 38.96395110000001 ], [ 1.2481485, 38.9639304 ], [ 1.2479923, 38.963866799999984 ], [ 1.247938, 38.9639497 ] ] ] } },
{ "type": "Feature", "properties": { "id": "finca_00301", "lat": 38.963993226687521, "lon": 1.2484074191069126, "surface_estimee_m2": 141.03974343068725, "distance_plus_proche_voisin_m": 32.653316493993366, "qualifiee_finca": true, "neighborhood": "Port des Torrent" }, "geometry": { "type": "Polygon", "coordinates": [ [ [ 1.2483225, 38.9640112 ], [ 1.2483399, 38.964008 ], [ 1.2484022, 38.964038 ], [ 1.248417, 38.9640307 ], [ 1.2484338, 38.9640269 ], [ 1.2484513, 38.964027 ], [ 1.2484729, 38.9640327 ], [ 1.2484903, 38.964044 ], [ 1.2485529, 38.9639856 ], [ 1.2483898, 38.963964 ], [ 1.2483923, 38.9639511 ], [ 1.248343, 38.963945500000023 ], [ 1.2483427, 38.963953 ], [ 1.2483244, 38.9639489 ], [ 1.248304, 38.9639529 ], [ 1.2482891, 38.9639644 ], [ 1.2482836, 38.96398019999998 ], [ 1.2482889, 38.963995400000023 ], [ 1.2483031, 38.9640067 ], [ 1.2483225, 38.9640112 ] ] ] } },
{ "type": "Feature", "properties": { "id": "finca_00302", "lat": 38.965791222879552, "lon": 1.2463046132724513, "surface_estimee_m2": 61.744407115887483, "distance_plus_proche_voisin_m": 24.425165558051599, "qualifiee_finca": true, "neighborhood": "Port des Torrent" }, "geometry": { "type": "Polygon", "coordinates": [ [ [ 1.2463658, 38.9657767 ], [ 1.2463259, 38.9658387 ], [ 1.2462561, 38.9658115 ], [ 1.2462478, 38.9657971 ], [ 1.246282, 38.9657441 ], [ 1.2463658, 38.9657767 ] ] ] } },
{ "type": "Feature", "properties": { "id": "finca_00303", "lat": 38.965840386672269, "lon": 1.2465793449308136, "surface_estimee_m2": 76.41729849949985, "distance_plus_proche_voisin_m": 24.425165558051599, "qualifiee_finca": true, "neighborhood": "Port des Torrent" }, "geometry": { "type": "Polygon", "coordinates": [ [ [ 1.2465794, 38.9657781 ], [ 1.2465218, 38.9658084 ], [ 1.2465533, 38.9658443 ], [ 1.2465424, 38.9658559 ], [ 1.2465385, 38.9658699 ], [ 1.2465413, 38.9658817 ], [ 1.2465493, 38.9658921 ], [ 1.2465613, 38.965899599999986 ], [ 1.2466458, 38.9658579 ], [ 1.2465794, 38.9657781 ] ] ] } },
{ "type": "Feature", "properties": { "id": "finca_00304", "lat": 38.965563427155701, "lon": 1.2464143442826174, "surface_estimee_m2": 89.417250295482603, "distance_plus_proche_voisin_m": 27.014685749038794, "qualifiee_finca": true, "neighborhood": "Port des Torrent" }, "geometry": { "type": "Polygon", "coordinates": [ [ [ 1.2465025, 38.9655423 ], [ 1.2464824, 38.9655725 ], [ 1.2464933, 38.9655769 ], [ 1.2464715, 38.9656096 ], [ 1.2464362, 38.9655954 ], [ 1.2464251, 38.9656121 ], [ 1.2463478, 38.9655809 ], [ 1.2463636, 38.9655571 ], [ 1.2463338, 38.9655451 ], [ 1.2463594, 38.9655067 ], [ 1.2464211, 38.9655315 ], [ 1.2464127, 38.96554410000001 ], [ 1.2464564, 38.9655618 ], [ 1.2464764, 38.9655317 ], [ 1.2465025, 38.9655423 ] ] ] } },
{ "type": "Feature", "properties": { "id": "finca_00305", "lat": 38.964114224632205, "lon": 1.2431236637495329, "surface_estimee_m2": 108.5055511503997, "distance_plus_proche_voisin_m": 151.91548178463506, "qualifiee_finca": true, "neighborhood": "Port des Torrent" }, "geometry": { "type": "Polygon", "coordinates": [ [ [ 1.2430778, 38.964179900000012 ], [ 1.2430755, 38.9640486 ], [ 1.2431189, 38.9640481 ], [ 1.2431192, 38.9640671 ], [ 1.2431777, 38.964066500000015 ], [ 1.2431794, 38.9641626 ], [ 1.2431184, 38.964163200000016 ], [ 1.2431187, 38.9641795 ], [ 1.2430778, 38.964179900000012 ] ] ] } },
{ "type": "Feature", "properties": { "id": "finca_00306", "lat": 38.87923756088481, "lon": 1.2778983496069654, "surface_estimee_m2": 149.40003796372264, "distance_plus_proche_voisin_m": 43.638803667220763, "qualifiee_finca": true, "neighborhood": "Cala Molí" }, "geometry": { "type": "Polygon", "coordinates": [ [ [ 1.2778149, 38.8792806 ], [ 1.2778778, 38.8792674 ], [ 1.2778834, 38.8792837 ], [ 1.2780228, 38.879254399999986 ], [ 1.2780075, 38.8792104 ], [ 1.2779739, 38.879217500000017 ], [ 1.2779622, 38.879184 ], [ 1.277813, 38.8792154 ], [ 1.277815, 38.879221 ], [ 1.277765, 38.8792315 ], [ 1.277777, 38.879265899999979 ], [ 1.2778076, 38.8792595 ], [ 1.2778149, 38.8792806 ] ] ] } },
{ "type": "Feature", "properties": { "id": "finca_00307", "lat": 38.879001649546524, "lon": 1.267855619901844, "surface_estimee_m2": 69.447211189200146, "distance_plus_proche_voisin_m": 34.783090668635374, "qualifiee_finca": true, "neighborhood": "Es Caló d'en Real" }, "geometry": { "type": "Polygon", "coordinates": [ [ [ 1.2678336, 38.8790823 ], [ 1.267824, 38.8789419 ], [ 1.2678914, 38.878939100000011 ], [ 1.2678954, 38.8789981 ], [ 1.2678675, 38.8789993 ], [ 1.2678731, 38.8790807 ], [ 1.2678336, 38.8790823 ] ] ] } },
{ "type": "Feature", "properties": { "id": "finca_00308", "lat": 38.87977455, "lon": 1.263533, "surface_estimee_m2": 104.47797597462349, "distance_plus_proche_voisin_m": 187.04453235845844, "qualifiee_finca": true, "neighborhood": "Es Caló d'en Real" }, "geometry": { "type": "Polygon", "coordinates": [ [ [ 1.2635573, 38.879706299999988 ], [ 1.2634461, 38.8797954 ], [ 1.2635087, 38.879842800000013 ], [ 1.2636199, 38.8797537 ], [ 1.2635573, 38.879706299999988 ] ] ] } },
{ "type": "Feature", "properties": { "id": "finca_00309", "lat": 38.8783887, "lon": 1.26497885, "surface_estimee_m2": 96.945245957613835, "distance_plus_proche_voisin_m": 14.445207980404231, "qualifiee_finca": true, "neighborhood": "Es Caló d'en Real" }, "geometry": { "type": "Polygon", "coordinates": [ [ [ 1.2649464, 38.8784506 ], [ 1.2649248, 38.8783367 ], [ 1.2650113, 38.8783268 ], [ 1.2650329, 38.8784407 ], [ 1.2649464, 38.8784506 ] ] ] } },
{ "type": "Feature", "properties": { "id": "finca_00310", "lat": 38.878421347989857, "lon": 1.2648176857618931, "surface_estimee_m2": 144.27033165344574, "distance_plus_proche_voisin_m": 14.445207980404231, "qualifiee_finca": true, "neighborhood": "Es Caló d'en Real" }, "geometry": { "type": "Polygon", "coordinates": [ [ [ 1.2649061, 38.8784389 ], [ 1.264867, 38.878443399999988 ], [ 1.2648726, 38.8784733 ], [ 1.2647874, 38.8784831 ], [ 1.2647821, 38.8784547 ], [ 1.2647398, 38.8784595 ], [ 1.2647258, 38.8783857 ], [ 1.2648925, 38.8783666 ], [ 1.2649061, 38.8784389 ] ] ] } },
{ "type": "Feature", "properties": { "id": "finca_00311", "lat": 38.878516165769035, "lon": 1.265547243959898, "surface_estimee_m2": 80.070792736693932, "distance_plus_proche_voisin_m": 51.305560304003642, "qualifiee_finca": true, "neighborhood": "Es Caló d'en Real" }, "geometry": { "type": "Polygon", "coordinates": [ [ [ 1.2656144, 38.8784834 ], [ 1.2655685, 38.878561800000014 ], [ 1.2655365, 38.8785505 ], [ 1.2655224, 38.8785746 ], [ 1.2654798, 38.8785594 ], [ 1.2654939, 38.878535199999988 ], [ 1.2655397, 38.8784569 ], [ 1.2656144, 38.8784834 ] ] ] } },
{ "type": "Feature", "properties": { "id": "finca_00312", "lat": 38.879075137389812, "lon": 1.2674659026868889, "surface_estimee_m2": 106.09475176145619, "distance_plus_proche_voisin_m": 34.783090668635374, "qualifiee_finca": true, "neighborhood": "Es Caló d'en Real" }, "geometry": { "type": "Polygon", "coordinates": [ [ [ 1.2674769, 38.8791118 ], [ 1.2674078, 38.8791113 ], [ 1.2674083, 38.8790731 ], [ 1.2674038, 38.8790731 ], [ 1.2674041, 38.8790564 ], [ 1.267399, 38.8790563 ], [ 1.2673992, 38.8790393 ], [ 1.2674046, 38.8790393 ], [ 1.2674049, 38.879014700000013 ], [ 1.2674324, 38.879014899999973 ], [ 1.2674323, 38.8790224 ], [ 1.2674892, 38.8790228 ], [ 1.267489, 38.879038799999975 ], [ 1.2675091, 38.8790389 ], [ 1.2675089, 38.8790515 ], [ 1.2675147, 38.879051499999989 ], [ 1.2675143, 38.8790779 ], [ 1.2675075, 38.8790778 ], [ 1.2675073, 38.879095499999977 ], [ 1.26756, 38.8791198 ], [ 1.2675417, 38.8791438 ], [ 1.2674953, 38.8791225 ], [ 1.2674767, 38.8791223 ], [ 1.2674769, 38.8791118 ] ] ] } },
{ "type": "Feature", "properties": { "id": "finca_00313", "lat": 38.873207638999844, "lon": 1.2554821224201629, "surface_estimee_m2": 86.17742971295489, "distance_plus_proche_voisin_m": 80.103196157906524, "qualifiee_finca": true, "neighborhood": "Es Caló d'en Real" }, "geometry": { "type": "Polygon", "coordinates": [ [ [ 1.2554528, 38.8731879 ], [ 1.2554241, 38.873204299999983 ], [ 1.2555072, 38.873293 ], [ 1.2555501, 38.8732687 ], [ 1.255467, 38.87318 ], [ 1.2555208, 38.8731499 ], [ 1.2554929, 38.8731196 ], [ 1.2554249, 38.8731577 ], [ 1.2554528, 38.8731879 ] ] ] } },
{ "type": "Feature", "properties": { "id": "finca_00314", "lat": 38.873651750428827, "lon": 1.2562097664618519, "surface_estimee_m2": 65.835157713657281, "distance_plus_proche_voisin_m": 80.103196157906524, "qualifiee_finca": true, "neighborhood": "Es Caló d'en Real" }, "geometry": { "type": "Polygon", "coordinates": [ [ [ 1.2561858, 38.873702 ], [ 1.2562786, 38.87365 ], [ 1.2562338, 38.8736015 ], [ 1.2561409, 38.8736535 ], [ 1.2561858, 38.873702 ] ] ] } },
{ "type": "Feature", "properties": { "id": "finca_00315", "lat": 38.869103165800475, "lon": 1.2447981956293939, "surface_estimee_m2": 63.125504514085947, "distance_plus_proche_voisin_m": 281.68079854133748, "qualifiee_finca": true, "neighborhood": "Es Caló d'en Real" }, "geometry": { "type": "Polygon", "coordinates": [ [ [ 1.2448112, 38.8691553 ], [ 1.2448643, 38.8691163 ], [ 1.2447852, 38.869051 ], [ 1.2447321, 38.869090100000015 ], [ 1.2448112, 38.8691553 ] ] ] } },
{ "type": "Feature", "properties": { "id": "finca_00316", "lat": 38.867271365300518, "lon": 1.248601689684534, "surface_estimee_m2": 88.281625331115322, "distance_plus_proche_voisin_m": 114.37456208512766, "qualifiee_finca": true, "neighborhood": "Es Caló d'en Real" }, "geometry": { "type": "Polygon", "coordinates": [ [ [ 1.2487061, 38.8672863 ], [ 1.2485784, 38.867291699999988 ], [ 1.24851, 38.86731 ], [ 1.2484915, 38.8672677 ], [ 1.2485673, 38.8672489 ], [ 1.2487031, 38.8672414 ], [ 1.2487061, 38.8672863 ] ] ] } },
{ "type": "Feature", "properties": { "id": "finca_00317", "lat": 38.8675028, "lon": 1.24731735, "surface_estimee_m2": 103.54034812405612, "distance_plus_proche_voisin_m": 114.37456208512766, "qualifiee_finca": true, "neighborhood": "Es Caló d'en Real" }, "geometry": { "type": "Polygon", "coordinates": [ [ [ 1.2472406, 38.8675301 ], [ 1.24737, 38.8675541 ], [ 1.2473941, 38.8674755 ], [ 1.2472647, 38.867451499999987 ], [ 1.2472406, 38.8675301 ] ] ] } },
{ "type": "Feature", "properties": { "id": "finca_00318", "lat": 38.86335255, "lon": 1.24822315, "surface_estimee_m2": 81.212482385447586, "distance_plus_proche_voisin_m": 79.780610411141538, "qualifiee_finca": true, "neighborhood": "Es Caló d'en Real" }, "geometry": { "type": "Polygon", "coordinates": [ [ [ 1.2481465, 38.8633752 ], [ 1.248292, 38.8633872 ], [ 1.2482998, 38.863329899999975 ], [ 1.2481543, 38.8633179 ], [ 1.2481465, 38.8633752 ] ] ] } },
{ "type": "Feature", "properties": { "id": "finca_00319", "lat": 38.863231463211299, "lon": 1.2491293235910721, "surface_estimee_m2": 72.929384630511251, "distance_plus_proche_voisin_m": 79.780610411141538, "qualifiee_finca": true, "neighborhood": "Es Caló d'en Real" }, "geometry": { "type": "Polygon", "coordinates": [ [ [ 1.2491953, 38.8632817 ], [ 1.2492203, 38.8632434 ], [ 1.2490634, 38.8631812 ], [ 1.2490384, 38.8632196 ], [ 1.2491953, 38.8632817 ] ] ] } },
{ "type": "Feature", "properties": { "id": "finca_00320", "lat": 38.870362344104663, "lon": 1.258881061827487, "surface_estimee_m2": 126.43995480304494, "distance_plus_proche_voisin_m": 122.38010424359561, "qualifiee_finca": true, "neighborhood": "Es Caló d'en Real" }, "geometry": { "type": "Polygon", "coordinates": [ [ [ 1.2587707, 38.8703321 ], [ 1.2589441, 38.8704391 ], [ 1.2589914, 38.8703926 ], [ 1.2588181, 38.8702856 ], [ 1.2587707, 38.8703321 ] ] ] } },
{ "type": "Feature", "properties": { "id": "finca_00321", "lat": 38.869377937666677, "lon": 1.2582459590036166, "surface_estimee_m2": 84.993301470545759, "distance_plus_proche_voisin_m": 122.38010424359561, "qualifiee_finca": true, "neighborhood": "Es Caló d'en Real" }, "geometry": { "type": "Polygon", "coordinates": [ [ [ 1.2582432, 38.869426600000011 ], [ 1.2581696, 38.8693743 ], [ 1.258234, 38.869319400000016 ], [ 1.2583114, 38.869374300000025 ], [ 1.2583055, 38.8693794 ], [ 1.2583188, 38.8693888 ], [ 1.2582742, 38.869426899999986 ], [ 1.2582432, 38.869426600000011 ] ] ] } },
{ "type": "Feature", "properties": { "id": "finca_00322", "lat": 38.866044521056565, "lon": 1.2544886575265239, "surface_estimee_m2": 69.270470131327102, "distance_plus_proche_voisin_m": 188.00629458572928, "qualifiee_finca": true, "neighborhood": "Es Caló d'en Real" }, "geometry": { "type": "Polygon", "coordinates": [ [ [ 1.2544591, 38.8660927 ], [ 1.2545436, 38.8660766 ], [ 1.2545182, 38.8659963 ], [ 1.2544337, 38.8660125 ], [ 1.2544591, 38.8660927 ] ] ] } },
{ "type": "Feature", "properties": { "id": "finca_00323", "lat": 38.867185901667561, "lon": 1.2560893666697044, "surface_estimee_m2": 73.994682810176727, "distance_plus_proche_voisin_m": 188.00629458572928, "qualifiee_finca": true, "neighborhood": "Es Caló d'en Real" }, "geometry": { "type": "Polygon", "coordinates": [ [ [ 1.2560893, 38.867131 ], [ 1.2560194, 38.867192900000013 ], [ 1.2560895, 38.8672408 ], [ 1.2561593, 38.8671789 ], [ 1.2560893, 38.867131 ] ] ] } },
{ "type": "Feature", "properties": { "id": "finca_00324", "lat": 38.87251425, "lon": 1.260999, "surface_estimee_m2": 88.102343263904359, "distance_plus_proche_voisin_m": 301.37903025506807, "qualifiee_finca": true, "neighborhood": "Es Caló d'en Real" }, "geometry": { "type": "Polygon", "coordinates": [ [ [ 1.2610198, 38.8725785 ], [ 1.2610781, 38.872538699999978 ], [ 1.2609782, 38.87245 ], [ 1.2609199, 38.8724898 ], [ 1.2610198, 38.8725785 ] ] ] } },
{ "type": "Feature", "properties": { "id": "finca_00325", "lat": 38.878185913022818, "lon": 1.2595160888663675, "surface_estimee_m2": 77.596252540635504, "distance_plus_proche_voisin_m": 86.935712049168615, "qualifiee_finca": true, "neighborhood": "Es Caló d'en Real" }, "geometry": { "type": "Polygon", "coordinates": [ [ [ 1.2595181, 38.8782554 ], [ 1.2594782, 38.878221700000012 ], [ 1.2594889, 38.878214 ], [ 1.2594693, 38.8781974 ], [ 1.2594941, 38.878179699999976 ], [ 1.2594719, 38.8781609 ], [ 1.2594907, 38.8781474 ], [ 1.2594693, 38.878129399999985 ], [ 1.259493, 38.878112399999985 ], [ 1.2595389, 38.8781513 ], [ 1.2595484, 38.878144400000018 ], [ 1.2595706, 38.878163199999989 ], [ 1.2595345, 38.878189 ], [ 1.2595695, 38.8782186 ], [ 1.2595181, 38.8782554 ] ] ] } },
{ "type": "Feature", "properties": { "id": "finca_00326", "lat": 38.878632019222728, "lon": 1.2603396432476099, "surface_estimee_m2": 75.263627767461429, "distance_plus_proche_voisin_m": 86.935712049168615, "qualifiee_finca": true, "neighborhood": "Es Caló d'en Real" }, "geometry": { "type": "Polygon", "coordinates": [ [ [ 1.2604046, 38.8786855 ], [ 1.2603494, 38.878657 ], [ 1.2603291, 38.8786808 ], [ 1.2602839, 38.8786574 ], [ 1.2603118, 38.878624799999983 ], [ 1.2602749, 38.8786057 ], [ 1.2603123, 38.878562 ], [ 1.260352, 38.8785825 ], [ 1.2603298, 38.8786086 ], [ 1.2604272, 38.878659099999986 ], [ 1.2604046, 38.8786855 ] ] ] } },
{ "type": "Feature", "properties": { "id": "finca_00327", "lat": 38.8834265, "lon": 1.2655694, "surface_estimee_m2": 83.913052611733974, "distance_plus_proche_voisin_m": 166.91375790414187, "qualifiee_finca": true, "neighborhood": "Cala Molí" }, "geometry": { "type": "Polygon", "coordinates": [ [ [ 1.2656057, 38.8834933 ], [ 1.2656525, 38.8834594 ], [ 1.2655331, 38.8833597 ], [ 1.2654863, 38.8833936 ], [ 1.2656057, 38.8834933 ] ] ] } },
{ "type": "Feature", "properties": { "id": "finca_00328", "lat": 38.885958898729413, "lon": 1.274604165862659, "surface_estimee_m2": 60.883832237261096, "distance_plus_proche_voisin_m": 163.89763805269754, "qualifiee_finca": true, "neighborhood": "Cala Molí" }, "geometry": { "type": "Polygon", "coordinates": [ [ [ 1.2746347, 38.8860071 ], [ 1.2746729, 38.8859639 ], [ 1.2745737, 38.8859107 ], [ 1.2745354, 38.885953900000025 ], [ 1.2746347, 38.8860071 ] ] ] } },
{ "type": "Feature", "properties": { "id": "finca_00329", "lat": 38.885125063807841, "lon": 1.2730450340977961, "surface_estimee_m2": 96.863420988451338, "distance_plus_proche_voisin_m": 74.451254721503574, "qualifiee_finca": true, "neighborhood": "Cala Molí" }, "geometry": { "type": "Polygon", "coordinates": [ [ [ 1.2729516, 38.8851083 ], [ 1.2730964, 38.8851881 ], [ 1.2731385, 38.8851419 ], [ 1.2729937, 38.885062 ], [ 1.2729516, 38.8851083 ] ] ] } },
{ "type": "Feature", "properties": { "id": "finca_00330", "lat": 38.884007926820502, "lon": 1.2673436779795053, "surface_estimee_m2": 125.35071888294635, "distance_plus_proche_voisin_m": 34.398553836697843, "qualifiee_finca": true, "neighborhood": "Cala Molí" }, "geometry": { "type": "Polygon", "coordinates": [ [ [ 1.2674253, 38.8840197 ], [ 1.2673685, 38.8840805 ], [ 1.2672553, 38.884016399999986 ], [ 1.2673345, 38.883931599999983 ], [ 1.2673783, 38.883956500000011 ], [ 1.2673716, 38.8839637 ], [ 1.2674062, 38.8839832 ], [ 1.2673905, 38.884 ], [ 1.2674253, 38.8840197 ] ] ] } },
{ "type": "Feature", "properties": { "id": "finca_00331", "lat": 38.885739916349664, "lon": 1.2635143578216868, "surface_estimee_m2": 130.88888626841427, "distance_plus_proche_voisin_m": 104.57132932852599, "qualifiee_finca": true, "neighborhood": "Cala Molí" }, "geometry": { "type": "Polygon", "coordinates": [ [ [ 1.2635509, 38.8857234 ], [ 1.2635866, 38.8857639 ], [ 1.2634898, 38.8858156 ], [ 1.2634216, 38.8857381 ], [ 1.2635658, 38.8856612 ], [ 1.2635983, 38.8856981 ], [ 1.2635509, 38.8857234 ] ] ] } },
{ "type": "Feature", "properties": { "id": "finca_00332", "lat": 38.88511805, "lon": 1.2644198, "surface_estimee_m2": 71.097623829090423, "distance_plus_proche_voisin_m": 104.57132932852599, "qualifiee_finca": true, "neighborhood": "Cala Molí" }, "geometry": { "type": "Polygon", "coordinates": [ [ [ 1.2644899, 38.885125899999977 ], [ 1.2644331, 38.8851722 ], [ 1.2643497, 38.8851102 ], [ 1.2644065, 38.8850639 ], [ 1.2644899, 38.885125899999977 ] ] ] } },
{ "type": "Feature", "properties": { "id": "finca_00333", "lat": 38.88424955, "lon": 1.26759195, "surface_estimee_m2": 90.363880209254987, "distance_plus_proche_voisin_m": 34.398553836697843, "qualifiee_finca": true, "neighborhood": "Cala Molí" }, "geometry": { "type": "Polygon", "coordinates": [ [ [ 1.2676757, 38.8842598 ], [ 1.2676265, 38.8843098 ], [ 1.2675082, 38.8842393 ], [ 1.2675574, 38.884189299999989 ], [ 1.2676757, 38.8842598 ] ] ] } },
{ "type": "Feature", "properties": { "id": "finca_00334", "lat": 38.884139163149285, "lon": 1.2632022427686411, "surface_estimee_m2": 65.097070160440026, "distance_plus_proche_voisin_m": 143.15546849270257, "qualifiee_finca": true, "neighborhood": "Es Caló d'en Real" }, "geometry": { "type": "Polygon", "coordinates": [ [ [ 1.2632703, 38.8841723 ], [ 1.2632238, 38.8841993 ], [ 1.2631342, 38.8841061 ], [ 1.2631807, 38.884079 ], [ 1.2632703, 38.8841723 ] ] ] } },
{ "type": "Feature", "properties": { "id": "finca_00335", "lat": 38.8841642, "lon": 1.2710982, "surface_estimee_m2": 127.02816021015127, "distance_plus_proche_voisin_m": 153.07471064476874, "qualifiee_finca": true, "neighborhood": "Cala Molí" }, "geometry": { "type": "Polygon", "coordinates": [ [ [ 1.2709607, 38.884079 ], [ 1.2709359, 38.8841116 ], [ 1.2712357, 38.8842494 ], [ 1.2712605, 38.8842168 ], [ 1.2709607, 38.884079 ] ] ] } },
{ "type": "Feature", "properties": { "id": "finca_00336", "lat": 38.883134338254251, "lon": 1.2581495284505551, "surface_estimee_m2": 143.44140764195629, "distance_plus_proche_voisin_m": 68.908978484568337, "qualifiee_finca": true, "neighborhood": "Es Caló d'en Real" }, "geometry": { "type": "Polygon", "coordinates": [ [ [ 1.2581599, 38.8832234 ], [ 1.2581393, 38.8831949 ], [ 1.2581305, 38.88319870000003 ], [ 1.2580727, 38.883119 ], [ 1.2580919, 38.8831105 ], [ 1.258068, 38.8830775 ], [ 1.2580899, 38.883067799999985 ], [ 1.2581003, 38.8830822 ], [ 1.2581467, 38.8830618 ], [ 1.2581585, 38.8830781 ], [ 1.2581946, 38.8830622 ], [ 1.2582181, 38.8830948 ], [ 1.258181, 38.883111100000015 ], [ 1.2582202, 38.8831652 ], [ 1.2581947, 38.883176400000011 ], [ 1.2582121, 38.8832005 ], [ 1.2581599, 38.8832234 ] ] ] } },
{ "type": "Feature", "properties": { "id": "finca_00337", "lat": 38.883035708026028, "lon": 1.2589337026169705, "surface_estimee_m2": 140.81879540942461, "distance_plus_proche_voisin_m": 68.908978484568337, "qualifiee_finca": true, "neighborhood": "Es Caló d'en Real" }, "geometry": { "type": "Polygon", "coordinates": [ [ [ 1.2590384, 38.883037699999981 ], [ 1.258994, 38.8830593 ], [ 1.2590073, 38.8830758 ], [ 1.2589712, 38.8830933 ], [ 1.258979, 38.8831029 ], [ 1.2589505, 38.8831167 ], [ 1.2589275, 38.883088 ], [ 1.2589147, 38.883094199999988 ], [ 1.2588515, 38.8830153 ], [ 1.2588612, 38.8830105 ], [ 1.2588389, 38.8829827 ], [ 1.2588857, 38.88296 ], [ 1.2589061, 38.8829854 ], [ 1.2589287, 38.8829744 ], [ 1.2589693, 38.8830251 ], [ 1.2590118, 38.8830045 ], [ 1.2590384, 38.883037699999981 ] ] ] } },
{ "type": "Feature", "properties": { "id": "finca_00338", "lat": 38.887638729022385, "lon": 1.2646650030763373, "surface_estimee_m2": 58.154377171239332, "distance_plus_proche_voisin_m": 140.45742949174704, "qualifiee_finca": true, "neighborhood": "Cala Molí" }, "geometry": { "type": "Polygon", "coordinates": [ [ [ 1.2647075, 38.8876814 ], [ 1.2645968, 38.8876434 ], [ 1.2646219, 38.88760280000001 ], [ 1.2646521, 38.887614099999986 ], [ 1.2646638, 38.8875953 ], [ 1.2647018, 38.8876095 ], [ 1.2646886, 38.8876309 ], [ 1.264734, 38.8876562 ], [ 1.2647075, 38.8876814 ] ] ] } },
{ "type": "Feature", "properties": { "id": "finca_00339", "lat": 38.886628704378545, "lon": 1.2595756807405631, "surface_estimee_m2": 89.98927405408476, "distance_plus_proche_voisin_m": 43.844481026071122, "qualifiee_finca": true, "neighborhood": "Es Caló d'en Real" }, "geometry": { "type": "Polygon", "coordinates": [ [ [ 1.2595037, 38.8866063 ], [ 1.2595432, 38.8866835 ], [ 1.2596477, 38.8866511 ], [ 1.2596081, 38.8865739 ], [ 1.2595037, 38.8866063 ] ] ] } },
{ "type": "Feature", "properties": { "id": "finca_00340", "lat": 38.88625068900793, "lon": 1.2594290955535112, "surface_estimee_m2": 63.096237581501768, "distance_plus_proche_voisin_m": 43.844481026071122, "qualifiee_finca": true, "neighborhood": "Es Caló d'en Real" }, "geometry": { "type": "Polygon", "coordinates": [ [ [ 1.2594954, 38.8862309 ], [ 1.259441, 38.8863006 ], [ 1.259366, 38.8862651 ], [ 1.2594179, 38.8861987 ], [ 1.2594477, 38.8862128 ], [ 1.2594357, 38.886228 ], [ 1.2594543, 38.8862368 ], [ 1.2594687, 38.8862183 ], [ 1.2594954, 38.8862309 ] ] ] } },
{ "type": "Feature", "properties": { "id": "finca_00341", "lat": 38.88422016587851, "lon": 1.260082947045494, "surface_estimee_m2": 110.61915104798192, "distance_plus_proche_voisin_m": 42.912121989592734, "qualifiee_finca": true, "neighborhood": "Es Caló d'en Real" }, "geometry": { "type": "Polygon", "coordinates": [ [ [ 1.2600321, 38.8842564 ], [ 1.2600304, 38.8842637 ], [ 1.2600352, 38.88427080000001 ], [ 1.2600458, 38.8842713 ], [ 1.2600544, 38.88426639999998 ], [ 1.2600572, 38.8842627 ], [ 1.2600975, 38.8842808 ], [ 1.260122, 38.8842478 ], [ 1.26013, 38.884251399999989 ], [ 1.2601729, 38.8841935 ], [ 1.2601369, 38.8841773 ], [ 1.260128, 38.8841893 ], [ 1.2600747, 38.8841654 ], [ 1.2600651, 38.8841782 ], [ 1.2600496, 38.8841712 ], [ 1.260032, 38.884195 ], [ 1.2600241, 38.8841915 ], [ 1.2599962, 38.8842293 ], [ 1.2600382, 38.8842482 ], [ 1.2600321, 38.8842564 ] ] ] } },
{ "type": "Feature", "properties": { "id": "finca_00342", "lat": 38.882478584485234, "lon": 1.2599626660618541, "surface_estimee_m2": 54.445080904702465, "distance_plus_proche_voisin_m": 108.59881870942785, "qualifiee_finca": true, "neighborhood": "Es Caló d'en Real" }, "geometry": { "type": "Polygon", "coordinates": [ [ [ 1.259965, 38.8825376 ], [ 1.2600123, 38.8825232 ], [ 1.2599604, 38.8824196 ], [ 1.259913, 38.882434 ], [ 1.259965, 38.8825376 ] ] ] } },
{ "type": "Feature", "properties": { "id": "finca_00343", "lat": 38.88385939110271, "lon": 1.2615914659670515, "surface_estimee_m2": 67.961420949747222, "distance_plus_proche_voisin_m": 136.86462542528056, "qualifiee_finca": true, "neighborhood": "Es Caló d'en Real" }, "geometry": { "type": "Polygon", "coordinates": [ [ [ 1.2616543, 38.8838916 ], [ 1.2615961, 38.8839179 ], [ 1.2615286, 38.883827199999978 ], [ 1.2615869, 38.8838009 ], [ 1.2616543, 38.8838916 ] ] ] } },
{ "type": "Feature", "properties": { "id": "finca_00344", "lat": 38.886146504683595, "lon": 1.2613856154346783, "surface_estimee_m2": 120.13938577501423, "distance_plus_proche_voisin_m": 165.89166309615004, "qualifiee_finca": true, "neighborhood": "Es Caló d'en Real" }, "geometry": { "type": "Polygon", "coordinates": [ [ [ 1.2614101, 38.8861387 ], [ 1.2614637, 38.8862001 ], [ 1.261405, 38.8862312 ], [ 1.2613015, 38.8861126 ], [ 1.2613878, 38.886067 ], [ 1.2614376, 38.886124100000011 ], [ 1.2614101, 38.8861387 ] ] ] } },
{ "type": "Feature", "properties": { "id": "finca_00345", "lat": 38.892813795628193, "lon": 1.2693318140148986, "surface_estimee_m2": 82.89370035181733, "distance_plus_proche_voisin_m": 81.686993827596311, "qualifiee_finca": true, "neighborhood": "Cala Molí" }, "geometry": { "type": "Polygon", "coordinates": [ [ [ 1.2693625, 38.8928719 ], [ 1.2692961, 38.8928383 ], [ 1.2693052, 38.892827299999986 ], [ 1.2692475, 38.8927982 ], [ 1.2692699, 38.8927714 ], [ 1.2692951, 38.8927841 ], [ 1.2693161, 38.892759 ], [ 1.2693473, 38.892774799999984 ], [ 1.2693414, 38.892782 ], [ 1.269409, 38.8928162 ], [ 1.2693625, 38.8928719 ] ] ] } },
{ "type": "Feature", "properties": { "id": "finca_00346", "lat": 38.880128777514699, "lon": 1.2441605484009119, "surface_estimee_m2": 68.644135480633835, "distance_plus_proche_voisin_m": 35.892144230962842, "qualifiee_finca": true, "neighborhood": "Es Caló d'en Real" }, "geometry": { "type": "Polygon", "coordinates": [ [ [ 1.2441856, 38.880219899999986 ], [ 1.2441742, 38.880036199999985 ], [ 1.2441355, 38.8800376 ], [ 1.2441469, 38.8802214 ], [ 1.2441856, 38.880219899999986 ] ] ] } },
{ "type": "Feature", "properties": { "id": "finca_00347", "lat": 38.88177235, "lon": 1.2446151, "surface_estimee_m2": 57.681891297732669, "distance_plus_proche_voisin_m": 11.420702234879808, "qualifiee_finca": true, "neighborhood": "Es Caló d'en Real" }, "geometry": { "type": "Polygon", "coordinates": [ [ [ 1.2445463, 38.881783299999988 ], [ 1.244669, 38.8818073 ], [ 1.2446839, 38.8817614 ], [ 1.2445612, 38.8817374 ], [ 1.2445463, 38.881783299999988 ] ] ] } },
{ "type": "Feature", "properties": { "id": "finca_00348", "lat": 38.887708877639497, "lon": 1.2445977063234628, "surface_estimee_m2": 133.29114387699258, "distance_plus_proche_voisin_m": 154.73954681694153, "qualifiee_finca": true, "neighborhood": "Es Caló d'en Real" }, "geometry": { "type": "Polygon", "coordinates": [ [ [ 1.2445641, 38.8877634 ], [ 1.2445957, 38.8877429 ], [ 1.2445033, 38.887656799999988 ], [ 1.244561, 38.8876193 ], [ 1.2446917, 38.887741 ], [ 1.2446023, 38.8877991 ], [ 1.2445641, 38.8877634 ] ] ] } },
{ "type": "Feature", "properties": { "id": "finca_00349", "lat": 38.886954536977022, "lon": 1.2430977386207605, "surface_estimee_m2": 128.95696182184312, "distance_plus_proche_voisin_m": 113.38129509393228, "qualifiee_finca": true, "neighborhood": "Es Caló d'en Real" }, "geometry": { "type": "Polygon", "coordinates": [ [ [ 1.2431229, 38.8870222 ], [ 1.2429996, 38.8869659 ], [ 1.2430408, 38.8869112 ], [ 1.2430716, 38.886925299999987 ], [ 1.2430978, 38.8868905 ], [ 1.2431904, 38.8869328 ], [ 1.2431229, 38.8870222 ] ] ] } },
{ "type": "Feature", "properties": { "id": "finca_00350", "lat": 38.887479493698144, "lon": 1.2419766150943372, "surface_estimee_m2": 53.291191213769899, "distance_plus_proche_voisin_m": 78.36091854361473, "qualifiee_finca": true, "neighborhood": "Es Caló d'en Real" }, "geometry": { "type": "Polygon", "coordinates": [ [ [ 1.2419641, 38.8874292 ], [ 1.2420368, 38.8875003 ], [ 1.2419892, 38.8875298 ], [ 1.2419164, 38.8874587 ], [ 1.2419641, 38.8874292 ] ] ] } },
{ "type": "Feature", "properties": { "id": "finca_00351", "lat": 38.8851768, "lon": 1.2439764, "surface_estimee_m2": 50.824460615002927, "distance_plus_proche_voisin_m": 75.4670183871376, "qualifiee_finca": true, "neighborhood": "Es Caló d'en Real" }, "geometry": { "type": "Polygon", "coordinates": [ [ [ 1.2439554, 38.8851271 ], [ 1.2440382, 38.885197400000017 ], [ 1.2439974, 38.885226499999987 ], [ 1.2439146, 38.8851562 ], [ 1.2439554, 38.8851271 ] ] ] } },
{ "type": "Feature", "properties": { "id": "finca_00352", "lat": 38.88450455000001, "lon": 1.24384645, "surface_estimee_m2": 95.544782853620319, "distance_plus_proche_voisin_m": 75.4670183871376, "qualifiee_finca": true, "neighborhood": "Es Caló d'en Real" }, "geometry": { "type": "Polygon", "coordinates": [ [ [ 1.2437774, 38.8844419 ], [ 1.2438352, 38.8844225 ], [ 1.2439155, 38.8845672 ], [ 1.2438577, 38.8845866 ], [ 1.2437774, 38.8844419 ] ] ] } },
{ "type": "Feature", "properties": { "id": "finca_00353", "lat": 38.884187269504679, "lon": 1.2448446417239376, "surface_estimee_m2": 57.129300988414549, "distance_plus_proche_voisin_m": 93.48778660967065, "qualifiee_finca": true, "neighborhood": "Es Caló d'en Real" }, "geometry": { "type": "Polygon", "coordinates": [ [ [ 1.2447902, 38.884217300000024 ], [ 1.2449058, 38.884208 ], [ 1.2448991, 38.8841572 ], [ 1.2447834, 38.8841666 ], [ 1.2447902, 38.884217300000024 ] ] ] } },
{ "type": "Feature", "properties": { "id": "finca_00354", "lat": 38.880416164723187, "lon": 1.2499323097458142, "surface_estimee_m2": 110.08471334193433, "distance_plus_proche_voisin_m": 173.33882753102046, "qualifiee_finca": true, "neighborhood": "Es Caló d'en Real" }, "geometry": { "type": "Polygon", "coordinates": [ [ [ 1.2500133, 38.8803844 ], [ 1.2500045, 38.8804704 ], [ 1.2499536, 38.8804672 ], [ 1.2499561, 38.880443199999988 ], [ 1.2498373, 38.8804358 ], [ 1.2498432, 38.8803777 ], [ 1.2499407, 38.8803838 ], [ 1.2499411, 38.8803799 ], [ 1.2500133, 38.8803844 ] ] ] } },
{ "type": "Feature", "properties": { "id": "finca_00355", "lat": 38.877046696376141, "lon": 1.2539712309842674, "surface_estimee_m2": 145.66604106251717, "distance_plus_proche_voisin_m": 83.709468392300607, "qualifiee_finca": true, "neighborhood": "Es Caló d'en Real" }, "geometry": { "type": "Polygon", "coordinates": [ [ [ 1.2540343, 38.87710869999998 ], [ 1.2539453, 38.8771158 ], [ 1.2539415, 38.877086899999988 ], [ 1.2539203, 38.877088599999986 ], [ 1.2539151, 38.8770493 ], [ 1.2538992, 38.8770506 ], [ 1.2538911, 38.8769886 ], [ 1.2539734, 38.876982 ], [ 1.2539763, 38.8770048 ], [ 1.2540374, 38.876999899999987 ], [ 1.2540469, 38.8770722 ], [ 1.2540297, 38.8770736 ], [ 1.2540343, 38.87710869999998 ] ] ] } },
{ "type": "Feature", "properties": { "id": "finca_00356", "lat": 38.879961027892762, "lon": 1.2518434335149315, "surface_estimee_m2": 86.964822903359945, "distance_plus_proche_voisin_m": 173.33882753102046, "qualifiee_finca": true, "neighborhood": "Es Caló d'en Real" }, "geometry": { "type": "Polygon", "coordinates": [ [ [ 1.2517785, 38.8799495 ], [ 1.2518205, 38.879939899999989 ], [ 1.251811, 38.8799149 ], [ 1.2518727, 38.8799008 ], [ 1.2519069, 38.8799911 ], [ 1.2518033, 38.8800148 ], [ 1.2517785, 38.8799495 ] ] ] } },
{ "type": "Feature", "properties": { "id": "finca_00357", "lat": 38.881660353435038, "lon": 1.2454891778088875, "surface_estimee_m2": 50.461267538503137, "distance_plus_proche_voisin_m": 76.01258131008079, "qualifiee_finca": true, "neighborhood": "Es Caló d'en Real" }, "geometry": { "type": "Polygon", "coordinates": [ [ [ 1.2455378, 38.8816301 ], [ 1.2455471, 38.8816782 ], [ 1.2454405, 38.8816906 ], [ 1.2454313, 38.8816425 ], [ 1.2455378, 38.8816301 ] ] ] } },
{ "type": "Feature", "properties": { "id": "finca_00358", "lat": 38.882237865024088, "lon": 1.2507726985142495, "surface_estimee_m2": 88.6019272042344, "distance_plus_proche_voisin_m": 214.95318261085285, "qualifiee_finca": true, "neighborhood": "Es Caló d'en Real" }, "geometry": { "type": "Polygon", "coordinates": [ [ [ 1.2508394, 38.882190799999989 ], [ 1.2508082, 38.882223500000016 ], [ 1.2508289, 38.8822355 ], [ 1.2507624, 38.882305200000012 ], [ 1.2506979, 38.8822678 ], [ 1.2507956, 38.8821655 ], [ 1.2508394, 38.882190799999989 ] ] ] } },
{ "type": "Feature", "properties": { "id": "finca_00359", "lat": 38.881669472710882, "lon": 1.2446131364500348, "surface_estimee_m2": 129.558726570564, "distance_plus_proche_voisin_m": 11.420702234879808, "qualifiee_finca": true, "neighborhood": "Es Caló d'en Real" }, "geometry": { "type": "Polygon", "coordinates": [ [ [ 1.2445465, 38.8816172 ], [ 1.2446952, 38.8816329 ], [ 1.2446798, 38.8817217 ], [ 1.2445311, 38.8817061 ], [ 1.2445465, 38.8816172 ] ] ] } },
{ "type": "Feature", "properties": { "id": "finca_00360", "lat": 38.880392391129391, "lon": 1.2444001135863056, "surface_estimee_m2": 127.40708506670829, "distance_plus_proche_voisin_m": 35.892144230962842, "qualifiee_finca": true, "neighborhood": "Es Caló d'en Real" }, "geometry": { "type": "Polygon", "coordinates": [ [ [ 1.2443531, 38.880446699999979 ], [ 1.2443311, 38.880337899999986 ], [ 1.2444378, 38.8803248 ], [ 1.244466, 38.880464499999974 ], [ 1.2444238, 38.880469599999984 ], [ 1.2444176, 38.8804388 ], [ 1.2443531, 38.880446699999979 ] ] ] } },
{ "type": "Feature", "properties": { "id": "finca_00361", "lat": 38.8733029, "lon": 1.25252725, "surface_estimee_m2": 55.304079455388859, "distance_plus_proche_voisin_m": 256.61382582888655, "qualifiee_finca": true, "neighborhood": "Es Caló d'en Real" }, "geometry": { "type": "Polygon", "coordinates": [ [ [ 1.2525832, 38.873278099999986 ], [ 1.2525812, 38.8733303 ], [ 1.2524713, 38.8733277 ], [ 1.2524733, 38.8732755 ], [ 1.2525832, 38.873278099999986 ] ] ] } },
{ "type": "Feature", "properties": { "id": "finca_00362", "lat": 38.8776881, "lon": 1.2534638, "surface_estimee_m2": 128.52937189878912, "distance_plus_proche_voisin_m": 83.709468392300607, "qualifiee_finca": true, "neighborhood": "Es Caló d'en Real" }, "geometry": { "type": "Polygon", "coordinates": [ [ [ 1.2533839, 38.877644 ], [ 1.2534785, 38.8776127 ], [ 1.2535437, 38.8777322 ], [ 1.2534491, 38.8777635 ], [ 1.2533839, 38.877644 ] ] ] } },
{ "type": "Feature", "properties": { "id": "finca_00363", "lat": 38.88135472168225, "lon": 1.2479595601050324, "surface_estimee_m2": 79.874741947503551, "distance_plus_proche_voisin_m": 171.04514286504141, "qualifiee_finca": true, "neighborhood": "Es Caló d'en Real" }, "geometry": { "type": "Polygon", "coordinates": [ [ [ 1.247898, 38.881324199999987 ], [ 1.2480004, 38.8813076 ], [ 1.2480211, 38.8813853 ], [ 1.2479187, 38.8814018 ], [ 1.247898, 38.881324199999987 ] ] ] } },
{ "type": "Feature", "properties": { "id": "finca_00364", "lat": 38.880119370380292, "lon": 1.2467811420350683, "surface_estimee_m2": 129.74859765952158, "distance_plus_proche_voisin_m": 171.04514286504141, "qualifiee_finca": true, "neighborhood": "Es Caló d'en Real" }, "geometry": { "type": "Polygon", "coordinates": [ [ [ 1.2468631, 38.8801314 ], [ 1.2468082, 38.8801383 ], [ 1.2468145, 38.8801688 ], [ 1.2467047, 38.8801826 ], [ 1.2466967, 38.8801439 ], [ 1.2467191, 38.8801411 ], [ 1.2467109, 38.8801014 ], [ 1.2467553, 38.8800958 ], [ 1.2467495, 38.880067299999986 ], [ 1.2468473, 38.8800551 ], [ 1.2468631, 38.8801314 ] ] ] } },
{ "type": "Feature", "properties": { "id": "finca_00365", "lat": 38.882695587044594, "lon": 1.2420240472379382, "surface_estimee_m2": 126.00191726857243, "distance_plus_proche_voisin_m": 99.189981487359645, "qualifiee_finca": true, "neighborhood": "Es Caló d'en Real" }, "geometry": { "type": "Polygon", "coordinates": [ [ [ 1.2419489, 38.8826456 ], [ 1.2420295, 38.882631199999977 ], [ 1.2420368, 38.882655699999987 ], [ 1.2420734, 38.88264920000001 ], [ 1.2421024, 38.8827476 ], [ 1.2420641, 38.8827545 ], [ 1.24206, 38.8827406 ], [ 1.241981, 38.8827547 ], [ 1.2419489, 38.8826456 ] ] ] } },
{ "type": "Feature", "properties": { "id": "finca_00366", "lat": 38.882140827780887, "lon": 1.2429203237886437, "surface_estimee_m2": 144.06300456571577, "distance_plus_proche_voisin_m": 99.189981487359645, "qualifiee_finca": true, "neighborhood": "Es Caló d'en Real" }, "geometry": { "type": "Polygon", "coordinates": [ [ [ 1.2428661, 38.8820779 ], [ 1.2429929, 38.8820823 ], [ 1.2429878, 38.8821707 ], [ 1.2429423, 38.8821691 ], [ 1.2429397, 38.8822149 ], [ 1.2428584, 38.8822121 ], [ 1.2428661, 38.8820779 ] ] ] } },
{ "type": "Feature", "properties": { "id": "finca_00367", "lat": 38.894484049586005, "lon": 1.2307750166216267, "surface_estimee_m2": 145.78295504415127, "distance_plus_proche_voisin_m": 57.095325582175356, "qualifiee_finca": true, "neighborhood": "Es Caló d'en Real" }, "geometry": { "type": "Polygon", "coordinates": [ [ [ 1.2306761, 38.8944816 ], [ 1.2307667, 38.8944073 ], [ 1.2308739, 38.894486500000014 ], [ 1.2307834, 38.8945608 ], [ 1.2306761, 38.8944816 ] ] ] } },
{ "type": "Feature", "properties": { "id": "finca_00368", "lat": 38.893972250658329, "lon": 1.2307093334246615, "surface_estimee_m2": 149.9251986479691, "distance_plus_proche_voisin_m": 57.095325582175356, "qualifiee_finca": true, "neighborhood": "Es Caló d'en Real" }, "geometry": { "type": "Polygon", "coordinates": [ [ [ 1.2306088, 38.8939683 ], [ 1.2306985, 38.893894399999986 ], [ 1.2308099, 38.8939762 ], [ 1.2307201, 38.894050100000015 ], [ 1.2306088, 38.8939683 ] ] ] } },
{ "type": "Feature", "properties": { "id": "finca_00369", "lat": 38.895290690303526, "lon": 1.2175239825396271, "surface_estimee_m2": 57.74567392565254, "distance_plus_proche_voisin_m": 18.107278054677497, "qualifiee_finca": true, "neighborhood": "Es Caló d'en Real" }, "geometry": { "type": "Polygon", "coordinates": [ [ [ 1.217569, 38.8952777 ], [ 1.2175299, 38.8953492 ], [ 1.2174933, 38.8953372 ], [ 1.2175054, 38.895315 ], [ 1.2174759, 38.895305299999983 ], [ 1.2174994, 38.8952621 ], [ 1.2175042, 38.895250299999987 ], [ 1.2175158, 38.89524179999998 ], [ 1.2175313, 38.895239 ], [ 1.2175499, 38.8952447 ], [ 1.21756, 38.8952581 ], [ 1.2175571, 38.8952735 ], [ 1.217569, 38.8952777 ] ] ] } },
{ "type": "Feature", "properties": { "id": "finca_00370", "lat": 38.897711705239026, "lon": 1.2175582502834938, "surface_estimee_m2": 133.19691098628738, "distance_plus_proche_voisin_m": 32.23105850217128, "qualifiee_finca": true, "neighborhood": "Es Caló d'en Real" }, "geometry": { "type": "Polygon", "coordinates": [ [ [ 1.217537, 38.8977831 ], [ 1.2175221, 38.8977553 ], [ 1.2175126, 38.8977584 ], [ 1.2175035, 38.8977414 ], [ 1.2175108, 38.897739 ], [ 1.2174757, 38.8976736 ], [ 1.2175804, 38.897639499999983 ], [ 1.2176139, 38.897702 ], [ 1.217625, 38.8976983 ], [ 1.2176334, 38.8977139 ], [ 1.2176222, 38.8977176 ], [ 1.2176395, 38.897749799999978 ], [ 1.217537, 38.8977831 ] ] ] } },
{ "type": "Feature", "properties": { "id": "finca_00371", "lat": 38.898001336703651, "lon": 1.2175318515935092, "surface_estimee_m2": 112.45906925885186, "distance_plus_proche_voisin_m": 32.23105850217128, "qualifiee_finca": true, "neighborhood": "Es Caló d'en Real" }, "geometry": { "type": "Polygon", "coordinates": [ [ [ 1.2174426, 38.8980539 ], [ 1.2174183, 38.8980085 ], [ 1.2176182, 38.8979435 ], [ 1.2176421, 38.897988299999987 ], [ 1.217578, 38.89800910000001 ], [ 1.217586, 38.898024 ], [ 1.2175219, 38.8980448 ], [ 1.2175143, 38.8980307 ], [ 1.2174426, 38.8980539 ] ] ] } },
{ "type": "Feature", "properties": { "id": "finca_00372", "lat": 38.982238423177613, "lon": 1.2999472047722207, "surface_estimee_m2": 95.193539374994359, "distance_plus_proche_voisin_m": 15.95112878447199, "qualifiee_finca": true, "neighborhood": "Vista Mar" }, "geometry": { "type": "Polygon", "coordinates": [ [ [ 1.2999101, 38.9822211 ], [ 1.2999001, 38.9822142 ], [ 1.2998965, 38.982204299999985 ], [ 1.2999001, 38.9821945 ], [ 1.2999098, 38.9821876 ], [ 1.2999269, 38.9821864 ], [ 1.2999406, 38.98219430000001 ], [ 1.299944, 38.9822074 ], [ 1.3000018, 38.9821957 ], [ 1.3000239, 38.9822621 ], [ 1.299897, 38.982289 ], [ 1.299876, 38.9822283 ], [ 1.2999101, 38.9822211 ] ] ] } },
{ "type": "Feature", "properties": { "id": "finca_00373", "lat": 38.961324706030098, "lon": 1.2501724382752106, "surface_estimee_m2": 117.00281940331602, "distance_plus_proche_voisin_m": 35.658424661191901, "qualifiee_finca": true, "neighborhood": "Port des Torrent" }, "geometry": { "type": "Polygon", "coordinates": [ [ [ 1.2502185, 38.9612793 ], [ 1.2502183, 38.9612994 ], [ 1.2502385, 38.9612995 ], [ 1.2502378, 38.9613607 ], [ 1.2502341, 38.9613607 ], [ 1.2502339, 38.9613786 ], [ 1.2501416, 38.961378099999976 ], [ 1.2501419, 38.9613528 ], [ 1.250107, 38.9613526 ], [ 1.2501079, 38.961269399999985 ], [ 1.2501652, 38.9612698 ], [ 1.2501651, 38.961279 ], [ 1.2502185, 38.9612793 ] ] ] } },
{ "type": "Feature", "properties": { "id": "finca_00374", "lat": 38.961908873004241, "lon": 1.2505635331847631, "surface_estimee_m2": 110.72138879356444, "distance_plus_proche_voisin_m": 40.344592081592957, "qualifiee_finca": true, "neighborhood": "Port des Torrent" }, "geometry": { "type": "Polygon", "coordinates": [ [ [ 1.2505037, 38.9618901 ], [ 1.2504973, 38.961945599999986 ], [ 1.2506434, 38.961955799999984 ], [ 1.2506475, 38.9619198 ], [ 1.2506369, 38.961919099999989 ], [ 1.2506401, 38.9618918 ], [ 1.2506043, 38.9618893 ], [ 1.2506055, 38.961878899999988 ], [ 1.2505595, 38.9618757 ], [ 1.2505588, 38.961881699999985 ], [ 1.2505498, 38.9618811 ], [ 1.2505522, 38.9618633 ], [ 1.2505385, 38.9618489 ], [ 1.2505159, 38.9618456 ], [ 1.2504996, 38.961852199999981 ], [ 1.2504908, 38.9618648 ], [ 1.2504925, 38.961879100000012 ], [ 1.2505037, 38.9618901 ] ] ] } },
{ "type": "Feature", "properties": { "id": "finca_00375", "lat": 38.961640184531234, "lon": 1.2502500293822549, "surface_estimee_m2": 147.97266361289996, "distance_plus_proche_voisin_m": 35.658424661191901, "qualifiee_finca": true, "neighborhood": "Port des Torrent" }, "geometry": { "type": "Polygon", "coordinates": [ [ [ 1.2501731, 38.9615806 ], [ 1.2502117, 38.9617151 ], [ 1.2503197, 38.9616963 ], [ 1.2503006, 38.961629599999988 ], [ 1.2503269, 38.9616251 ], [ 1.2503196, 38.9615993 ], [ 1.2503081, 38.961593599999979 ], [ 1.2502979, 38.9615954 ], [ 1.2502923, 38.9615757 ], [ 1.2502529, 38.9615826 ], [ 1.2502515, 38.9615779 ], [ 1.2502173, 38.9615838 ], [ 1.2502144, 38.9615735 ], [ 1.2501731, 38.9615806 ] ] ] } },
{ "type": "Feature", "properties": { "id": "finca_00376", "lat": 38.95499833407861, "lon": 1.254753148130787, "surface_estimee_m2": 58.691490201739299, "distance_plus_proche_voisin_m": 215.987173351221, "qualifiee_finca": true, "neighborhood": "Port des Torrent" }, "geometry": { "type": "Polygon", "coordinates": [ [ [ 1.2547431, 38.9549607 ], [ 1.2548182, 38.95498629999998 ], [ 1.2547739, 38.9550465 ], [ 1.254677, 38.9549891 ], [ 1.2547431, 38.9549607 ] ] ] } },
{ "type": "Feature", "properties": { "id": "finca_00377", "lat": 38.958251302163433, "lon": 1.2561124902785992, "surface_estimee_m2": 83.645261559879359, "distance_plus_proche_voisin_m": 47.06484494872214, "qualifiee_finca": true, "neighborhood": "Port des Torrent" }, "geometry": { "type": "Polygon", "coordinates": [ [ [ 1.2560473, 38.9582427 ], [ 1.2560861, 38.958227799999989 ], [ 1.2560738, 38.9582086 ], [ 1.2561255, 38.958188699999987 ], [ 1.2561799, 38.9582741 ], [ 1.2560895, 38.958309 ], [ 1.2560473, 38.9582427 ] ] ] } },
{ "type": "Feature", "properties": { "id": "finca_00378", "lat": 38.954326475327726, "lon": 1.2593069127454295, "surface_estimee_m2": 126.98254139568382, "distance_plus_proche_voisin_m": 88.885653522938156, "qualifiee_finca": true, "neighborhood": "Port des Torrent" }, "geometry": { "type": "Polygon", "coordinates": [ [ [ 1.2593791, 38.9542811 ], [ 1.2593768, 38.954374 ], [ 1.2592347, 38.9543718 ], [ 1.259237, 38.954279 ], [ 1.2593791, 38.9542811 ] ] ] } },
{ "type": "Feature", "properties": { "id": "finca_00379", "lat": 38.953809206549671, "lon": 1.2567256659604134, "surface_estimee_m2": 130.0651930682034, "distance_plus_proche_voisin_m": 183.85427407597086, "qualifiee_finca": true, "neighborhood": "Port des Torrent" }, "geometry": { "type": "Polygon", "coordinates": [ [ [ 1.2568161, 38.9537751 ], [ 1.2567173, 38.9538871 ], [ 1.2566352, 38.9538433 ], [ 1.2567341, 38.9537313 ], [ 1.2568161, 38.9537751 ] ] ] } },
{ "type": "Feature", "properties": { "id": "finca_00380", "lat": 38.9547703, "lon": 1.2584533, "surface_estimee_m2": 115.28190909460088, "distance_plus_proche_voisin_m": 88.885653522938156, "qualifiee_finca": true, "neighborhood": "Port des Torrent" }, "geometry": { "type": "Polygon", "coordinates": [ [ [ 1.258404, 38.9547114 ], [ 1.2585084, 38.9547146 ], [ 1.2585026, 38.9548292 ], [ 1.2583982, 38.954826 ], [ 1.258404, 38.9547114 ] ] ] } },
{ "type": "Feature", "properties": { "id": "finca_00381", "lat": 38.956013406547896, "lon": 1.2625508331788924, "surface_estimee_m2": 89.887258528737831, "distance_plus_proche_voisin_m": 124.90263558872667, "qualifiee_finca": true, "neighborhood": "Vista Mar" }, "geometry": { "type": "Polygon", "coordinates": [ [ [ 1.2624694, 38.9559789 ], [ 1.2626169, 38.955981 ], [ 1.2626151, 38.9560581 ], [ 1.2625373, 38.956057 ], [ 1.262538, 38.956027799999987 ], [ 1.2624683, 38.9560269 ], [ 1.2624694, 38.9559789 ] ] ] } },
{ "type": "Feature", "properties": { "id": "finca_00382", "lat": 38.958021471499436, "lon": 1.2556561380909832, "surface_estimee_m2": 94.327532011921306, "distance_plus_proche_voisin_m": 47.06484494872214, "qualifiee_finca": true, "neighborhood": "Port des Torrent" }, "geometry": { "type": "Polygon", "coordinates": [ [ [ 1.2556798, 38.957962500000015 ], [ 1.2557324, 38.95803870000001 ], [ 1.2556324, 38.958080400000014 ], [ 1.2555799, 38.9580043 ], [ 1.2556798, 38.957962500000015 ] ] ] } },
{ "type": "Feature", "properties": { "id": "finca_00383", "lat": 38.958617902772858, "lon": 1.2639763755373921, "surface_estimee_m2": 65.86224737999386, "distance_plus_proche_voisin_m": 142.009471163835, "qualifiee_finca": true, "neighborhood": "Vista Mar" }, "geometry": { "type": "Polygon", "coordinates": [ [ [ 1.2639055, 38.9586431 ], [ 1.2640487, 38.9586405 ], [ 1.2640472, 38.9585927 ], [ 1.2639041, 38.9585953 ], [ 1.2639055, 38.9586431 ] ] ] } },
{ "type": "Feature", "properties": { "id": "finca_00384", "lat": 38.949239725441423, "lon": 1.2761935337930412, "surface_estimee_m2": 110.27221556892121, "distance_plus_proche_voisin_m": 136.66713782831491, "qualifiee_finca": true, "neighborhood": "Vista Mar" }, "geometry": { "type": "Polygon", "coordinates": [ [ [ 1.2762833, 38.9492776 ], [ 1.2760861, 38.9492609 ], [ 1.276093, 38.9492112 ], [ 1.276197, 38.94922 ], [ 1.2762007, 38.949193 ], [ 1.276254, 38.9491975 ], [ 1.2762506, 38.9492224 ], [ 1.2762906, 38.9492258 ], [ 1.2762833, 38.9492776 ] ] ] } },
{ "type": "Feature", "properties": { "id": "finca_00385", "lat": 38.953008630246487, "lon": 1.2775285919193218, "surface_estimee_m2": 61.768141389033616, "distance_plus_proche_voisin_m": 20.389217071788053, "qualifiee_finca": true, "neighborhood": "Vista Mar" }, "geometry": { "type": "Polygon", "coordinates": [ [ [ 1.2775366, 38.952959699999987 ], [ 1.2775375, 38.9529889 ], [ 1.277575, 38.9529882 ], [ 1.2775768, 38.9530466 ], [ 1.277491, 38.9530481 ], [ 1.2774883, 38.9529606 ], [ 1.2775366, 38.952959699999987 ] ] ] } },
{ "type": "Feature", "properties": { "id": "finca_00386", "lat": 38.951914663663437, "lon": 1.2767620754250171, "surface_estimee_m2": 109.15994724519039, "distance_plus_proche_voisin_m": 50.094169382221438, "qualifiee_finca": true, "neighborhood": "Vista Mar" }, "geometry": { "type": "Polygon", "coordinates": [ [ [ 1.2767188, 38.9518471 ], [ 1.2768019, 38.9518458 ], [ 1.2768054, 38.9519822 ], [ 1.2767222, 38.9519835 ], [ 1.2767188, 38.9518471 ] ] ] } },
{ "type": "Feature", "properties": { "id": "finca_00387", "lat": 38.949172365162589, "lon": 1.2746191633149373, "surface_estimee_m2": 57.462373619673485, "distance_plus_proche_voisin_m": 13.235686864548725, "qualifiee_finca": true, "neighborhood": "Vista Mar" }, "geometry": { "type": "Polygon", "coordinates": [ [ [ 1.2745501, 38.9491802 ], [ 1.2746537, 38.9491252 ], [ 1.2746882, 38.9491646 ], [ 1.2745846, 38.9492195 ], [ 1.2745501, 38.9491802 ] ] ] } },
{ "type": "Feature", "properties": { "id": "finca_00388", "lat": 38.949133494760169, "lon": 1.2744748043429992, "surface_estimee_m2": 62.88125790844385, "distance_plus_proche_voisin_m": 13.235686864548725, "qualifiee_finca": true, "neighborhood": "Vista Mar" }, "geometry": { "type": "Polygon", "coordinates": [ [ [ 1.2745118, 38.9491737 ], [ 1.2744234, 38.949171 ], [ 1.2744262, 38.949116899999979 ], [ 1.2744652, 38.949118099999971 ], [ 1.274467, 38.9490827 ], [ 1.2745163, 38.9490842 ], [ 1.2745118, 38.9491737 ] ] ] } },
{ "type": "Feature", "properties": { "id": "finca_00389", "lat": 38.952912684524399, "lon": 1.2777291932517039, "surface_estimee_m2": 142.08935810155873, "distance_plus_proche_voisin_m": 20.389217071788053, "qualifiee_finca": true, "neighborhood": "Vista Mar" }, "geometry": { "type": "Polygon", "coordinates": [ [ [ 1.2776275, 38.952930599999988 ], [ 1.2777586, 38.952834899999978 ], [ 1.2778309, 38.9528947 ], [ 1.2776998, 38.9529905 ], [ 1.2776275, 38.952930599999988 ] ] ] } },
{ "type": "Feature", "properties": { "id": "finca_00390", "lat": 38.951589028289924, "lon": 1.2749393541721727, "surface_estimee_m2": 56.744923174547665, "distance_plus_proche_voisin_m": 127.81303851921281, "qualifiee_finca": true, "neighborhood": "Vista Mar" }, "geometry": { "type": "Polygon", "coordinates": [ [ [ 1.2749202, 38.9515357 ], [ 1.2749779, 38.9515424 ], [ 1.2749585, 38.9516424 ], [ 1.2749008, 38.9516356 ], [ 1.2749202, 38.9515357 ] ] ] } },
{ "type": "Feature", "properties": { "id": "finca_00391", "lat": 38.95274045, "lon": 1.2749271, "surface_estimee_m2": 59.153878053150649, "distance_plus_proche_voisin_m": 127.81303851921281, "qualifiee_finca": true, "neighborhood": "Vista Mar" }, "geometry": { "type": "Polygon", "coordinates": [ [ [ 1.2748915, 38.9527868 ], [ 1.2748986, 38.9526912 ], [ 1.2749627, 38.9526941 ], [ 1.2749556, 38.952789700000011 ], [ 1.2748915, 38.9527868 ] ] ] } },
{ "type": "Feature", "properties": { "id": "finca_00392", "lat": 38.952096822886261, "lon": 1.2772908630803936, "surface_estimee_m2": 89.148444856194573, "distance_plus_proche_voisin_m": 50.094169382221438, "qualifiee_finca": true, "neighborhood": "Vista Mar" }, "geometry": { "type": "Polygon", "coordinates": [ [ [ 1.2773227, 38.9520417 ], [ 1.2773556, 38.9521302 ], [ 1.2772591, 38.952152 ], [ 1.2772261, 38.9520634 ], [ 1.2773227, 38.9520417 ] ] ] } },
{ "type": "Feature", "properties": { "id": "finca_00393", "lat": 38.932378073473977, "lon": 1.2762658002010074, "surface_estimee_m2": 112.72413209274302, "distance_plus_proche_voisin_m": 12.960498479368244, "qualifiee_finca": true, "neighborhood": "Vista Mar" }, "geometry": { "type": "Polygon", "coordinates": [ [ [ 1.2761996, 38.9323118 ], [ 1.2761875, 38.9323769 ], [ 1.2762108, 38.9323795 ], [ 1.276207, 38.9324002 ], [ 1.2762532, 38.9324054 ], [ 1.2762483, 38.932432199999987 ], [ 1.276323, 38.9324406 ], [ 1.2763396, 38.932350799999988 ], [ 1.2762998, 38.932346300000013 ], [ 1.2762883, 38.932334399999988 ], [ 1.2762539, 38.932354399999987 ], [ 1.2762384, 38.9323527 ], [ 1.276245, 38.9323169 ], [ 1.2761996, 38.9323118 ] ] ] } },
{ "type": "Feature", "properties": { "id": "finca_00394", "lat": 38.93248385, "lon": 1.2762025, "surface_estimee_m2": 120.12919034051284, "distance_plus_proche_voisin_m": 12.960498479368244, "qualifiee_finca": true, "neighborhood": "Vista Mar" }, "geometry": { "type": "Polygon", "coordinates": [ [ [ 1.276169, 38.932416899999986 ], [ 1.2762948, 38.932482 ], [ 1.276236, 38.9325508 ], [ 1.2761102, 38.9324857 ], [ 1.276169, 38.932416899999986 ] ] ] } },
{ "type": "Feature", "properties": { "id": "finca_00395", "lat": 38.946515638043543, "lon": 1.2781748399761266, "surface_estimee_m2": 121.79506384474493, "distance_plus_proche_voisin_m": 76.081859772451324, "qualifiee_finca": true, "neighborhood": "Vista Mar" }, "geometry": { "type": "Polygon", "coordinates": [ [ [ 1.2781151, 38.9465935 ], [ 1.2782659, 38.9465136 ], [ 1.2781989, 38.946437 ], [ 1.2781275, 38.9464749 ], [ 1.2781595, 38.9465114 ], [ 1.27808, 38.9465534 ], [ 1.2781151, 38.9465935 ] ] ] } },
{ "type": "Feature", "properties": { "id": "finca_00396", "lat": 38.934968206324108, "lon": 1.289117385304138, "surface_estimee_m2": 87.893213090406732, "distance_plus_proche_voisin_m": 45.658847309884969, "qualifiee_finca": true, "neighborhood": "Vista Mar" }, "geometry": { "type": "Polygon", "coordinates": [ [ [ 1.2890489, 38.9350047 ], [ 1.2890626, 38.9349314 ], [ 1.2891779, 38.934929 ], [ 1.289179, 38.9350047 ], [ 1.2890489, 38.9350047 ] ] ] } },
{ "type": "Feature", "properties": { "id": "finca_00397", "lat": 38.935366507915809, "lon": 1.2892489423418632, "surface_estimee_m2": 102.18458672782494, "distance_plus_proche_voisin_m": 45.658847309884969, "qualifiee_finca": true, "neighborhood": "Vista Mar" }, "geometry": { "type": "Polygon", "coordinates": [ [ [ 1.2893734, 38.9353471 ], [ 1.2893694, 38.9353787 ], [ 1.2893079, 38.9353739 ], [ 1.2893034, 38.9354081 ], [ 1.2892594, 38.9354047 ], [ 1.28926, 38.9353997 ], [ 1.2891562, 38.9353916 ], [ 1.2891612, 38.9353524 ], [ 1.2891544, 38.9353518 ], [ 1.2891585, 38.9353199 ], [ 1.2892166, 38.9353244 ], [ 1.2892127, 38.935354399999987 ], [ 1.289284, 38.93535990000003 ], [ 1.2892865, 38.9353403 ], [ 1.2893734, 38.9353471 ] ] ] } },
{ "type": "Feature", "properties": { "id": "finca_00398", "lat": 38.937914, "lon": 1.2792749, "surface_estimee_m2": 74.403219948064191, "distance_plus_proche_voisin_m": 175.39651685179794, "qualifiee_finca": true, "neighborhood": "Vista Mar" }, "geometry": { "type": "Polygon", "coordinates": [ [ [ 1.2792824, 38.9379688 ], [ 1.2793436, 38.9379005 ], [ 1.2792674, 38.9378592 ], [ 1.2792062, 38.9379275 ], [ 1.2792824, 38.9379688 ] ] ] } },
{ "type": "Feature", "properties": { "id": "finca_00399", "lat": 38.935525395734125, "lon": 1.2754609685426266, "surface_estimee_m2": 68.527512667012786, "distance_plus_proche_voisin_m": 130.5088048249352, "qualifiee_finca": true, "neighborhood": "Vista Mar" }, "geometry": { "type": "Polygon", "coordinates": [ [ [ 1.2754829, 38.9354756 ], [ 1.2755244, 38.935543700000011 ], [ 1.2754391, 38.935575199999988 ], [ 1.2753975, 38.9355071 ], [ 1.2754829, 38.9354756 ] ] ] } },
{ "type": "Feature", "properties": { "id": "finca_00400", "lat": 38.941246994990152, "lon": 1.2733664481287998, "surface_estimee_m2": 78.786493532078055, "distance_plus_proche_voisin_m": 137.057005102733, "qualifiee_finca": true, "neighborhood": "Vista Mar" }, "geometry": { "type": "Polygon", "coordinates": [ [ [ 1.2734195, 38.9412489 ], [ 1.273389, 38.941254499999978 ], [ 1.2734028, 38.9413 ], [ 1.2733443, 38.9413107 ], [ 1.2733132, 38.9412079 ], [ 1.2734021, 38.941191599999989 ], [ 1.2734195, 38.9412489 ] ] ] } },
{ "type": "Feature", "properties": { "id": "finca_00401", "lat": 38.936946582126765, "lon": 1.2776751864315683, "surface_estimee_m2": 74.164776168596845, "distance_plus_proche_voisin_m": 175.39651685179794, "qualifiee_finca": true, "neighborhood": "Vista Mar" }, "geometry": { "type": "Polygon", "coordinates": [ [ [ 1.2776796, 38.936878 ], [ 1.2777261, 38.9368986 ], [ 1.2776862, 38.936953 ], [ 1.2777266, 38.936971 ], [ 1.2776989, 38.937008699999986 ], [ 1.2776119, 38.936970099999982 ], [ 1.2776796, 38.936878 ] ] ] } },
{ "type": "Feature", "properties": { "id": "finca_00402", "lat": 38.945883658681986, "lon": 1.2895391052648797, "surface_estimee_m2": 81.819074853366686, "distance_plus_proche_voisin_m": 82.611867907980937, "qualifiee_finca": true, "neighborhood": "Vista Mar" }, "geometry": { "type": "Polygon", "coordinates": [ [ [ 1.2894741, 38.945929 ], [ 1.2894837, 38.94587580000001 ], [ 1.2895285, 38.9458807 ], [ 1.289541, 38.9458112 ], [ 1.2895896, 38.9458165 ], [ 1.2895674, 38.9459392 ], [ 1.2894741, 38.945929 ] ] ] } },
{ "type": "Feature", "properties": { "id": "finca_00403", "lat": 38.947340091130627, "lon": 1.2802948743575924, "surface_estimee_m2": 112.10441301607847, "distance_plus_proche_voisin_m": 131.6209940313, "qualifiee_finca": true, "neighborhood": "Vista Mar" }, "geometry": { "type": "Polygon", "coordinates": [ [ [ 1.2803445, 38.947282900000019 ], [ 1.2803497, 38.9473943 ], [ 1.2802453, 38.9473973 ], [ 1.28024, 38.9472859 ], [ 1.2803445, 38.947282900000019 ] ] ] } },
{ "type": "Feature", "properties": { "id": "finca_00404", "lat": 38.9440678, "lon": 1.29145355, "surface_estimee_m2": 50.181184770716442, "distance_plus_proche_voisin_m": 61.443458917585623, "qualifiee_finca": true, "neighborhood": "Vista Mar" }, "geometry": { "type": "Polygon", "coordinates": [ [ [ 1.2914056, 38.9440414 ], [ 1.2914982, 38.944038 ], [ 1.2915015, 38.944094200000016 ], [ 1.2914089, 38.9440976 ], [ 1.2914056, 38.9440414 ] ] ] } },
{ "type": "Feature", "properties": { "id": "finca_00405", "lat": 38.934967209393854, "lon": 1.2776905868667532, "surface_estimee_m2": 97.829794326015076, "distance_plus_proche_voisin_m": 110.53949679990949, "qualifiee_finca": true, "neighborhood": "Vista Mar" }, "geometry": { "type": "Polygon", "coordinates": [ [ [ 1.2777661, 38.9349858 ], [ 1.2776706, 38.9350307 ], [ 1.2776178, 38.934962800000015 ], [ 1.277665, 38.9349406 ], [ 1.2776495, 38.9349208 ], [ 1.2776978, 38.934898 ], [ 1.2777661, 38.9349858 ] ] ] } },
{ "type": "Feature", "properties": { "id": "finca_00406", "lat": 38.936367963432183, "lon": 1.2814944400331607, "surface_estimee_m2": 73.44185017134464, "distance_plus_proche_voisin_m": 65.31818613548306, "qualifiee_finca": true, "neighborhood": "Vista Mar" }, "geometry": { "type": "Polygon", "coordinates": [ [ [ 1.281554, 38.9363959 ], [ 1.2814345, 38.9364053 ], [ 1.2814275, 38.936351599999981 ], [ 1.2814859, 38.936347 ], [ 1.2814835, 38.9363284 ], [ 1.2815446, 38.9363236 ], [ 1.281554, 38.9363959 ] ] ] } },
{ "type": "Feature", "properties": { "id": "finca_00407", "lat": 38.936932491456162, "lon": 1.2817070878900441, "surface_estimee_m2": 74.60563077894578, "distance_plus_proche_voisin_m": 56.73100084150667, "qualifiee_finca": true, "neighborhood": "Vista Mar" }, "geometry": { "type": "Polygon", "coordinates": [ [ [ 1.2816461, 38.9369061 ], [ 1.2817767, 38.9369015 ], [ 1.2817865, 38.9369457 ], [ 1.2816358, 38.936972200000014 ], [ 1.2816461, 38.9369061 ] ] ] } },
{ "type": "Feature", "properties": { "id": "finca_00408", "lat": 38.932153188592679, "lon": 1.2712907645149867, "surface_estimee_m2": 59.279666017121954, "distance_plus_proche_voisin_m": 55.919666339056718, "qualifiee_finca": true, "neighborhood": "Bella Tarida" }, "geometry": { "type": "Polygon", "coordinates": [ [ [ 1.2712586, 38.9321102 ], [ 1.2713745, 38.9321579 ], [ 1.2713557, 38.9321856 ], [ 1.2712955, 38.9321609 ], [ 1.271276, 38.932189599999987 ], [ 1.2712203, 38.93216670000001 ], [ 1.2712586, 38.9321102 ] ] ] } },
{ "type": "Feature", "properties": { "id": "finca_00409", "lat": 38.936286371783474, "lon": 1.2739423811692321, "surface_estimee_m2": 94.259880903955406, "distance_plus_proche_voisin_m": 156.41991807550758, "qualifiee_finca": true, "neighborhood": "Vista Mar" }, "geometry": { "type": "Polygon", "coordinates": [ [ [ 1.273996, 38.9362362 ], [ 1.2739966, 38.936321 ], [ 1.2739391, 38.9363212 ], [ 1.2739393, 38.936351199999983 ], [ 1.2738964, 38.936351399999978 ], [ 1.2738956, 38.9362367 ], [ 1.273996, 38.9362362 ] ] ] } },
{ "type": "Feature", "properties": { "id": "finca_00410", "lat": 38.946692527892736, "lon": 1.2790228338042904, "surface_estimee_m2": 125.72504136886269, "distance_plus_proche_voisin_m": 76.081859772451324, "qualifiee_finca": true, "neighborhood": "Vista Mar" }, "geometry": { "type": "Polygon", "coordinates": [ [ [ 1.2790988, 38.9467493 ], [ 1.2790666, 38.9467324 ], [ 1.279049, 38.9467528 ], [ 1.2789271, 38.946689 ], [ 1.2789556, 38.9466561 ], [ 1.2789375, 38.946646599999987 ], [ 1.2789605, 38.94662 ], [ 1.2791327, 38.9467102 ], [ 1.2790988, 38.9467493 ] ] ] } },
{ "type": "Feature", "properties": { "id": "finca_00411", "lat": 38.944238737224701, "lon": 1.2791852757070201, "surface_estimee_m2": 104.73601581374935, "distance_plus_proche_voisin_m": 79.432990193269504, "qualifiee_finca": true, "neighborhood": "Vista Mar" }, "geometry": { "type": "Polygon", "coordinates": [ [ [ 1.2792245, 38.94430449999998 ], [ 1.2791404, 38.9443022 ], [ 1.279146, 38.944173 ], [ 1.2792302, 38.944175299999984 ], [ 1.2792245, 38.94430449999998 ] ] ] } },
{ "type": "Feature", "properties": { "id": "finca_00412", "lat": 38.944099402563666, "lon": 1.2907458790229118, "surface_estimee_m2": 138.10973114474868, "distance_plus_proche_voisin_m": 20.235833534277365, "qualifiee_finca": true, "neighborhood": "Vista Mar" }, "geometry": { "type": "Polygon", "coordinates": [ [ [ 1.2906939, 38.9440276 ], [ 1.2907873, 38.944020799999983 ], [ 1.2908043, 38.944164 ], [ 1.2906842, 38.944172699999982 ], [ 1.2906804, 38.9441405 ], [ 1.2907071, 38.9441386 ], [ 1.2906939, 38.9440276 ] ] ] } },
{ "type": "Feature", "properties": { "id": "finca_00413", "lat": 38.935054441948921, "lon": 1.2849659532889399, "surface_estimee_m2": 86.053482883709819, "distance_plus_proche_voisin_m": 55.835956211863042, "qualifiee_finca": true, "neighborhood": "Vista Mar" }, "geometry": { "type": "Polygon", "coordinates": [ [ [ 1.28496, 38.9350863 ], [ 1.284945, 38.9351098 ], [ 1.2848954, 38.9350905 ], [ 1.2849589, 38.9349914 ], [ 1.2850247, 38.9350168 ], [ 1.2850028, 38.935051099999988 ], [ 1.2850273, 38.9350606 ], [ 1.2850008, 38.9351021 ], [ 1.28496, 38.9350863 ] ] ] } },
{ "type": "Feature", "properties": { "id": "finca_00414", "lat": 38.93084639745851, "lon": 1.2907888190914185, "surface_estimee_m2": 50.975322986327996, "distance_plus_proche_voisin_m": 148.05647868581295, "qualifiee_finca": true, "neighborhood": "Vista Mar" }, "geometry": { "type": "Polygon", "coordinates": [ [ [ 1.2908252, 38.9308083 ], [ 1.2908482, 38.930857 ], [ 1.2907525, 38.9308845 ], [ 1.2907294, 38.9308358 ], [ 1.2908252, 38.9308083 ] ] ] } },
{ "type": "Feature", "properties": { "id": "finca_00415", "lat": 38.943100870228854, "lon": 1.2814251876595826, "surface_estimee_m2": 75.53171464037338, "distance_plus_proche_voisin_m": 213.49361190346883, "qualifiee_finca": true, "neighborhood": "Vista Mar" }, "geometry": { "type": "Polygon", "coordinates": [ [ [ 1.2813824, 38.9430554 ], [ 1.2814931, 38.9430813 ], [ 1.281468, 38.9431463 ], [ 1.2813573, 38.9431205 ], [ 1.2813824, 38.9430554 ] ] ] } },
{ "type": "Feature", "properties": { "id": "finca_00416", "lat": 38.9371439, "lon": 1.2811113, "surface_estimee_m2": 84.893200448360744, "distance_plus_proche_voisin_m": 56.73100084150667, "qualifiee_finca": true, "neighborhood": "Vista Mar" }, "geometry": { "type": "Polygon", "coordinates": [ [ [ 1.2811048, 38.9370835 ], [ 1.2811815, 38.9371176 ], [ 1.2811178, 38.9372043 ], [ 1.2810411, 38.9371702 ], [ 1.2811048, 38.9370835 ] ] ] } },
{ "type": "Feature", "properties": { "id": "finca_00417", "lat": 38.9342042, "lon": 1.2879182, "surface_estimee_m2": 135.30503484651359, "distance_plus_proche_voisin_m": 134.16478088588786, "qualifiee_finca": true, "neighborhood": "Vista Mar" }, "geometry": { "type": "Polygon", "coordinates": [ [ [ 1.2878294, 38.9341548 ], [ 1.2880242, 38.934184 ], [ 1.288007, 38.9342536 ], [ 1.2878122, 38.9342244 ], [ 1.2878294, 38.9341548 ] ] ] } },
{ "type": "Feature", "properties": { "id": "finca_00418", "lat": 38.946452615405782, "lon": 1.2761007753108002, "surface_estimee_m2": 115.96628802063816, "distance_plus_proche_voisin_m": 52.93086787356868, "qualifiee_finca": true, "neighborhood": "Vista Mar" }, "geometry": { "type": "Polygon", "coordinates": [ [ [ 1.2761319, 38.9463881 ], [ 1.2761876, 38.946466299999983 ], [ 1.2760697, 38.9465171 ], [ 1.2760139, 38.946439 ], [ 1.2761319, 38.9463881 ] ] ] } },
{ "type": "Feature", "properties": { "id": "finca_00419", "lat": 38.94290659801802, "lon": 1.2777958458283145, "surface_estimee_m2": 111.99006906795546, "distance_plus_proche_voisin_m": 64.791640483242105, "qualifiee_finca": true, "neighborhood": "Vista Mar" }, "geometry": { "type": "Polygon", "coordinates": [ [ [ 1.2778305, 38.9429038 ], [ 1.277869, 38.942912 ], [ 1.2778497, 38.942967 ], [ 1.2777239, 38.942940199999981 ], [ 1.277759, 38.9428404 ], [ 1.2778463, 38.942859 ], [ 1.2778305, 38.9429038 ] ] ] } },
{ "type": "Feature", "properties": { "id": "finca_00420", "lat": 38.939971034321196, "lon": 1.2738987966055388, "surface_estimee_m2": 62.262760227104437, "distance_plus_proche_voisin_m": 148.96098374176492, "qualifiee_finca": true, "neighborhood": "Vista Mar" }, "geometry": { "type": "Polygon", "coordinates": [ [ [ 1.273909, 38.939918 ], [ 1.2739634, 38.939952199999986 ], [ 1.2738886, 38.9400241 ], [ 1.2738342, 38.9399898 ], [ 1.273909, 38.939918 ] ] ] } },
{ "type": "Feature", "properties": { "id": "finca_00421", "lat": 38.931067506002464, "lon": 1.2849841573678862, "surface_estimee_m2": 121.99619255886665, "distance_plus_proche_voisin_m": 139.1251070919219, "qualifiee_finca": true, "neighborhood": "Vista Mar" }, "geometry": { "type": "Polygon", "coordinates": [ [ [ 1.2850003, 38.9310736 ], [ 1.2849625, 38.931159099999988 ], [ 1.2849063, 38.9311441 ], [ 1.2849743, 38.9309901 ], [ 1.2850697, 38.9310156 ], [ 1.2850394, 38.9310841 ], [ 1.2850003, 38.9310736 ] ] ] } },
{ "type": "Feature", "properties": { "id": "finca_00422", "lat": 38.946931150000012, "lon": 1.282381, "surface_estimee_m2": 54.546394712724691, "distance_plus_proche_voisin_m": 21.18366273734993, "qualifiee_finca": true, "neighborhood": "Vista Mar" }, "geometry": { "type": "Polygon", "coordinates": [ [ [ 1.2824411, 38.9469365 ], [ 1.2823696, 38.9469773 ], [ 1.2823209, 38.94692580000001 ], [ 1.2823924, 38.946885 ], [ 1.2824411, 38.9469365 ] ] ] } },
{ "type": "Feature", "properties": { "id": "finca_00423", "lat": 38.940682090635057, "lon": 1.276399259822204, "surface_estimee_m2": 88.281289078646722, "distance_plus_proche_voisin_m": 119.13524873095527, "qualifiee_finca": true, "neighborhood": "Vista Mar" }, "geometry": { "type": "Polygon", "coordinates": [ [ [ 1.2764292, 38.9406404 ], [ 1.2764752, 38.9407095 ], [ 1.2763927, 38.9407427 ], [ 1.2763226, 38.940637399999986 ], [ 1.2763649, 38.9406203 ], [ 1.276389, 38.940656499999989 ], [ 1.2764292, 38.9406404 ] ] ] } },
{ "type": "Feature", "properties": { "id": "finca_00424", "lat": 38.93791800387217, "lon": 1.2861348147498393, "surface_estimee_m2": 97.333387517769211, "distance_plus_proche_voisin_m": 224.39020798469792, "qualifiee_finca": true, "neighborhood": "Vista Mar" }, "geometry": { "type": "Polygon", "coordinates": [ [ [ 1.2861858, 38.9378716 ], [ 1.2861883, 38.9379717 ], [ 1.2861039, 38.937973 ], [ 1.2861025, 38.9379188 ], [ 1.2860663, 38.9379193 ], [ 1.2860651, 38.9378735 ], [ 1.2861858, 38.9378716 ] ] ] } },
{ "type": "Feature", "properties": { "id": "finca_00425", "lat": 38.940812764444615, "lon": 1.2886860359676948, "surface_estimee_m2": 121.02937043235526, "distance_plus_proche_voisin_m": 167.33035364593061, "qualifiee_finca": true, "neighborhood": "Vista Mar" }, "geometry": { "type": "Polygon", "coordinates": [ [ [ 1.2888009, 38.9408459 ], [ 1.2885917, 38.9408429 ], [ 1.2885935, 38.9407658 ], [ 1.2886713, 38.9407669 ], [ 1.2886706, 38.940794 ], [ 1.288802, 38.940795799999989 ], [ 1.2888009, 38.9408459 ] ] ] } },
{ "type": "Feature", "properties": { "id": "finca_00426", "lat": 38.944638373741867, "lon": 1.2799454277567039, "surface_estimee_m2": 64.578645354898953, "distance_plus_proche_voisin_m": 79.432990193269504, "qualifiee_finca": true, "neighborhood": "Vista Mar" }, "geometry": { "type": "Polygon", "coordinates": [ [ [ 1.2800105, 38.9446664 ], [ 1.2798766, 38.9446603 ], [ 1.2798804, 38.9446103 ], [ 1.2800143, 38.9446165 ], [ 1.2800105, 38.9446664 ] ] ] } },
{ "type": "Feature", "properties": { "id": "finca_00427", "lat": 38.934531198817147, "lon": 1.2762646048389268, "surface_estimee_m2": 148.01717515878403, "distance_plus_proche_voisin_m": 41.060501862260828, "qualifiee_finca": true, "neighborhood": "Vista Mar" }, "geometry": { "type": "Polygon", "coordinates": [ [ [ 1.2761668, 38.934565199999987 ], [ 1.2762439, 38.9344573 ], [ 1.276365, 38.9345096 ], [ 1.27631, 38.9345867 ], [ 1.2762673, 38.9345682 ], [ 1.2762453, 38.9345991 ], [ 1.2761668, 38.934565199999987 ] ] ] } },
{ "type": "Feature", "properties": { "id": "finca_00428", "lat": 38.936054807667823, "lon": 1.2890937695227416, "surface_estimee_m2": 120.08021017001694, "distance_plus_proche_voisin_m": 77.57649928148966, "qualifiee_finca": true, "neighborhood": "Vista Mar" }, "geometry": { "type": "Polygon", "coordinates": [ [ [ 1.2890754, 38.9359772 ], [ 1.2891533, 38.93598810000001 ], [ 1.2891198, 38.9361325 ], [ 1.289056, 38.9361235 ], [ 1.2890607, 38.9361033 ], [ 1.2890284, 38.9360988 ], [ 1.2890426, 38.9360372 ], [ 1.2890608, 38.93603980000001 ], [ 1.2890754, 38.9359772 ] ] ] } },
{ "type": "Feature", "properties": { "id": "finca_00429", "lat": 38.934128871884234, "lon": 1.2794482352551284, "surface_estimee_m2": 100.62002438713523, "distance_plus_proche_voisin_m": 103.25790998176794, "qualifiee_finca": true, "neighborhood": "Vista Mar" }, "geometry": { "type": "Polygon", "coordinates": [ [ [ 1.2793711, 38.9341562 ], [ 1.2793883, 38.9340823 ], [ 1.2795254, 38.9341016 ], [ 1.2795082, 38.9341754 ], [ 1.2793711, 38.9341562 ] ] ] } },
{ "type": "Feature", "properties": { "id": "finca_00430", "lat": 38.946803224228262, "lon": 1.2756868886941826, "surface_estimee_m2": 133.27019069604901, "distance_plus_proche_voisin_m": 52.93086787356868, "qualifiee_finca": true, "neighborhood": "Vista Mar" }, "geometry": { "type": "Polygon", "coordinates": [ [ [ 1.2757082, 38.9468316 ], [ 1.2755943, 38.9468215 ], [ 1.2756049, 38.9467495 ], [ 1.2757638, 38.9467635 ], [ 1.275746, 38.946885 ], [ 1.275701, 38.946881 ], [ 1.2757082, 38.9468316 ] ] ] } },
{ "type": "Feature", "properties": { "id": "finca_00431", "lat": 38.946627388534793, "lon": 1.2895747472983765, "surface_estimee_m2": 140.59179703402356, "distance_plus_proche_voisin_m": 53.43067528511169, "qualifiee_finca": true, "neighborhood": "Vista Mar" }, "geometry": { "type": "Polygon", "coordinates": [ [ [ 1.2895022, 38.9466506 ], [ 1.2895262, 38.9466295 ], [ 1.28949, 38.9466046 ], [ 1.2895533, 38.9465489 ], [ 1.2896701, 38.94662910000001 ], [ 1.2895828, 38.9467059 ], [ 1.2895022, 38.9466506 ] ] ] } },
{ "type": "Feature", "properties": { "id": "finca_00432", "lat": 38.93252855, "lon": 1.27172095, "surface_estimee_m2": 67.466457278746077, "distance_plus_proche_voisin_m": 55.919666339056718, "qualifiee_finca": true, "neighborhood": "Bella Tarida" }, "geometry": { "type": "Polygon", "coordinates": [ [ [ 1.2716237, 38.932513 ], [ 1.2718166, 38.9325078 ], [ 1.2718182, 38.932544099999987 ], [ 1.2716253, 38.9325493 ], [ 1.2716237, 38.932513 ] ] ] } },
{ "type": "Feature", "properties": { "id": "finca_00433", "lat": 38.9436913, "lon": 1.27859395, "surface_estimee_m2": 64.379942747161934, "distance_plus_proche_voisin_m": 79.497764911306021, "qualifiee_finca": true, "neighborhood": "Vista Mar" }, "geometry": { "type": "Polygon", "coordinates": [ [ [ 1.278648, 38.9436623 ], [ 1.2786342, 38.9437316 ], [ 1.2785399, 38.9437203 ], [ 1.2785537, 38.943651 ], [ 1.278648, 38.9436623 ] ] ] } },
{ "type": "Feature", "properties": { "id": "finca_00434", "lat": 38.932061529398759, "lon": 1.2794482633269133, "surface_estimee_m2": 75.414809645568198, "distance_plus_proche_voisin_m": 140.04256095437037, "qualifiee_finca": true, "neighborhood": "Vista Mar" }, "geometry": { "type": "Polygon", "coordinates": [ [ [ 1.2794777, 38.9320967 ], [ 1.2794589, 38.932086499999983 ], [ 1.2794343, 38.9321138 ], [ 1.2793768, 38.9320824 ], [ 1.2794448, 38.9320068 ], [ 1.2795211, 38.9320484 ], [ 1.2794777, 38.9320967 ] ] ] } },
{ "type": "Feature", "properties": { "id": "finca_00435", "lat": 38.939919964155756, "lon": 1.2857755027435702, "surface_estimee_m2": 148.43341866846802, "distance_plus_proche_voisin_m": 224.39020798469792, "qualifiee_finca": true, "neighborhood": "Vista Mar" }, "geometry": { "type": "Polygon", "coordinates": [ [ [ 1.2856957, 38.9399712 ], [ 1.28576, 38.93983 ], [ 1.2858252, 38.9398479 ], [ 1.2858098, 38.939881799999988 ], [ 1.2858517, 38.9398933 ], [ 1.2858028, 38.9400007 ], [ 1.2856957, 38.9399712 ] ] ] } },
{ "type": "Feature", "properties": { "id": "finca_00436", "lat": 38.939636516970793, "lon": 1.2767095397922279, "surface_estimee_m2": 95.092588243153628, "distance_plus_proche_voisin_m": 33.279127304353189, "qualifiee_finca": true, "neighborhood": "Vista Mar" }, "geometry": { "type": "Polygon", "coordinates": [ [ [ 1.2766855, 38.9396558 ], [ 1.2766515, 38.9396516 ], [ 1.2766663, 38.9395804 ], [ 1.2767682, 38.939593199999983 ], [ 1.2767459, 38.939688199999978 ], [ 1.2766726, 38.9397049 ], [ 1.2766855, 38.9396558 ] ] ] } },
{ "type": "Feature", "properties": { "id": "finca_00437", "lat": 38.944103576898513, "lon": 1.290512494576709, "surface_estimee_m2": 134.06048376534036, "distance_plus_proche_voisin_m": 20.235833534277365, "qualifiee_finca": true, "neighborhood": "Vista Mar" }, "geometry": { "type": "Polygon", "coordinates": [ [ [ 1.2904554, 38.9440358 ], [ 1.2905522, 38.9440287 ], [ 1.2905696, 38.9441713 ], [ 1.2904728, 38.9441785 ], [ 1.2904554, 38.9440358 ] ] ] } },
{ "type": "Feature", "properties": { "id": "finca_00438", "lat": 38.942804857499368, "lon": 1.2770598508368525, "surface_estimee_m2": 65.734864527685147, "distance_plus_proche_voisin_m": 64.791640483242105, "qualifiee_finca": true, "neighborhood": "Vista Mar" }, "geometry": { "type": "Polygon", "coordinates": [ [ [ 1.27708, 38.942824 ], [ 1.2770989, 38.942829399999987 ], [ 1.2770841, 38.9428606 ], [ 1.2770062, 38.9428383 ], [ 1.2770496, 38.9427464 ], [ 1.2771087, 38.942763299999989 ], [ 1.27708, 38.942824 ] ] ] } },
{ "type": "Feature", "properties": { "id": "finca_00439", "lat": 38.938999345585501, "lon": 1.2834561794381831, "surface_estimee_m2": 83.9595658797097, "distance_plus_proche_voisin_m": 38.182952151972621, "qualifiee_finca": true, "neighborhood": "Vista Mar" }, "geometry": { "type": "Polygon", "coordinates": [ [ [ 1.2835252, 38.9389755 ], [ 1.2834989, 38.9390478 ], [ 1.2833872, 38.9390232 ], [ 1.2834134, 38.9389509 ], [ 1.2835252, 38.9389755 ] ] ] } },
{ "type": "Feature", "properties": { "id": "finca_00440", "lat": 38.946505114813846, "lon": 1.2819275379285826, "surface_estimee_m2": 125.63308072116003, "distance_plus_proche_voisin_m": 51.766175553126409, "qualifiee_finca": true, "neighborhood": "Vista Mar" }, "geometry": { "type": "Polygon", "coordinates": [ [ [ 1.2819808, 38.9465539 ], [ 1.281935, 38.9465406 ], [ 1.2819235, 38.9465643 ], [ 1.2818424, 38.9465407 ], [ 1.28189, 38.9464419 ], [ 1.282017, 38.946479 ], [ 1.2819808, 38.9465539 ] ] ] } },
{ "type": "Feature", "properties": { "id": "finca_00441", "lat": 38.93933025, "lon": 1.28187625, "surface_estimee_m2": 102.32584502493063, "distance_plus_proche_voisin_m": 110.21040550891124, "qualifiee_finca": true, "neighborhood": "Vista Mar" }, "geometry": { "type": "Polygon", "coordinates": [ [ [ 1.2818888, 38.9393945 ], [ 1.2817979, 38.9393528 ], [ 1.2818637, 38.939266 ], [ 1.2819546, 38.9393077 ], [ 1.2818888, 38.9393945 ] ] ] } },
{ "type": "Feature", "properties": { "id": "finca_00442", "lat": 38.946745775335032, "lon": 1.2824390845779037, "surface_estimee_m2": 146.29882217244679, "distance_plus_proche_voisin_m": 21.18366273734993, "qualifiee_finca": true, "neighborhood": "Vista Mar" }, "geometry": { "type": "Polygon", "coordinates": [ [ [ 1.2825517, 38.9467728 ], [ 1.2824473, 38.9468265 ], [ 1.2823132, 38.9466688 ], [ 1.2823497, 38.94665 ], [ 1.2824234, 38.946736700000017 ], [ 1.2824913, 38.9467018 ], [ 1.2825517, 38.9467728 ] ] ] } },
{ "type": "Feature", "properties": { "id": "finca_00443", "lat": 38.949307705588986, "lon": 1.2886249719105196, "surface_estimee_m2": 95.346467344827687, "distance_plus_proche_voisin_m": 190.32802086845777, "qualifiee_finca": true, "neighborhood": "Vista Mar" }, "geometry": { "type": "Polygon", "coordinates": [ [ [ 1.2885779, 38.9492575 ], [ 1.2886926, 38.9492746 ], [ 1.2886721, 38.9493579 ], [ 1.2885573, 38.9493408 ], [ 1.2885779, 38.9492575 ] ] ] } },
{ "type": "Feature", "properties": { "id": "finca_00444", "lat": 38.946833793092509, "lon": 1.2901316146831445, "surface_estimee_m2": 60.730792691615605, "distance_plus_proche_voisin_m": 53.43067528511169, "qualifiee_finca": true, "neighborhood": "Vista Mar" }, "geometry": { "type": "Polygon", "coordinates": [ [ [ 1.290116, 38.9467793 ], [ 1.2901964, 38.946857799999989 ], [ 1.2901473, 38.9468883 ], [ 1.2900668, 38.946809799999983 ], [ 1.290116, 38.9467793 ] ] ] } },
{ "type": "Feature", "properties": { "id": "finca_00445", "lat": 38.93913120091468, "lon": 1.2774328447078525, "surface_estimee_m2": 122.60429427639139, "distance_plus_proche_voisin_m": 53.822621663713797, "qualifiee_finca": true, "neighborhood": "Vista Mar" }, "geometry": { "type": "Polygon", "coordinates": [ [ [ 1.2773674, 38.9390886 ], [ 1.2773983, 38.9390309 ], [ 1.2774395, 38.939044299999985 ], [ 1.2774118, 38.9390958 ], [ 1.277518, 38.9391302 ], [ 1.277478, 38.9392049 ], [ 1.2773637, 38.9391678 ], [ 1.2774005, 38.9390993 ], [ 1.2773674, 38.9390886 ] ] ] } },
{ "type": "Feature", "properties": { "id": "finca_00446", "lat": 38.939374289093507, "lon": 1.27689563618427, "surface_estimee_m2": 75.857139689158856, "distance_plus_proche_voisin_m": 33.279127304353189, "qualifiee_finca": true, "neighborhood": "Vista Mar" }, "geometry": { "type": "Polygon", "coordinates": [ [ [ 1.2768255, 38.939413499999986 ], [ 1.2769128, 38.939308499999981 ], [ 1.2769658, 38.9393351 ], [ 1.2768784, 38.9394401 ], [ 1.2768255, 38.939413499999986 ] ] ] } },
{ "type": "Feature", "properties": { "id": "finca_00447", "lat": 38.934357321424145, "lon": 1.2766826390458466, "surface_estimee_m2": 77.094367550411164, "distance_plus_proche_voisin_m": 41.060501862260828, "qualifiee_finca": true, "neighborhood": "Vista Mar" }, "geometry": { "type": "Polygon", "coordinates": [ [ [ 1.2766659, 38.934343200000015 ], [ 1.2766981, 38.9343008 ], [ 1.276754, 38.9343264 ], [ 1.2766883, 38.9344129 ], [ 1.2766073, 38.934375699999983 ], [ 1.2766407, 38.9343316 ], [ 1.2766659, 38.934343200000015 ] ] ] } },
{ "type": "Feature", "properties": { "id": "finca_00448", "lat": 38.94836025, "lon": 1.2844569, "surface_estimee_m2": 101.95887427205322, "distance_plus_proche_voisin_m": 239.87720026551528, "qualifiee_finca": true, "neighborhood": "Vista Mar" }, "geometry": { "type": "Polygon", "coordinates": [ [ [ 1.28439, 38.9484025 ], [ 1.2844337, 38.94829570000001 ], [ 1.2845238, 38.948318 ], [ 1.2844801, 38.9484248 ], [ 1.28439, 38.9484025 ] ] ] } },
{ "type": "Feature", "properties": { "id": "finca_00449", "lat": 38.93924075, "lon": 1.2831424, "surface_estimee_m2": 50.177885597820051, "distance_plus_proche_voisin_m": 38.182952151972621, "qualifiee_finca": true, "neighborhood": "Vista Mar" }, "geometry": { "type": "Polygon", "coordinates": [ [ [ 1.2830985, 38.9392736 ], [ 1.2831231, 38.9391958 ], [ 1.2831863, 38.9392079 ], [ 1.2831617, 38.939285699999985 ], [ 1.2830985, 38.9392736 ] ] ] } },
{ "type": "Feature", "properties": { "id": "finca_00450", "lat": 38.95103665, "lon": 1.2986426, "surface_estimee_m2": 51.901794113382294, "distance_plus_proche_voisin_m": 18.560191132270209, "qualifiee_finca": true, "neighborhood": "Vista Mar" }, "geometry": { "type": "Polygon", "coordinates": [ [ [ 1.2985955, 38.9510664 ], [ 1.2986944, 38.9510612 ], [ 1.2986897, 38.951006899999989 ], [ 1.2985908, 38.9510121 ], [ 1.2985955, 38.9510664 ] ] ] } },
{ "type": "Feature", "properties": { "id": "finca_00451", "lat": 38.950917412318098, "lon": 1.2987927217643167, "surface_estimee_m2": 112.46443503715535, "distance_plus_proche_voisin_m": 18.560191132270209, "qualifiee_finca": true, "neighborhood": "Vista Mar" }, "geometry": { "type": "Polygon", "coordinates": [ [ [ 1.2988607, 38.9508659 ], [ 1.298832, 38.950976699999963 ], [ 1.2987208, 38.9509593 ], [ 1.2987425, 38.950875299999986 ], [ 1.298769, 38.9508795 ], [ 1.2987729, 38.9508642 ], [ 1.2988058, 38.9508693 ], [ 1.2988087, 38.950857799999987 ], [ 1.2988607, 38.9508659 ] ] ] } },
{ "type": "Feature", "properties": { "id": "finca_00452", "lat": 38.94873750461808, "lon": 1.2925377194790995, "surface_estimee_m2": 121.32772448705532, "distance_plus_proche_voisin_m": 261.29356013213777, "qualifiee_finca": true, "neighborhood": "Vista Mar" }, "geometry": { "type": "Polygon", "coordinates": [ [ [ 1.2925763, 38.9488008 ], [ 1.2926205, 38.9487099 ], [ 1.2924992, 38.9486742 ], [ 1.2924549, 38.948765099999989 ], [ 1.2925763, 38.9488008 ] ] ] } },
{ "type": "Feature", "properties": { "id": "finca_00453", "lat": 38.95042045, "lon": 1.2946455, "surface_estimee_m2": 65.980645502184359, "distance_plus_proche_voisin_m": 35.034280699037922, "qualifiee_finca": true, "neighborhood": "Vista Mar" }, "geometry": { "type": "Polygon", "coordinates": [ [ [ 1.2947115, 38.950436199999977 ], [ 1.2946019, 38.950462 ], [ 1.2945795, 38.9504047 ], [ 1.2946891, 38.9503789 ], [ 1.2947115, 38.950436199999977 ] ] ] } },
{ "type": "Feature", "properties": { "id": "finca_00454", "lat": 38.956491366695019, "lon": 1.2965143523499103, "surface_estimee_m2": 123.7625326610921, "distance_plus_proche_voisin_m": 153.6430075074027, "qualifiee_finca": true, "neighborhood": "Vista Mar" }, "geometry": { "type": "Polygon", "coordinates": [ [ [ 1.2965243, 38.9564209 ], [ 1.2966055, 38.95649250000001 ], [ 1.2965044, 38.9565618 ], [ 1.2964232, 38.9564903 ], [ 1.2965243, 38.9564209 ] ] ] } },
{ "type": "Feature", "properties": { "id": "finca_00455", "lat": 38.950732412012485, "lon": 1.2945841047916957, "surface_estimee_m2": 67.332108764764897, "distance_plus_proche_voisin_m": 35.034280699037922, "qualifiee_finca": true, "neighborhood": "Vista Mar" }, "geometry": { "type": "Polygon", "coordinates": [ [ [ 1.2946368, 38.9507054 ], [ 1.2946393, 38.950765800000013 ], [ 1.2945375, 38.9507684 ], [ 1.2945343, 38.9506926 ], [ 1.2945889, 38.9506912 ], [ 1.2945895, 38.9507066 ], [ 1.2946368, 38.9507054 ] ] ] } },
{ "type": "Feature", "properties": { "id": "finca_00456", "lat": 38.952687066479157, "lon": 1.2995279965972635, "surface_estimee_m2": 55.822718350681541, "distance_plus_proche_voisin_m": 198.61992215022627, "qualifiee_finca": true, "neighborhood": "Vista Mar" }, "geometry": { "type": "Polygon", "coordinates": [ [ [ 1.2995897, 38.95269050000001 ], [ 1.2995376, 38.9527346 ], [ 1.2994663, 38.9526837 ], [ 1.2995184, 38.9526395 ], [ 1.2995897, 38.95269050000001 ] ] ] } },
{ "type": "Feature", "properties": { "id": "finca_00457", "lat": 38.904666202248769, "lon": 1.2370620072935159, "surface_estimee_m2": 112.45349810645678, "distance_plus_proche_voisin_m": 94.321236817756642, "qualifiee_finca": true, "neighborhood": "Es Caló d'en Real" }, "geometry": { "type": "Polygon", "coordinates": [ [ [ 1.2369651, 38.9046615 ], [ 1.2370246, 38.9046842 ], [ 1.2370135, 38.9047018 ], [ 1.2370602, 38.9047197 ], [ 1.2370696, 38.9047047 ], [ 1.2371141, 38.9047217 ], [ 1.2371377, 38.9046844 ], [ 1.237127, 38.904680299999988 ], [ 1.2371461, 38.9046501 ], [ 1.2370384, 38.904608899999985 ], [ 1.2370192, 38.904639499999988 ], [ 1.2369868, 38.904627100000027 ], [ 1.2369651, 38.9046615 ] ] ] } },
{ "type": "Feature", "properties": { "id": "finca_00458", "lat": 38.9070206, "lon": 1.23758835, "surface_estimee_m2": 58.791224774691344, "distance_plus_proche_voisin_m": 84.035235521267211, "qualifiee_finca": true, "neighborhood": "Es Caló d'en Real" }, "geometry": { "type": "Polygon", "coordinates": [ [ [ 1.2375739, 38.907071400000014 ], [ 1.2376387, 38.9070549 ], [ 1.2376028, 38.9069698 ], [ 1.237538, 38.9069863 ], [ 1.2375739, 38.907071400000014 ] ] ] } },
{ "type": "Feature", "properties": { "id": "finca_00459", "lat": 38.905218382709194, "lon": 1.2405972067286282, "surface_estimee_m2": 113.79516761742944, "distance_plus_proche_voisin_m": 47.201641025279947, "qualifiee_finca": true, "neighborhood": "Es Caló d'en Real" }, "geometry": { "type": "Polygon", "coordinates": [ [ [ 1.2407086, 38.9052235 ], [ 1.2405898, 38.9052561 ], [ 1.2405864, 38.9052485 ], [ 1.2405317, 38.9052635 ], [ 1.2405285, 38.905256499999986 ], [ 1.2405123, 38.905261 ], [ 1.2404964, 38.9052258 ], [ 1.2405099, 38.9052222 ], [ 1.2404997, 38.9051997 ], [ 1.2405579, 38.9051837 ], [ 1.2405633, 38.9051957 ], [ 1.2405925, 38.9051877 ], [ 1.2405966, 38.905196799999985 ], [ 1.2406855, 38.9051724 ], [ 1.2407086, 38.9052235 ] ] ] } },
{ "type": "Feature", "properties": { "id": "finca_00460", "lat": 38.906760720411441, "lon": 1.2427074872860744, "surface_estimee_m2": 76.8170700075908, "distance_plus_proche_voisin_m": 34.879579421822918, "qualifiee_finca": true, "neighborhood": "Es Caló d'en Real" }, "geometry": { "type": "Polygon", "coordinates": [ [ [ 1.2427144, 38.9068181 ], [ 1.2426654, 38.9067789 ], [ 1.2426352, 38.906738199999985 ], [ 1.2427218, 38.9067111 ], [ 1.2427781, 38.9067732 ], [ 1.2427432, 38.9067915 ], [ 1.2427144, 38.9068181 ] ] ] } },
{ "type": "Feature", "properties": { "id": "finca_00461", "lat": 38.906925910611704, "lon": 1.2423653800271541, "surface_estimee_m2": 134.89544540822973, "distance_plus_proche_voisin_m": 34.879579421822918, "qualifiee_finca": true, "neighborhood": "Es Caló d'en Real" }, "geometry": { "type": "Polygon", "coordinates": [ [ [ 1.2423787, 38.906969 ], [ 1.2422723, 38.9069593 ], [ 1.2422776, 38.9069244 ], [ 1.2422993, 38.9069264 ], [ 1.242306, 38.9068817 ], [ 1.2423502, 38.9068858 ], [ 1.2423547, 38.9068563 ], [ 1.242404, 38.9068608 ], [ 1.24242, 38.9068623 ], [ 1.2424152, 38.9068938 ], [ 1.2424289, 38.906895 ], [ 1.2424211, 38.9069466 ], [ 1.2424127, 38.9069511 ], [ 1.2424321, 38.9069602 ], [ 1.2424377, 38.9069773 ], [ 1.2424264, 38.9069926 ], [ 1.2424094, 38.9069975 ], [ 1.2423919, 38.90699390000001 ], [ 1.2423802, 38.906983099999984 ], [ 1.2423787, 38.906969 ] ] ] } },
{ "type": "Feature", "properties": { "id": "finca_00462", "lat": 38.908582153263424, "lon": 1.2448888994696619, "surface_estimee_m2": 72.204053718390284, "distance_plus_proche_voisin_m": 64.985744237127633, "qualifiee_finca": true, "neighborhood": "Cala Molí" }, "geometry": { "type": "Polygon", "coordinates": [ [ [ 1.2448186, 38.90860570000001 ], [ 1.2449262, 38.9086259 ], [ 1.2449538, 38.9085367 ], [ 1.2449213, 38.908530599999985 ], [ 1.244911, 38.908564 ], [ 1.2448359, 38.9085499 ], [ 1.2448186, 38.90860570000001 ] ] ] } },
{ "type": "Feature", "properties": { "id": "finca_00463", "lat": 38.91200525249964, "lon": 1.2435934815263261, "surface_estimee_m2": 62.328634172859758, "distance_plus_proche_voisin_m": 96.997356612088609, "qualifiee_finca": true, "neighborhood": "Cala Molí" }, "geometry": { "type": "Polygon", "coordinates": [ [ [ 1.2435611, 38.91205 ], [ 1.243529, 38.911994399999976 ], [ 1.2436258, 38.9119605 ], [ 1.243658, 38.9120161 ], [ 1.2435611, 38.91205 ] ] ] } },
{ "type": "Feature", "properties": { "id": "finca_00464", "lat": 38.91158330576372, "lon": 1.2392956942791877, "surface_estimee_m2": 68.27170946975761, "distance_plus_proche_voisin_m": 40.353870439551351, "qualifiee_finca": true, "neighborhood": "Es Caló d'en Real" }, "geometry": { "type": "Polygon", "coordinates": [ [ [ 1.2393572, 38.911624800000013 ], [ 1.2392821, 38.9116282 ], [ 1.2392789, 38.9115848 ], [ 1.23923, 38.911587 ], [ 1.2392271, 38.911547399999989 ], [ 1.239324, 38.911543099999989 ], [ 1.239327, 38.9115835 ], [ 1.239354, 38.911582299999985 ], [ 1.2393572, 38.911624800000013 ] ] ] } },
{ "type": "Feature", "properties": { "id": "finca_00465", "lat": 38.911871621937387, "lon": 1.2390122580892711, "surface_estimee_m2": 109.12771574559925, "distance_plus_proche_voisin_m": 40.353870439551351, "qualifiee_finca": true, "neighborhood": "Es Caló d'en Real" }, "geometry": { "type": "Polygon", "coordinates": [ [ [ 1.2389272, 38.911937 ], [ 1.239112, 38.9118706 ], [ 1.2390983, 38.9118476 ], [ 1.239089, 38.9118509 ], [ 1.2390517, 38.9117882 ], [ 1.2390131, 38.9118021 ], [ 1.2390388, 38.9118453 ], [ 1.238902, 38.911894499999988 ], [ 1.2389272, 38.911937 ] ] ] } },
{ "type": "Feature", "properties": { "id": "finca_00466", "lat": 38.912534670138278, "lon": 1.2454845484841832, "surface_estimee_m2": 145.4769311130579, "distance_plus_proche_voisin_m": 174.21052579292271, "qualifiee_finca": true, "neighborhood": "Cala Molí" }, "geometry": { "type": "Polygon", "coordinates": [ [ [ 1.245389, 38.9125709 ], [ 1.2454767, 38.9124576 ], [ 1.2455811, 38.9125065 ], [ 1.2455277, 38.9125753 ], [ 1.2455216, 38.912572499999989 ], [ 1.2455024, 38.9125972 ], [ 1.2454791, 38.912586299999987 ], [ 1.2454639, 38.912606 ], [ 1.245389, 38.9125709 ] ] ] } },
{ "type": "Feature", "properties": { "id": "finca_00467", "lat": 38.913035996028491, "lon": 1.2417565312319361, "surface_estimee_m2": 104.3988254262526, "distance_plus_proche_voisin_m": 72.755702252339034, "qualifiee_finca": true, "neighborhood": "Cala Molí" }, "geometry": { "type": "Polygon", "coordinates": [ [ [ 1.2416777, 38.9130575 ], [ 1.2417883, 38.913096099999983 ], [ 1.2418354, 38.913014500000017 ], [ 1.2417247, 38.9129759 ], [ 1.2416777, 38.9130575 ] ] ] } },
{ "type": "Feature", "properties": { "id": "finca_00468", "lat": 38.9127884, "lon": 1.2430973, "surface_estimee_m2": 75.647869847423976, "distance_plus_proche_voisin_m": 51.35425565695283, "qualifiee_finca": true, "neighborhood": "Cala Molí" }, "geometry": { "type": "Polygon", "coordinates": [ [ [ 1.2430765, 38.912845699999984 ], [ 1.2431503, 38.912831300000015 ], [ 1.2431181, 38.9127311 ], [ 1.2430443, 38.9127455 ], [ 1.2430765, 38.912845699999984 ] ] ] } },
{ "type": "Feature", "properties": { "id": "finca_00469", "lat": 38.913034017514505, "lon": 1.242595476181749, "surface_estimee_m2": 71.006993886317204, "distance_plus_proche_voisin_m": 51.35425565695283, "qualifiee_finca": true, "neighborhood": "Cala Molí" }, "geometry": { "type": "Polygon", "coordinates": [ [ [ 1.2425635, 38.913087199999985 ], [ 1.2426701, 38.9130252 ], [ 1.2426275, 38.9129808 ], [ 1.2425208, 38.9130429 ], [ 1.2425635, 38.913087199999985 ] ] ] } },
{ "type": "Feature", "properties": { "id": "finca_00470", "lat": 38.91244242868374, "lon": 1.2405001081939542, "surface_estimee_m2": 94.466882764615505, "distance_plus_proche_voisin_m": 38.850348236772511, "qualifiee_finca": true, "neighborhood": "Cala Molí" }, "geometry": { "type": "Polygon", "coordinates": [ [ [ 1.2405646, 38.912405800000016 ], [ 1.2404627, 38.9123876 ], [ 1.2404356, 38.912479 ], [ 1.2405375, 38.9124973 ], [ 1.2405646, 38.912405800000016 ] ] ] } },
{ "type": "Feature", "properties": { "id": "finca_00471", "lat": 38.912164620083153, "lon": 1.2402276213924215, "surface_estimee_m2": 92.841408985570808, "distance_plus_proche_voisin_m": 38.850348236772511, "qualifiee_finca": true, "neighborhood": "Cala Molí" }, "geometry": { "type": "Polygon", "coordinates": [ [ [ 1.2403125, 38.9122039 ], [ 1.2403252, 38.912153 ], [ 1.2401428, 38.9121253 ], [ 1.2401301, 38.9121763 ], [ 1.2403125, 38.9122039 ] ] ] } },
{ "type": "Feature", "properties": { "id": "finca_00472", "lat": 38.909324346332831, "lon": 1.2428656210809421, "surface_estimee_m2": 52.299390273793506, "distance_plus_proche_voisin_m": 121.40079600868604, "qualifiee_finca": true, "neighborhood": "Cala Molí" }, "geometry": { "type": "Polygon", "coordinates": [ [ [ 1.2428237, 38.9093592 ], [ 1.2429229, 38.9093415 ], [ 1.2429076, 38.9092895 ], [ 1.2428083, 38.9093072 ], [ 1.2428237, 38.9093592 ] ] ] } },
{ "type": "Feature", "properties": { "id": "finca_00473", "lat": 38.906323942419789, "lon": 1.2372090823937143, "surface_estimee_m2": 67.033670812789651, "distance_plus_proche_voisin_m": 84.035235521267211, "qualifiee_finca": true, "neighborhood": "Es Caló d'en Real" }, "geometry": { "type": "Polygon", "coordinates": [ [ [ 1.2372386, 38.9063813 ], [ 1.2372507, 38.9062817 ], [ 1.2371604, 38.906275 ], [ 1.2371565, 38.9063073 ], [ 1.2371876, 38.906309499999985 ], [ 1.2371794, 38.906377 ], [ 1.2372386, 38.9063813 ] ] ] } },
{ "type": "Feature", "properties": { "id": "finca_00474", "lat": 38.907937139040833, "lon": 1.2415091687262545, "surface_estimee_m2": 52.472092146759884, "distance_plus_proche_voisin_m": 62.53257594902481, "qualifiee_finca": true, "neighborhood": "Es Caló d'en Real" }, "geometry": { "type": "Polygon", "coordinates": [ [ [ 1.2415564, 38.9079726 ], [ 1.2414997, 38.9079877 ], [ 1.2414619, 38.9079017 ], [ 1.2415187, 38.907886600000012 ], [ 1.2415564, 38.9079726 ] ] ] } },
{ "type": "Feature", "properties": { "id": "finca_00475", "lat": 38.90798385, "lon": 1.2422277, "surface_estimee_m2": 66.599369480033019, "distance_plus_proche_voisin_m": 62.53257594902481, "qualifiee_finca": true, "neighborhood": "Es Caló d'en Real" }, "geometry": { "type": "Polygon", "coordinates": [ [ [ 1.2421636, 38.9079981 ], [ 1.242211, 38.907933600000014 ], [ 1.2422918, 38.9079696 ], [ 1.2422444, 38.9080341 ], [ 1.2421636, 38.9079981 ] ] ] } },
{ "type": "Feature", "properties": { "id": "finca_00476", "lat": 38.905490071198471, "lon": 1.2401785457135222, "surface_estimee_m2": 84.908446030723866, "distance_plus_proche_voisin_m": 47.201641025279947, "qualifiee_finca": true, "neighborhood": "Es Caló d'en Real" }, "geometry": { "type": "Polygon", "coordinates": [ [ [ 1.2402217, 38.9054575 ], [ 1.2401965, 38.905480499999989 ], [ 1.2402494, 38.9055155 ], [ 1.240207, 38.9055542 ], [ 1.2401044, 38.9054862 ], [ 1.240172, 38.9054246 ], [ 1.2402217, 38.9054575 ] ] ] } },
{ "type": "Feature", "properties": { "id": "finca_00477", "lat": 38.910013356074714, "lon": 1.2382879349581208, "surface_estimee_m2": 85.65656098819575, "distance_plus_proche_voisin_m": 194.9543972043495, "qualifiee_finca": true, "neighborhood": "Es Caló d'en Real" }, "geometry": { "type": "Polygon", "coordinates": [ [ [ 1.2383362, 38.9099629 ], [ 1.2383467, 38.910047699999986 ], [ 1.2382271, 38.9100566 ], [ 1.2382205, 38.9100029 ], [ 1.238263, 38.9099997 ], [ 1.2382591, 38.9099687 ], [ 1.2383362, 38.9099629 ] ] ] } },
{ "type": "Feature", "properties": { "id": "finca_00478", "lat": 38.91023192285472, "lon": 1.2454273809494005, "surface_estimee_m2": 147.85546524137541, "distance_plus_proche_voisin_m": 188.98708342366402, "qualifiee_finca": true, "neighborhood": "Cala Molí" }, "geometry": { "type": "Polygon", "coordinates": [ [ [ 1.2453611, 38.910165399999983 ], [ 1.2454415, 38.9101636 ], [ 1.2454427, 38.9101949 ], [ 1.245499, 38.9101936 ], [ 1.2455025, 38.9102874 ], [ 1.2453658, 38.9102906 ], [ 1.2453611, 38.910165399999983 ] ] ] } },
{ "type": "Feature", "properties": { "id": "finca_00479", "lat": 38.901266985574729, "lon": 1.2323212847481095, "surface_estimee_m2": 78.235051175409154, "distance_plus_proche_voisin_m": 182.21958214747266, "qualifiee_finca": true, "neighborhood": "Es Caló d'en Real" }, "geometry": { "type": "Polygon", "coordinates": [ [ [ 1.2323255, 38.9013238 ], [ 1.2323935, 38.9012759 ], [ 1.232317, 38.9012102 ], [ 1.2322491, 38.901258 ], [ 1.2323255, 38.9013238 ] ] ] } },
{ "type": "Feature", "properties": { "id": "finca_00480", "lat": 38.8994298, "lon": 1.23371025, "surface_estimee_m2": 59.411071450926748, "distance_plus_proche_voisin_m": 15.832064101634449, "qualifiee_finca": true, "neighborhood": "Es Caló d'en Real" }, "geometry": { "type": "Polygon", "coordinates": [ [ [ 1.2336781, 38.899473 ], [ 1.2337551, 38.8994655 ], [ 1.2337424, 38.8993866 ], [ 1.2336654, 38.8993941 ], [ 1.2336781, 38.899473 ] ] ] } },
{ "type": "Feature", "properties": { "id": "finca_00481", "lat": 38.899300172961894, "lon": 1.2336341094641115, "surface_estimee_m2": 51.15674783741521, "distance_plus_proche_voisin_m": 15.832064101634449, "qualifiee_finca": true, "neighborhood": "Es Caló d'en Real" }, "geometry": { "type": "Polygon", "coordinates": [ [ [ 1.2336002, 38.899337299999985 ], [ 1.2336786, 38.8993298 ], [ 1.233668, 38.899263 ], [ 1.2335896, 38.8992706 ], [ 1.2336002, 38.899337299999985 ] ] ] } },
{ "type": "Feature", "properties": { "id": "finca_00482", "lat": 38.900076434301056, "lon": 1.234180347732122, "surface_estimee_m2": 133.06854595025689, "distance_plus_proche_voisin_m": 82.550758667417952, "qualifiee_finca": true, "neighborhood": "Es Caló d'en Real" }, "geometry": { "type": "Polygon", "coordinates": [ [ [ 1.2342549, 38.9000308 ], [ 1.2342057, 38.900032 ], [ 1.2342053, 38.900021899999977 ], [ 1.2341494, 38.9000233 ], [ 1.2341503, 38.9000454 ], [ 1.2340978, 38.900046699999983 ], [ 1.2341009, 38.9001227 ], [ 1.2342584, 38.9001189 ], [ 1.2342549, 38.9000308 ] ] ] } },
{ "type": "Feature", "properties": { "id": "finca_00483", "lat": 38.900788140055887, "lon": 1.2349347121504544, "surface_estimee_m2": 143.94608259466264, "distance_plus_proche_voisin_m": 102.57869297379813, "qualifiee_finca": true, "neighborhood": "Es Caló d'en Real" }, "geometry": { "type": "Polygon", "coordinates": [ [ [ 1.2349896, 38.900713 ], [ 1.234991, 38.9008592 ], [ 1.2349461, 38.9008594 ], [ 1.2349459, 38.900845699999984 ], [ 1.234877, 38.900846099999988 ], [ 1.2348767, 38.900806699999976 ], [ 1.2348547, 38.9008068 ], [ 1.2348544, 38.9007667 ], [ 1.2348912, 38.9007665 ], [ 1.2348909, 38.9007352 ], [ 1.2349295, 38.9007349 ], [ 1.2349293, 38.9007133 ], [ 1.2349896, 38.900713 ] ] ] } },
{ "type": "Feature", "properties": { "id": "finca_00484", "lat": 38.902212305589714, "lon": 1.2356088151715949, "surface_estimee_m2": 61.154943490098297, "distance_plus_proche_voisin_m": 139.04394575376259, "qualifiee_finca": true, "neighborhood": "Es Caló d'en Real" }, "geometry": { "type": "Polygon", "coordinates": [ [ [ 1.235692, 38.9022255 ], [ 1.2356595, 38.9022322 ], [ 1.2356564, 38.902223 ], [ 1.2356309, 38.9022282 ], [ 1.2356331, 38.9022346 ], [ 1.2355622, 38.9022491 ], [ 1.2355423, 38.902190099999984 ], [ 1.2356129, 38.9021757 ], [ 1.2356221, 38.9022029 ], [ 1.2356804, 38.902191 ], [ 1.235692, 38.9022255 ] ] ] } },
{ "type": "Feature", "properties": { "id": "finca_00485", "lat": 38.903607570810301, "lon": 1.2374246923422501, "surface_estimee_m2": 60.485533062780554, "distance_plus_proche_voisin_m": 121.64696326665249, "qualifiee_finca": true, "neighborhood": "Es Caló d'en Real" }, "geometry": { "type": "Polygon", "coordinates": [ [ [ 1.2373676, 38.9036354 ], [ 1.2374827, 38.9036343 ], [ 1.2374818, 38.903579699999987 ], [ 1.2373666, 38.9035809 ], [ 1.2373676, 38.9036354 ] ] ] } },
{ "type": "Feature", "properties": { "id": "finca_00486", "lat": 38.904012131647235, "lon": 1.2183034331224796, "surface_estimee_m2": 143.19146028894815, "distance_plus_proche_voisin_m": 107.17967343793153, "qualifiee_finca": true, "neighborhood": "Es Caló d'en Real" }, "geometry": { "type": "Polygon", "coordinates": [ [ [ 1.2182367, 38.904039200000014 ], [ 1.2182353, 38.904034 ], [ 1.2181947, 38.9040404 ], [ 1.2181848, 38.9040024 ], [ 1.2182242, 38.9039962 ], [ 1.2182176, 38.9039712 ], [ 1.2182674, 38.9039633 ], [ 1.2182704, 38.9039745 ], [ 1.2183186, 38.9039669 ], [ 1.218325, 38.903991399999988 ], [ 1.2184096, 38.903978 ], [ 1.2184154, 38.904000299999986 ], [ 1.2184099, 38.9040012 ], [ 1.2184156, 38.9040229 ], [ 1.2184227, 38.9040266 ], [ 1.2184021, 38.9040508 ], [ 1.2183686, 38.9040336 ], [ 1.2183608, 38.904042699999984 ], [ 1.2183621, 38.9040476 ], [ 1.2183312, 38.9040525 ], [ 1.2183299, 38.9040476 ], [ 1.2182708, 38.904057 ], [ 1.2182367, 38.904039200000014 ] ] ] } },
{ "type": "Feature", "properties": { "id": "finca_00487", "lat": 38.903702749662983, "lon": 1.2194740066177627, "surface_estimee_m2": 128.9900793652269, "distance_plus_proche_voisin_m": 107.17967343793153, "qualifiee_finca": true, "neighborhood": "Es Caló d'en Real" }, "geometry": { "type": "Polygon", "coordinates": [ [ [ 1.2195829, 38.9036568 ], [ 1.219476, 38.9036325 ], [ 1.2194467, 38.9037108 ], [ 1.21938, 38.9036956 ], [ 1.2193628, 38.9037416 ], [ 1.2194884, 38.90377 ], [ 1.2195195, 38.903687 ], [ 1.2195675, 38.903697899999983 ], [ 1.2195829, 38.9036568 ] ] ] } },
{ "type": "Feature", "properties": { "id": "finca_00488", "lat": 38.919246258213747, "lon": 1.2309219471759099, "surface_estimee_m2": 73.953563810190659, "distance_plus_proche_voisin_m": 50.116256462713885, "qualifiee_finca": true, "neighborhood": "Es Caló d'en Real" }, "geometry": { "type": "Polygon", "coordinates": [ [ [ 1.2309904, 38.9192158 ], [ 1.2309613, 38.9192492 ], [ 1.2309358, 38.9192358 ], [ 1.2309126, 38.9192625 ], [ 1.2309287, 38.919271 ], [ 1.2309249, 38.919275399999982 ], [ 1.2309337, 38.91928 ], [ 1.2309086, 38.919308900000011 ], [ 1.230902, 38.9193054 ], [ 1.2308841, 38.919326 ], [ 1.2308573, 38.919312 ], [ 1.2308841, 38.919281 ], [ 1.2308773, 38.9192774 ], [ 1.2308898, 38.919263 ], [ 1.2308647, 38.9192498 ], [ 1.230905, 38.9192034 ], [ 1.2309295, 38.9192163 ], [ 1.2309429, 38.919200899999986 ], [ 1.2309486, 38.9192038 ], [ 1.2309728, 38.919176 ], [ 1.2310002, 38.9191904 ], [ 1.230982, 38.9192114 ], [ 1.2309904, 38.9192158 ] ] ] } },
{ "type": "Feature", "properties": { "id": "finca_00489", "lat": 38.918837008681052, "lon": 1.2311660307077248, "surface_estimee_m2": 74.022843143777962, "distance_plus_proche_voisin_m": 50.116256462713885, "qualifiee_finca": true, "neighborhood": "Es Caló d'en Real" }, "geometry": { "type": "Polygon", "coordinates": [ [ [ 1.2312345, 38.9188065 ], [ 1.2312054, 38.91884 ], [ 1.2311799, 38.918826599999989 ], [ 1.2311567, 38.9188533 ], [ 1.2311728, 38.9188618 ], [ 1.231169, 38.9188662 ], [ 1.2311778, 38.918870799999986 ], [ 1.2311527, 38.9188996 ], [ 1.2311461, 38.9188961 ], [ 1.2311281, 38.9189168 ], [ 1.2311013, 38.9189027 ], [ 1.2311282, 38.9188718 ], [ 1.2311213, 38.9188682 ], [ 1.2311339, 38.9188538 ], [ 1.2311088, 38.9188406 ], [ 1.2311491, 38.9187941 ], [ 1.2311736, 38.918807 ], [ 1.231187, 38.9187916 ], [ 1.2311927, 38.9187946 ], [ 1.2312169, 38.9187667 ], [ 1.2312443, 38.9187812 ], [ 1.2312261, 38.918802099999986 ], [ 1.2312345, 38.9188065 ] ] ] } },
{ "type": "Feature", "properties": { "id": "finca_00490", "lat": 38.928181447944851, "lon": 1.2300635534919517, "surface_estimee_m2": 140.80834931326459, "distance_plus_proche_voisin_m": 93.285759443481354, "qualifiee_finca": true, "neighborhood": "Cala Molí" }, "geometry": { "type": "Polygon", "coordinates": [ [ [ 1.2300078, 38.9282448 ], [ 1.2301427, 38.92821 ], [ 1.2301311, 38.9281828 ], [ 1.2301701, 38.9281727 ], [ 1.2301514, 38.928128899999976 ], [ 1.230055, 38.9281539 ], [ 1.2300446, 38.92812940000001 ], [ 1.229967, 38.9281494 ], [ 1.2300078, 38.9282448 ] ] ] } },
{ "type": "Feature", "properties": { "id": "finca_00491", "lat": 38.929874669129894, "lon": 1.2354152607186188, "surface_estimee_m2": 95.43963848638559, "distance_plus_proche_voisin_m": 28.928217539920325, "qualifiee_finca": true, "neighborhood": "Cala Molí" }, "geometry": { "type": "Polygon", "coordinates": [ [ [ 1.2354619, 38.9298841 ], [ 1.2354645, 38.9298934 ], [ 1.2354618, 38.9299028 ], [ 1.2354535, 38.929910899999982 ], [ 1.2354413, 38.929915099999988 ], [ 1.235389, 38.929928799999985 ], [ 1.2353805, 38.9299092 ], [ 1.2353581, 38.929915 ], [ 1.2353343, 38.9298599 ], [ 1.2354825, 38.9298211 ], [ 1.2354954, 38.929851 ], [ 1.2354747, 38.9298565 ], [ 1.235481, 38.929871 ], [ 1.2354587, 38.929876899999975 ], [ 1.2354619, 38.9298841 ] ] ] } },
{ "type": "Feature", "properties": { "id": "finca_00492", "lat": 38.93002349725365, "lon": 1.2351413673631844, "surface_estimee_m2": 103.88633157189986, "distance_plus_proche_voisin_m": 28.928217539920325, "qualifiee_finca": true, "neighborhood": "Cala Molí" }, "geometry": { "type": "Polygon", "coordinates": [ [ [ 1.2352002, 38.9299986 ], [ 1.2351765, 38.9300515 ], [ 1.2351681, 38.9300493 ], [ 1.2351574, 38.9300731 ], [ 1.2351793, 38.930079 ], [ 1.2351613, 38.9300975 ], [ 1.235126, 38.9300879 ], [ 1.2351228, 38.9300951 ], [ 1.2350846, 38.9300847 ], [ 1.2350924, 38.9300671 ], [ 1.2350891, 38.9300662 ], [ 1.2351169, 38.9300038 ], [ 1.2350981, 38.9299988 ], [ 1.2351216, 38.929946100000016 ], [ 1.2351895, 38.9299644 ], [ 1.235177, 38.929992299999988 ], [ 1.2352002, 38.9299986 ] ] ] } },
{ "type": "Feature", "properties": { "id": "finca_00493", "lat": 38.93067065, "lon": 1.23666345, "surface_estimee_m2": 60.810129714969307, "distance_plus_proche_voisin_m": 48.905152754657564, "qualifiee_finca": true, "neighborhood": "Bella Tarida" }, "geometry": { "type": "Polygon", "coordinates": [ [ [ 1.2366486, 38.9307225 ], [ 1.2367142, 38.9307062 ], [ 1.2366783, 38.9306188 ], [ 1.2366127, 38.930635100000011 ], [ 1.2366486, 38.9307225 ] ] ] } },
{ "type": "Feature", "properties": { "id": "finca_00494", "lat": 38.933317255353046, "lon": 1.2401176765072466, "surface_estimee_m2": 60.097488333405259, "distance_plus_proche_voisin_m": 218.33239093218177, "qualifiee_finca": true, "neighborhood": "Bella Tarida" }, "geometry": { "type": "Polygon", "coordinates": [ [ [ 1.2400727, 38.9333525 ], [ 1.24017, 38.9333457 ], [ 1.2401626, 38.933282 ], [ 1.2400654, 38.9332888 ], [ 1.2400727, 38.9333525 ] ] ] } },
{ "type": "Feature", "properties": { "id": "finca_00495", "lat": 38.935219099387986, "lon": 1.2547309630589731, "surface_estimee_m2": 96.223330631588865, "distance_plus_proche_voisin_m": 150.28677359800773, "qualifiee_finca": true, "neighborhood": "Bella Tarida" }, "geometry": { "type": "Polygon", "coordinates": [ [ [ 1.254805, 38.9352628 ], [ 1.2547619, 38.9352808 ], [ 1.2547532, 38.935268199999982 ], [ 1.2547144, 38.9352845 ], [ 1.2546826, 38.935238400000024 ], [ 1.2547105, 38.9352268 ], [ 1.2546623, 38.935157 ], [ 1.254706, 38.9351388 ], [ 1.2547413, 38.93519 ], [ 1.2547627, 38.93518109999998 ], [ 1.2547759, 38.9352001 ], [ 1.2547649, 38.9352047 ], [ 1.254805, 38.9352628 ] ] ] } },
{ "type": "Feature", "properties": { "id": "finca_00496", "lat": 38.935473999296889, "lon": 1.2516576814434317, "surface_estimee_m2": 119.94604586094826, "distance_plus_proche_voisin_m": 94.613676122392562, "qualifiee_finca": true, "neighborhood": "Bella Tarida" }, "geometry": { "type": "Polygon", "coordinates": [ [ [ 1.2517735, 38.9355171 ], [ 1.2517859, 38.9354679 ], [ 1.2515418, 38.9354309 ], [ 1.2515295, 38.9354801 ], [ 1.2517735, 38.9355171 ] ] ] } },
{ "type": "Feature", "properties": { "id": "finca_00497", "lat": 38.9345972, "lon": 1.2488598, "surface_estimee_m2": 98.766394394171797, "distance_plus_proche_voisin_m": 86.847352677745718, "qualifiee_finca": true, "neighborhood": "Bella Tarida" }, "geometry": { "type": "Polygon", "coordinates": [ [ [ 1.2488305, 38.9346591 ], [ 1.2489445, 38.9345934 ], [ 1.2488891, 38.9345353 ], [ 1.2487751, 38.934601 ], [ 1.2488305, 38.9346591 ] ] ] } },
{ "type": "Feature", "properties": { "id": "finca_00498", "lat": 38.93058451680669, "lon": 1.2463824627502533, "surface_estimee_m2": 134.72182491957417, "distance_plus_proche_voisin_m": 77.130956318672929, "qualifiee_finca": true, "neighborhood": "Bella Tarida" }, "geometry": { "type": "Polygon", "coordinates": [ [ [ 1.2464514, 38.930531199999983 ], [ 1.2464668, 38.930617699999985 ], [ 1.2464187, 38.9306229 ], [ 1.2464204, 38.930632199999984 ], [ 1.2463423, 38.9306406 ], [ 1.2463368, 38.9306097 ], [ 1.2462975, 38.930614 ], [ 1.2462881, 38.9305609 ], [ 1.2463264, 38.9305568 ], [ 1.2463243, 38.9305449 ], [ 1.2464514, 38.930531199999983 ] ] ] } },
{ "type": "Feature", "properties": { "id": "finca_00499", "lat": 38.93187925, "lon": 1.2450614, "surface_estimee_m2": 62.949293014512882, "distance_plus_proche_voisin_m": 183.77488780022779, "qualifiee_finca": true, "neighborhood": "Bella Tarida" }, "geometry": { "type": "Polygon", "coordinates": [ [ [ 1.2451215, 38.9318984 ], [ 1.245032, 38.9319243 ], [ 1.2450013, 38.931860100000016 ], [ 1.2450908, 38.9318342 ], [ 1.2451215, 38.9318984 ] ] ] } },
{ "type": "Feature", "properties": { "id": "finca_00500", "lat": 38.929784421882836, "lon": 1.2553401307395469, "surface_estimee_m2": 144.26717951435177, "distance_plus_proche_voisin_m": 252.45976905838927, "qualifiee_finca": true, "neighborhood": "Bella Tarida" }, "geometry": { "type": "Polygon", "coordinates": [ [ [ 1.255445, 38.9298674 ], [ 1.2554389, 38.929855 ], [ 1.2554706, 38.929846 ], [ 1.255482, 38.9298177 ], [ 1.2554611, 38.9298054 ], [ 1.2554282, 38.9298129 ], [ 1.255418, 38.9298061 ], [ 1.2553737, 38.929814199999988 ], [ 1.2553665, 38.9298024 ], [ 1.2553888, 38.9297785 ], [ 1.2553632, 38.9297533 ], [ 1.2553362, 38.9297653 ], [ 1.2553134, 38.9297565 ], [ 1.2553214, 38.9297297 ], [ 1.2552973, 38.9297214 ], [ 1.2552728, 38.9297328 ], [ 1.2552584, 38.9297167 ], [ 1.2552871, 38.9296949 ], [ 1.2552758, 38.92968 ], [ 1.2552324, 38.9296999 ], [ 1.2552406, 38.9297121 ], [ 1.255197, 38.9297285 ], [ 1.2552374, 38.929749 ], [ 1.2552664, 38.9297897 ], [ 1.2553065, 38.9298022 ], [ 1.2553214, 38.9297973 ], [ 1.2553558, 38.9298071 ], [ 1.2553669, 38.9298188 ], [ 1.2553561, 38.9298252 ], [ 1.2554002, 38.929848 ], [ 1.2553858, 38.9298548 ], [ 1.2554057, 38.929882599999985 ], [ 1.255445, 38.9298674 ] ] ] } },
{ "type": "Feature", "properties": { "id": "finca_00501", "lat": 38.926461791967014, "lon": 1.2640532563870128, "surface_estimee_m2": 110.64693459465295, "distance_plus_proche_voisin_m": 210.98451165104231, "qualifiee_finca": true, "neighborhood": "Bella Tarida" }, "geometry": { "type": "Polygon", "coordinates": [ [ [ 1.264117, 38.926416 ], [ 1.2641118, 38.92651 ], [ 1.2640792, 38.9265089 ], [ 1.264079, 38.9265128 ], [ 1.2640135, 38.9265106 ], [ 1.2640148, 38.926486499999989 ], [ 1.2639796, 38.9264853 ], [ 1.2639828, 38.9264273 ], [ 1.2640208, 38.9264286 ], [ 1.2640217, 38.9264128 ], [ 1.264117, 38.926416 ] ] ] } },
{ "type": "Feature", "properties": { "id": "finca_00502", "lat": 38.930510427134365, "lon": 1.2644458185734122, "surface_estimee_m2": 139.63557054721147, "distance_plus_proche_voisin_m": 16.982741520845824, "qualifiee_finca": true, "neighborhood": "Bella Tarida" }, "geometry": { "type": "Polygon", "coordinates": [ [ [ 1.2645397, 38.9305454 ], [ 1.2644682, 38.9305607 ], [ 1.2644655, 38.9305531 ], [ 1.2643903, 38.9305693 ], [ 1.2643571, 38.9304757 ], [ 1.2644892, 38.9304473 ], [ 1.2645084, 38.930501399999983 ], [ 1.2645229, 38.930498299999982 ], [ 1.2645397, 38.9305454 ] ] ] } },
{ "type": "Feature", "properties": { "id": "finca_00503", "lat": 38.930609470775877, "lon": 1.2645951142819338, "surface_estimee_m2": 64.066018332722876, "distance_plus_proche_voisin_m": 16.982741520845824, "qualifiee_finca": true, "neighborhood": "Bella Tarida" }, "geometry": { "type": "Polygon", "coordinates": [ [ [ 1.2645677, 38.9306568 ], [ 1.264646, 38.930643 ], [ 1.2646226, 38.9305622 ], [ 1.2645442, 38.9305759 ], [ 1.2645677, 38.9306568 ] ] ] } },
{ "type": "Feature", "properties": { "id": "finca_00504", "lat": 38.9298632, "lon": 1.26322605, "surface_estimee_m2": 56.032357519360168, "distance_plus_proche_voisin_m": 127.84956872563082, "qualifiee_finca": true, "neighborhood": "Bella Tarida" }, "geometry": { "type": "Polygon", "coordinates": [ [ [ 1.2631733, 38.9298882 ], [ 1.2632678, 38.929898600000016 ], [ 1.2632788, 38.9298382 ], [ 1.2631843, 38.9298278 ], [ 1.2631733, 38.9298882 ] ] ] } },
{ "type": "Feature", "properties": { "id": "finca_00505", "lat": 38.932188253708645, "lon": 1.2604711866233143, "surface_estimee_m2": 53.808986756070894, "distance_plus_proche_voisin_m": 38.276678180851938, "qualifiee_finca": true, "neighborhood": "Bella Tarida" }, "geometry": { "type": "Polygon", "coordinates": [ [ [ 1.2605128, 38.9322352 ], [ 1.2605425, 38.932201500000019 ], [ 1.2604295, 38.9321413 ], [ 1.2603999, 38.932175 ], [ 1.2605128, 38.9322352 ] ] ] } },
{ "type": "Feature", "properties": { "id": "finca_00506", "lat": 38.9318661, "lon": 1.26062865, "surface_estimee_m2": 69.43501990187211, "distance_plus_proche_voisin_m": 38.276678180851938, "qualifiee_finca": true, "neighborhood": "Bella Tarida" }, "geometry": { "type": "Polygon", "coordinates": [ [ [ 1.2606902, 38.9319178 ], [ 1.260717, 38.9318817 ], [ 1.2605671, 38.9318144 ], [ 1.2605403, 38.9318505 ], [ 1.2606902, 38.9319178 ] ] ] } },
{ "type": "Feature", "properties": { "id": "finca_00507", "lat": 38.930025475524545, "lon": 1.2584541675305367, "surface_estimee_m2": 93.657751875529499, "distance_plus_proche_voisin_m": 19.864796247020493, "qualifiee_finca": true, "neighborhood": "Bella Tarida" }, "geometry": { "type": "Polygon", "coordinates": [ [ [ 1.2584549, 38.9300417 ], [ 1.2584606, 38.9300845 ], [ 1.2583919, 38.93009 ], [ 1.2583834, 38.9300254 ], [ 1.2584409, 38.930003699999972 ], [ 1.2584431, 38.9299797 ], [ 1.2585359, 38.929966 ], [ 1.2585455, 38.9300055 ], [ 1.2584814, 38.9300149 ], [ 1.2584868, 38.930037 ], [ 1.2584549, 38.9300417 ] ] ] } },
{ "type": "Feature", "properties": { "id": "finca_00508", "lat": 38.929939028845482, "lon": 1.2582452203286254, "surface_estimee_m2": 75.740216325234982, "distance_plus_proche_voisin_m": 20.500401239099002, "qualifiee_finca": true, "neighborhood": "Bella Tarida" }, "geometry": { "type": "Polygon", "coordinates": [ [ [ 1.2583078, 38.9298932 ], [ 1.2581833, 38.929915299999983 ], [ 1.2581943, 38.9299527 ], [ 1.2581909, 38.9299533 ], [ 1.2582008, 38.9299872 ], [ 1.2582471, 38.929979 ], [ 1.2582499, 38.9299885 ], [ 1.2582742, 38.9299842 ], [ 1.2582708, 38.9299726 ], [ 1.2582798, 38.929971 ], [ 1.25827, 38.9299374 ], [ 1.2583182, 38.9299288 ], [ 1.2583078, 38.9298932 ] ] ] } },
{ "type": "Feature", "properties": { "id": "finca_00509", "lat": 38.930048025593408, "lon": 1.2586814590245123, "surface_estimee_m2": 135.91927425276685, "distance_plus_proche_voisin_m": 19.864796247020493, "qualifiee_finca": true, "neighborhood": "Bella Tarida" }, "geometry": { "type": "Polygon", "coordinates": [ [ [ 1.258621, 38.9300692 ], [ 1.2586305, 38.9299739 ], [ 1.2587352, 38.9299803 ], [ 1.2587198, 38.930134699999989 ], [ 1.2586547, 38.9301389 ], [ 1.2586614, 38.9300716 ], [ 1.258621, 38.9300692 ] ] ] } },
{ "type": "Feature", "properties": { "id": "finca_00510", "lat": 38.92876007493615, "lon": 1.2593776636018759, "surface_estimee_m2": 131.29849243253776, "distance_plus_proche_voisin_m": 51.358657765988447, "qualifiee_finca": true, "neighborhood": "Bella Tarida" }, "geometry": { "type": "Polygon", "coordinates": [ [ [ 1.2594702, 38.9288086 ], [ 1.2594173, 38.9288135 ], [ 1.2594127, 38.928784 ], [ 1.259257, 38.9287987 ], [ 1.2592461, 38.9287284 ], [ 1.2592933, 38.928724 ], [ 1.2592996, 38.9287646 ], [ 1.2593935, 38.9287558 ], [ 1.2593881, 38.928721 ], [ 1.2594218, 38.9287178 ], [ 1.2594188, 38.9286986 ], [ 1.2594639, 38.9286944 ], [ 1.2594748, 38.928764500000014 ], [ 1.2594635, 38.928765600000013 ], [ 1.2594702, 38.9288086 ] ] ] } },
{ "type": "Feature", "properties": { "id": "finca_00511", "lat": 38.929019756465124, "lon": 1.2598679245302402, "surface_estimee_m2": 147.6178737470004, "distance_plus_proche_voisin_m": 51.358657765988447, "qualifiee_finca": true, "neighborhood": "Bella Tarida" }, "geometry": { "type": "Polygon", "coordinates": [ [ [ 1.2599836, 38.9289426 ], [ 1.2599765, 38.928916800000017 ], [ 1.2598267, 38.928942 ], [ 1.2598543, 38.9290414 ], [ 1.2597835, 38.9290533 ], [ 1.2598027, 38.9291224 ], [ 1.2598958, 38.9291067 ], [ 1.2598842, 38.9290653 ], [ 1.2599033, 38.9290621 ], [ 1.2598782, 38.928971599999976 ], [ 1.2599519, 38.9289592 ], [ 1.2599489, 38.92894840000001 ], [ 1.2599836, 38.9289426 ] ] ] } },
{ "type": "Feature", "properties": { "id": "finca_00512", "lat": 38.9283312, "lon": 1.2606605, "surface_estimee_m2": 57.536931849717199, "distance_plus_proche_voisin_m": 102.78053412314551, "qualifiee_finca": true, "neighborhood": "Bella Tarida" }, "geometry": { "type": "Polygon", "coordinates": [ [ [ 1.2606335, 38.9283746 ], [ 1.260716, 38.928352699999976 ], [ 1.2606875, 38.9282878 ], [ 1.260605, 38.9283097 ], [ 1.2606335, 38.9283746 ] ] ] } },
{ "type": "Feature", "properties": { "id": "finca_00513", "lat": 38.925175494239681, "lon": 1.2594912674406185, "surface_estimee_m2": 112.37454174964951, "distance_plus_proche_voisin_m": 21.012036507541055, "qualifiee_finca": true, "neighborhood": "Cala Molí" }, "geometry": { "type": "Polygon", "coordinates": [ [ [ 1.2595798, 38.92522 ], [ 1.2595743, 38.9251816 ], [ 1.2595268, 38.925185699999986 ], [ 1.2595237, 38.925163700000013 ], [ 1.2595328, 38.9251629 ], [ 1.2595285, 38.925133 ], [ 1.2595064, 38.9251349 ], [ 1.2595034, 38.9251138 ], [ 1.2594247, 38.9251207 ], [ 1.2594392, 38.9252221 ], [ 1.25949, 38.9252177 ], [ 1.2594915, 38.9252277 ], [ 1.2595798, 38.92522 ] ] ] } },
{ "type": "Feature", "properties": { "id": "finca_00514", "lat": 38.925004189324135, "lon": 1.2595943812106731, "surface_estimee_m2": 136.5705650503663, "distance_plus_proche_voisin_m": 21.012036507541055, "qualifiee_finca": true, "neighborhood": "Cala Molí" }, "geometry": { "type": "Polygon", "coordinates": [ [ [ 1.259681, 38.9250565 ], [ 1.259625, 38.9250565 ], [ 1.259625, 38.9250436 ], [ 1.2595134, 38.9250436 ], [ 1.2595134, 38.9249566 ], [ 1.2596576, 38.9249566 ], [ 1.2596576, 38.925004199999982 ], [ 1.259681, 38.9250042 ], [ 1.259681, 38.9250565 ] ] ] } },
{ "type": "Feature", "properties": { "id": "finca_00515", "lat": 38.931634958822954, "lon": 1.2661578869560453, "surface_estimee_m2": 101.70187774895747, "distance_plus_proche_voisin_m": 65.196200360007751, "qualifiee_finca": true, "neighborhood": "Bella Tarida" }, "geometry": { "type": "Polygon", "coordinates": [ [ [ 1.2662419, 38.9316182 ], [ 1.2661931, 38.931652499999984 ], [ 1.2661981, 38.9316567 ], [ 1.2661317, 38.931703400000018 ], [ 1.2660845, 38.9316628 ], [ 1.2660915, 38.9316578 ], [ 1.2660762, 38.9316447 ], [ 1.2661256, 38.931609899999984 ], [ 1.2661408, 38.931623 ], [ 1.2661631, 38.9316073 ], [ 1.2661411, 38.931588399999988 ], [ 1.2661775, 38.9315628 ], [ 1.2662419, 38.9316182 ] ] ] } },
{ "type": "Feature", "properties": { "id": "finca_00516", "lat": 38.931467227637015, "lon": 1.2668785535708893, "surface_estimee_m2": 127.85024845777042, "distance_plus_proche_voisin_m": 27.716840212513123, "qualifiee_finca": true, "neighborhood": "Bella Tarida" }, "geometry": { "type": "Polygon", "coordinates": [ [ [ 1.2668729, 38.931362399999983 ], [ 1.2668108, 38.9313771 ], [ 1.2668712, 38.9315318 ], [ 1.2668592, 38.9315346 ], [ 1.2668726, 38.931569 ], [ 1.2669468, 38.9315515 ], [ 1.2668729, 38.931362399999983 ] ] ] } },
{ "type": "Feature", "properties": { "id": "finca_00517", "lat": 38.93124505, "lon": 1.26673265, "surface_estimee_m2": 66.058194475653266, "distance_plus_proche_voisin_m": 27.716840212513123, "qualifiee_finca": true, "neighborhood": "Bella Tarida" }, "geometry": { "type": "Polygon", "coordinates": [ [ [ 1.266688, 38.9312869 ], [ 1.2667619, 38.9312945 ], [ 1.2667773, 38.9312032 ], [ 1.2667034, 38.9311956 ], [ 1.266688, 38.9312869 ] ] ] } },
{ "type": "Feature", "properties": { "id": "finca_00518", "lat": 38.93040365, "lon": 1.266193, "surface_estimee_m2": 51.687924644054597, "distance_plus_proche_voisin_m": 104.45998419202809, "qualifiee_finca": true, "neighborhood": "Bella Tarida" }, "geometry": { "type": "Polygon", "coordinates": [ [ [ 1.2661213, 38.9304205 ], [ 1.2662628, 38.9304247 ], [ 1.2662647, 38.9303868 ], [ 1.2661232, 38.9303826 ], [ 1.2661213, 38.9304205 ] ] ] } },
{ "type": "Feature", "properties": { "id": "finca_00519", "lat": 38.937541030205885, "lon": 1.2613140878130356, "surface_estimee_m2": 58.02551396595738, "distance_plus_proche_voisin_m": 333.48615328722764, "qualifiee_finca": true, "neighborhood": "Bella Tarida" }, "geometry": { "type": "Polygon", "coordinates": [ [ [ 1.2612776, 38.9375816 ], [ 1.2613745, 38.9375565 ], [ 1.2613506, 38.9375005 ], [ 1.2612537, 38.9375255 ], [ 1.2612776, 38.9375816 ] ] ] } },
{ "type": "Feature", "properties": { "id": "finca_00520", "lat": 38.936501205274922, "lon": 1.2560170826799306, "surface_estimee_m2": 108.54667901121132, "distance_plus_proche_voisin_m": 140.29650979489799, "qualifiee_finca": true, "neighborhood": "Bella Tarida" }, "geometry": { "type": "Polygon", "coordinates": [ [ [ 1.2561303, 38.936531799999983 ], [ 1.2560617, 38.9365305 ], [ 1.2560624, 38.9365069 ], [ 1.2560391, 38.936506399999985 ], [ 1.2560382, 38.9365354 ], [ 1.2559222, 38.9365331 ], [ 1.2559248, 38.9364525 ], [ 1.2559769, 38.9364535 ], [ 1.2559756, 38.9364944 ], [ 1.2560375, 38.9364956 ], [ 1.2560384, 38.9364675 ], [ 1.2560848, 38.9364684 ], [ 1.2560843, 38.936483500000016 ], [ 1.2561318, 38.9364844 ], [ 1.2561303, 38.936531799999983 ] ] ] } },
{ "type": "Feature", "properties": { "id": "finca_00521", "lat": 38.937653350310342, "lon": 1.255351701507049, "surface_estimee_m2": 93.692192643300061, "distance_plus_proche_voisin_m": 140.29650979489799, "qualifiee_finca": true, "neighborhood": "Bella Tarida" }, "geometry": { "type": "Polygon", "coordinates": [ [ [ 1.2554029, 38.9376184 ], [ 1.2553743, 38.9376208 ], [ 1.2553706, 38.9375932 ], [ 1.2553159, 38.9375976 ], [ 1.2553198, 38.9376269 ], [ 1.2552964, 38.937628799999985 ], [ 1.2553072, 38.9377089 ], [ 1.2553651, 38.9377042 ], [ 1.2553635, 38.9376925 ], [ 1.2554124, 38.9376886 ], [ 1.2554029, 38.9376184 ] ] ] } },
{ "type": "Feature", "properties": { "id": "finca_00522", "lat": 38.932881930920537, "lon": 1.2693649975260572, "surface_estimee_m2": 148.95458536734137, "distance_plus_proche_voisin_m": 52.387618148615417, "qualifiee_finca": true, "neighborhood": "Bella Tarida" }, "geometry": { "type": "Polygon", "coordinates": [ [ [ 1.2693861, 38.9329691 ], [ 1.2693394, 38.9329167 ], [ 1.2693449, 38.9329137 ], [ 1.2693261, 38.9328927 ], [ 1.2693156, 38.9328984 ], [ 1.2692613, 38.9328375 ], [ 1.2693248, 38.9328032 ], [ 1.2693498, 38.9328312 ], [ 1.2693741, 38.9328181 ], [ 1.2694028, 38.9328503 ], [ 1.2694088, 38.9328471 ], [ 1.2694442, 38.9328867 ], [ 1.269426, 38.932896499999984 ], [ 1.2694567, 38.932931 ], [ 1.2693861, 38.9329691 ] ] ] } },
{ "type": "Feature", "properties": { "id": "finca_00523", "lat": 38.932945700337811, "lon": 1.2699637139874258, "surface_estimee_m2": 97.176594220066576, "distance_plus_proche_voisin_m": 51.569284573593343, "qualifiee_finca": true, "neighborhood": "Bella Tarida" }, "geometry": { "type": "Polygon", "coordinates": [ [ [ 1.270012, 38.932929399999985 ], [ 1.2700018, 38.9329128 ], [ 1.2699891, 38.9329176 ], [ 1.2699742, 38.932893399999983 ], [ 1.2699477, 38.9329034 ], [ 1.2699267, 38.93286950000001 ], [ 1.2698871, 38.9328843 ], [ 1.2699713, 38.933020599999985 ], [ 1.2700354, 38.9329967 ], [ 1.2699973, 38.932934899999985 ], [ 1.270012, 38.932929399999985 ] ] ] } },
{ "type": "Feature", "properties": { "id": "finca_00524", "lat": 38.932498838956256, "lon": 1.2698009827840613, "surface_estimee_m2": 109.22303298196596, "distance_plus_proche_voisin_m": 51.569284573593343, "qualifiee_finca": true, "neighborhood": "Bella Tarida" }, "geometry": { "type": "Polygon", "coordinates": [ [ [ 1.2698748, 38.9324717 ], [ 1.2698342, 38.9325096 ], [ 1.2698592, 38.9325258 ], [ 1.2698092, 38.9325724 ], [ 1.26977, 38.932547 ], [ 1.2697771, 38.9325403 ], [ 1.2697159, 38.9325006 ], [ 1.2697472, 38.9324714 ], [ 1.2697582, 38.932478599999982 ], [ 1.2697738, 38.932464 ], [ 1.2697709, 38.9324621 ], [ 1.2698075, 38.9324281 ], [ 1.2698748, 38.9324717 ] ] ] } },
{ "type": "Feature", "properties": { "id": "finca_00525", "lat": 38.931773, "lon": 1.26990675, "surface_estimee_m2": 65.488531257751418, "distance_plus_proche_voisin_m": 81.08865486097109, "qualifiee_finca": true, "neighborhood": "Bella Tarida" }, "geometry": { "type": "Polygon", "coordinates": [ [ [ 1.2698858, 38.9318224 ], [ 1.2699646, 38.931799 ], [ 1.2699277, 38.931723599999984 ], [ 1.2698489, 38.931747 ], [ 1.2698858, 38.9318224 ] ] ] } },
{ "type": "Feature", "properties": { "id": "finca_00526", "lat": 38.934796168717057, "lon": 1.2674864509873272, "surface_estimee_m2": 91.469036735151619, "distance_plus_proche_voisin_m": 43.587261022667484, "qualifiee_finca": true, "neighborhood": "Bella Tarida" }, "geometry": { "type": "Polygon", "coordinates": [ [ [ 1.2675206, 38.9347366 ], [ 1.2674778, 38.934737 ], [ 1.267478, 38.934749599999989 ], [ 1.2674359, 38.9347499 ], [ 1.2674367, 38.934805699999984 ], [ 1.2674226, 38.9348058 ], [ 1.267423, 38.9348291 ], [ 1.2674816, 38.9348286 ], [ 1.2674818, 38.9348426 ], [ 1.2675069, 38.9348424 ], [ 1.2675072, 38.9348617 ], [ 1.2675416, 38.9348613 ], [ 1.2675413, 38.9348405 ], [ 1.2675327, 38.9348405 ], [ 1.2675318, 38.9347775 ], [ 1.2675212, 38.9347776 ], [ 1.2675206, 38.9347366 ] ] ] } },
{ "type": "Feature", "properties": { "id": "finca_00527", "lat": 38.934575559872137, "lon": 1.2670705315620121, "surface_estimee_m2": 78.804774733277966, "distance_plus_proche_voisin_m": 22.210861522659503, "qualifiee_finca": true, "neighborhood": "Bella Tarida" }, "geometry": { "type": "Polygon", "coordinates": [ [ [ 1.2670122, 38.9346366 ], [ 1.2670596, 38.934649 ], [ 1.2670789, 38.934604 ], [ 1.2670933, 38.9346078 ], [ 1.2671298, 38.934523 ], [ 1.2670681, 38.934506899999988 ], [ 1.2670122, 38.9346366 ] ] ] } },
{ "type": "Feature", "properties": { "id": "finca_00528", "lat": 38.926789117620451, "lon": 1.2664502563465669, "surface_estimee_m2": 149.08219013260998, "distance_plus_proche_voisin_m": 210.98451165104231, "qualifiee_finca": true, "neighborhood": "Bella Tarida" }, "geometry": { "type": "Polygon", "coordinates": [ [ [ 1.2665531, 38.926766200000017 ], [ 1.2665085, 38.9267527 ], [ 1.266514, 38.9267417 ], [ 1.266481, 38.9267317 ], [ 1.2664785, 38.9267367 ], [ 1.2664375, 38.9267243 ], [ 1.2664202, 38.9267588 ], [ 1.2663849, 38.9267482 ], [ 1.2663766, 38.9267648 ], [ 1.2663855, 38.9267805 ], [ 1.2663234, 38.9268018 ], [ 1.2663438, 38.9268379 ], [ 1.2664163, 38.9268131 ], [ 1.2664208, 38.926821 ], [ 1.2664381, 38.9268262 ], [ 1.2664495, 38.92680330000001 ], [ 1.2664754, 38.9268111 ], [ 1.2664601, 38.926841799999984 ], [ 1.2665081, 38.9268563 ], [ 1.2665531, 38.926766200000017 ] ] ] } },
{ "type": "Feature", "properties": { "id": "finca_00529", "lat": 38.923555698658106, "lon": 1.2660078254000662, "surface_estimee_m2": 145.03853860951369, "distance_plus_proche_voisin_m": 142.58952271231524, "qualifiee_finca": true, "neighborhood": "Cala Molí" }, "geometry": { "type": "Polygon", "coordinates": [ [ [ 1.2660536, 38.923617 ], [ 1.2660741, 38.923552699999988 ], [ 1.2660576, 38.923549600000015 ], [ 1.2660817, 38.923473799999989 ], [ 1.2660346, 38.9234648 ], [ 1.2660298, 38.9234799 ], [ 1.2660095, 38.923476 ], [ 1.2659954, 38.9235204 ], [ 1.2660133, 38.9235238 ], [ 1.2660071, 38.9235433 ], [ 1.2659423, 38.9235309 ], [ 1.2659172, 38.92361 ], [ 1.2660003, 38.923626 ], [ 1.266006, 38.9236079 ], [ 1.2660536, 38.923617 ] ] ] } },
{ "type": "Feature", "properties": { "id": "finca_00530", "lat": 38.924676076643252, "lon": 1.2652033492550214, "surface_estimee_m2": 139.20618077197093, "distance_plus_proche_voisin_m": 142.58952271231524, "qualifiee_finca": true, "neighborhood": "Bella Tarida" }, "geometry": { "type": "Polygon", "coordinates": [ [ [ 1.2652849, 38.9247178 ], [ 1.2652829, 38.9246827 ], [ 1.2652906, 38.9246824 ], [ 1.2652895, 38.9246628 ], [ 1.2652809, 38.9246631 ], [ 1.2652789, 38.9246275 ], [ 1.2651827, 38.9246308 ], [ 1.2651829, 38.924634300000015 ], [ 1.265119, 38.924636499999984 ], [ 1.2651239, 38.9247233 ], [ 1.2652849, 38.9247178 ] ] ] } },
{ "type": "Feature", "properties": { "id": "finca_00531", "lat": 38.955730914257614, "lon": 1.2504751960197082, "surface_estimee_m2": 114.1931407515482, "distance_plus_proche_voisin_m": 132.17817260321101, "qualifiee_finca": true, "neighborhood": "Port des Torrent" }, "geometry": { "type": "Polygon", "coordinates": [ [ [ 1.2505619, 38.9557577 ], [ 1.2505245, 38.955701799999979 ], [ 1.2505038, 38.955710199999984 ], [ 1.250472, 38.9556628 ], [ 1.2503929, 38.955694800000011 ], [ 1.250462, 38.9557982 ], [ 1.2505619, 38.9557577 ] ] ] } },
{ "type": "Feature", "properties": { "id": "finca_00532", "lat": 38.956069842167835, "lon": 1.2490132022736828, "surface_estimee_m2": 100.7895630170577, "distance_plus_proche_voisin_m": 132.17817260321101, "qualifiee_finca": true, "neighborhood": "Port des Torrent" }, "geometry": { "type": "Polygon", "coordinates": [ [ [ 1.2489725, 38.956132 ], [ 1.2490939, 38.9560786 ], [ 1.2490417, 38.9560067 ], [ 1.2489539, 38.956045299999985 ], [ 1.248971, 38.956068799999983 ], [ 1.2489373, 38.956083699999986 ], [ 1.2489725, 38.956132 ] ] ] } },
{ "type": "Feature", "properties": { "id": "finca_00533", "lat": 38.957336890323816, "lon": 1.2472465411407097, "surface_estimee_m2": 134.76158727487862, "distance_plus_proche_voisin_m": 207.9064039250035, "qualifiee_finca": true, "neighborhood": "Port des Torrent" }, "geometry": { "type": "Polygon", "coordinates": [ [ [ 1.2473122, 38.9574078 ], [ 1.2473645, 38.9573712 ], [ 1.2472522, 38.957274 ], [ 1.2472, 38.9573105 ], [ 1.2471702, 38.9572846 ], [ 1.2471224, 38.957318 ], [ 1.247187, 38.957373899999986 ], [ 1.2472347, 38.957340599999988 ], [ 1.2473122, 38.9574078 ] ] ] } },
{ "type": "Feature", "properties": { "id": "finca_00534", "lat": 38.958514041692887, "lon": 1.2422636029643361, "surface_estimee_m2": 75.034458517117827, "distance_plus_proche_voisin_m": 135.5788713742372, "qualifiee_finca": true, "neighborhood": "Cala Corral" }, "geometry": { "type": "Polygon", "coordinates": [ [ [ 1.2422063, 38.9585622 ], [ 1.2422519, 38.9585442 ], [ 1.2422569, 38.9585519 ], [ 1.242307, 38.9585322 ], [ 1.2423003, 38.9585219 ], [ 1.2423468, 38.9585036 ], [ 1.2423174, 38.9584585 ], [ 1.2422709, 38.9584768 ], [ 1.2422812, 38.9584926 ], [ 1.2422311, 38.95851230000001 ], [ 1.2422215, 38.9584976 ], [ 1.2421759, 38.958515599999977 ], [ 1.2422063, 38.9585622 ] ] ] } },
{ "type": "Feature", "properties": { "id": "finca_00535", "lat": 38.959631033872775, "lon": 1.2428964893191294, "surface_estimee_m2": 62.833340153866203, "distance_plus_proche_voisin_m": 135.5788713742372, "qualifiee_finca": true, "neighborhood": "Port des Torrent" }, "geometry": { "type": "Polygon", "coordinates": [ [ [ 1.2428663, 38.9596797 ], [ 1.2429658, 38.9596275 ], [ 1.2429267, 38.9595824 ], [ 1.2428272, 38.9596345 ], [ 1.2428663, 38.9596797 ] ] ] } },
{ "type": "Feature", "properties": { "id": "finca_00536", "lat": 38.960499183439353, "lon": 1.2466372378475421, "surface_estimee_m2": 73.445334870702666, "distance_plus_proche_voisin_m": 91.492542388243578, "qualifiee_finca": true, "neighborhood": "Port des Torrent" }, "geometry": { "type": "Polygon", "coordinates": [ [ [ 1.2465582, 38.9605087 ], [ 1.2466932, 38.9605442 ], [ 1.2467073, 38.9605119 ], [ 1.2466831, 38.960505599999983 ], [ 1.2466953, 38.9604774 ], [ 1.2466057, 38.9604539 ], [ 1.2465928, 38.9604834 ], [ 1.2465716, 38.9604778 ], [ 1.2465582, 38.9605087 ] ] ] } },
{ "type": "Feature", "properties": { "id": "finca_00537", "lat": 38.960159197509512, "lon": 1.2456755254156362, "surface_estimee_m2": 128.02212043855639, "distance_plus_proche_voisin_m": 91.492542388243578, "qualifiee_finca": true, "neighborhood": "Port des Torrent" }, "geometry": { "type": "Polygon", "coordinates": [ [ [ 1.2456857, 38.9602448 ], [ 1.2457465, 38.9601943 ], [ 1.245692, 38.960154599999989 ], [ 1.2457437, 38.960111799999986 ], [ 1.2456914, 38.960073600000015 ], [ 1.2455894, 38.9601582 ], [ 1.2456522, 38.960204 ], [ 1.2456417, 38.9602127 ], [ 1.2456857, 38.9602448 ] ] ] } },
{ "type": "Feature", "properties": { "id": "finca_00538", "lat": 38.962350469458698, "lon": 1.2447880808761105, "surface_estimee_m2": 82.190599225076852, "distance_plus_proche_voisin_m": 18.733129304684667, "qualifiee_finca": true, "neighborhood": "Port des Torrent" }, "geometry": { "type": "Polygon", "coordinates": [ [ [ 1.2448493, 38.962321500000016 ], [ 1.244762, 38.9622941 ], [ 1.2447216, 38.9623719 ], [ 1.2448041, 38.9623978 ], [ 1.2448001, 38.9624055 ], [ 1.2448237, 38.962412899999975 ], [ 1.244838, 38.9623853 ], [ 1.2448192, 38.9623794 ], [ 1.2448493, 38.962321500000016 ] ] ] } },
{ "type": "Feature", "properties": { "id": "finca_00539", "lat": 38.96232970969988, "lon": 1.2450026015630546, "surface_estimee_m2": 86.031511007836897, "distance_plus_proche_voisin_m": 18.733129304684667, "qualifiee_finca": true, "neighborhood": "Port des Torrent" }, "geometry": { "type": "Polygon", "coordinates": [ [ [ 1.2450594, 38.9623858 ], [ 1.2450876, 38.9623439 ], [ 1.2449915, 38.9623048 ], [ 1.2450099, 38.9622776 ], [ 1.2449619, 38.962258 ], [ 1.2449379, 38.962293700000011 ], [ 1.2449647, 38.96230460000001 ], [ 1.2449368, 38.962346 ], [ 1.2450091, 38.9623755 ], [ 1.2450145, 38.9623675 ], [ 1.2450594, 38.9623858 ] ] ] } },
{ "type": "Feature", "properties": { "id": "finca_00540", "lat": 38.961831399983538, "lon": 1.2450009421331989, "surface_estimee_m2": 110.51337998641507, "distance_plus_proche_voisin_m": 18.024827338050898, "qualifiee_finca": true, "neighborhood": "Port des Torrent" }, "geometry": { "type": "Polygon", "coordinates": [ [ [ 1.2451054, 38.9618164 ], [ 1.2450651, 38.9617848 ], [ 1.2450495, 38.9617969 ], [ 1.2450232, 38.9617763 ], [ 1.2449911, 38.961801 ], [ 1.2449755, 38.9617887 ], [ 1.2449454, 38.9618119 ], [ 1.2449516, 38.9618167 ], [ 1.2448987, 38.9618576 ], [ 1.244936, 38.9618869 ], [ 1.2449649, 38.961864599999977 ], [ 1.2449892, 38.9618837 ], [ 1.2450422, 38.9618429 ], [ 1.2450565, 38.9618541 ], [ 1.2451054, 38.9618164 ] ] ] } },
{ "type": "Feature", "properties": { "id": "finca_00541", "lat": 38.961971643936074, "lon": 1.2451057830292054, "surface_estimee_m2": 54.375602525665542, "distance_plus_proche_voisin_m": 18.024827338050898, "qualifiee_finca": true, "neighborhood": "Port des Torrent" }, "geometry": { "type": "Polygon", "coordinates": [ [ [ 1.2451082, 38.9620205 ], [ 1.2451626, 38.9619506 ], [ 1.2451033, 38.9619228 ], [ 1.245049, 38.9619927 ], [ 1.2451082, 38.9620205 ] ] ] } },
{ "type": "Feature", "properties": { "id": "finca_00542", "lat": 38.96259892321909, "lon": 1.2373528746859506, "surface_estimee_m2": 122.80236363556966, "distance_plus_proche_voisin_m": 16.409257924659226, "qualifiee_finca": true, "neighborhood": "Cala Corral" }, "geometry": { "type": "Polygon", "coordinates": [ [ [ 1.2374225, 38.962612800000016 ], [ 1.2374441, 38.962568299999987 ], [ 1.2373735, 38.9625475 ], [ 1.2373627, 38.9625698 ], [ 1.2372921, 38.962549 ], [ 1.2372584, 38.9626183 ], [ 1.2373956, 38.9626587 ], [ 1.2374184, 38.962611600000017 ], [ 1.2374225, 38.962612800000016 ] ] ] } },
{ "type": "Feature", "properties": { "id": "finca_00543", "lat": 38.962615889018103, "lon": 1.2375409709267982, "surface_estimee_m2": 139.08312234094441, "distance_plus_proche_voisin_m": 16.409257924659226, "qualifiee_finca": true, "neighborhood": "Port des Torrent" }, "geometry": { "type": "Polygon", "coordinates": [ [ [ 1.2375764, 38.9625895 ], [ 1.2375437, 38.962579 ], [ 1.2375459, 38.962574700000012 ], [ 1.2375081, 38.9625625 ], [ 1.2375214, 38.9625375 ], [ 1.2374814, 38.9625246 ], [ 1.237452, 38.9625799 ], [ 1.2374838, 38.9625901 ], [ 1.2374627, 38.9626297 ], [ 1.2374933, 38.9626396 ], [ 1.2374998, 38.962627399999988 ], [ 1.2375138, 38.962631900000012 ], [ 1.2375228, 38.962615 ], [ 1.2375714, 38.9626306 ], [ 1.2375608, 38.9626505 ], [ 1.2375344, 38.9626421 ], [ 1.2375084, 38.962691 ], [ 1.2375295, 38.9626978 ], [ 1.2375322, 38.9626927 ], [ 1.2375752, 38.9627065 ], [ 1.2376285, 38.962606299999983 ], [ 1.2376276, 38.9625948 ], [ 1.2376194, 38.9625851 ], [ 1.2376061, 38.96258 ], [ 1.2375894, 38.9625812 ], [ 1.2375764, 38.9625895 ] ] ] } },
{ "type": "Feature", "properties": { "id": "finca_00544", "lat": 38.9596796, "lon": 1.2388377, "surface_estimee_m2": 96.24871919710732, "distance_plus_proche_voisin_m": 55.734746997243462, "qualifiee_finca": true, "neighborhood": "Cala Corral" }, "geometry": { "type": "Polygon", "coordinates": [ [ [ 1.238856, 38.9597493 ], [ 1.2388949, 38.9596241 ], [ 1.2388194, 38.9596099 ], [ 1.2387805, 38.9597351 ], [ 1.238856, 38.9597493 ] ] ] } },
{ "type": "Feature", "properties": { "id": "finca_00545", "lat": 38.952861513609342, "lon": 1.2369843233886673, "surface_estimee_m2": 98.392806373223905, "distance_plus_proche_voisin_m": 82.817908080178071, "qualifiee_finca": true, "neighborhood": "Cala Corral" }, "geometry": { "type": "Polygon", "coordinates": [ [ [ 1.2369802, 38.952904 ], [ 1.2369872, 38.9528946 ], [ 1.236953, 38.952879299999978 ], [ 1.2369461, 38.952888600000016 ], [ 1.2369194, 38.952876599999989 ], [ 1.2369295, 38.952863 ], [ 1.236881, 38.9528412 ], [ 1.2369038, 38.9528106 ], [ 1.236953, 38.952832699999988 ], [ 1.2369586, 38.9528252 ], [ 1.2369912, 38.9528399 ], [ 1.2370031, 38.952824 ], [ 1.2370786, 38.952858 ], [ 1.2370466, 38.952900899999989 ], [ 1.2370332, 38.9528949 ], [ 1.2370149, 38.9529196 ], [ 1.2369802, 38.952904 ] ] ] } },
{ "type": "Feature", "properties": { "id": "finca_00546", "lat": 38.952715331447266, "lon": 1.2379213121140082, "surface_estimee_m2": 80.941242721849804, "distance_plus_proche_voisin_m": 82.817908080178071, "qualifiee_finca": true, "neighborhood": "Cala Corral" }, "geometry": { "type": "Polygon", "coordinates": [ [ [ 1.2379427, 38.9527538 ], [ 1.2379899, 38.952682600000017 ], [ 1.2379509, 38.9526669 ], [ 1.2379461, 38.952674199999983 ], [ 1.2379081, 38.9526589 ], [ 1.2378671, 38.9527208 ], [ 1.2378809, 38.9527263 ], [ 1.2378615, 38.9527554 ], [ 1.2379157, 38.952777200000014 ], [ 1.2379337, 38.9527502 ], [ 1.2379427, 38.9527538 ] ] ] } },
{ "type": "Feature", "properties": { "id": "finca_00547", "lat": 38.951485560672957, "lon": 1.2360189766272509, "surface_estimee_m2": 144.08262208711, "distance_plus_proche_voisin_m": 87.002125044016381, "qualifiee_finca": true, "neighborhood": "Cala Corral" }, "geometry": { "type": "Polygon", "coordinates": [ [ [ 1.2359905, 38.95146 ], [ 1.2359589, 38.951433199999975 ], [ 1.2358754, 38.9514928 ], [ 1.2359146, 38.9515261 ], [ 1.2359596, 38.951494 ], [ 1.2360179, 38.951504 ], [ 1.2360151, 38.951514 ], [ 1.236076, 38.9515244 ], [ 1.2360717, 38.951539499999988 ], [ 1.2361145, 38.95154680000001 ], [ 1.2361298, 38.9514925 ], [ 1.2361065, 38.9514886 ], [ 1.2361175, 38.9514499 ], [ 1.2360371, 38.951436099999988 ], [ 1.2360285, 38.9514665 ], [ 1.2359905, 38.95146 ] ] ] } },
{ "type": "Feature", "properties": { "id": "finca_00548", "lat": 38.95538725, "lon": 1.226628, "surface_estimee_m2": 134.84311942690618, "distance_plus_proche_voisin_m": 242.27738222517848, "qualifiee_finca": true, "neighborhood": "Cala Corral" }, "geometry": { "type": "Polygon", "coordinates": [ [ [ 1.2265205, 38.9554376 ], [ 1.2267532, 38.95539380000001 ], [ 1.2267355, 38.9553369 ], [ 1.2265028, 38.9553807 ], [ 1.2265205, 38.9554376 ] ] ] } },
{ "type": "Feature", "properties": { "id": "finca_00549", "lat": 38.955733560361374, "lon": 1.2229704587311374, "surface_estimee_m2": 121.57088287663267, "distance_plus_proche_voisin_m": 179.58251526311182, "qualifiee_finca": true, "neighborhood": "Cala Corral" }, "geometry": { "type": "Polygon", "coordinates": [ [ [ 1.2230089, 38.955798100000017 ], [ 1.2230025, 38.9557835 ], [ 1.2230394, 38.9557736 ], [ 1.2230164, 38.9557215 ], [ 1.2230083, 38.9557237 ], [ 1.2230035, 38.955712799999972 ], [ 1.2230165, 38.955709400000011 ], [ 1.2230032, 38.955679299999986 ], [ 1.2229936, 38.9556818 ], [ 1.2229792, 38.9556491 ], [ 1.2229432, 38.9556587 ], [ 1.2229492, 38.9556723 ], [ 1.2229243, 38.955678899999988 ], [ 1.2229318, 38.955695899999988 ], [ 1.2229067, 38.9557026 ], [ 1.2229212, 38.9557356 ], [ 1.2229118, 38.9557381 ], [ 1.2229281, 38.9557751 ], [ 1.2229385, 38.9557723 ], [ 1.2229561, 38.9558122 ], [ 1.2230089, 38.955798100000017 ] ] ] } },
{ "type": "Feature", "properties": { "id": "finca_00550", "lat": 38.959551934493327, "lon": 1.2325348874502549, "surface_estimee_m2": 57.335402553031116, "distance_plus_proche_voisin_m": 82.214807496731922, "qualifiee_finca": true, "neighborhood": "Cala Corral" }, "geometry": { "type": "Polygon", "coordinates": [ [ [ 1.2325993, 38.9595607 ], [ 1.2325117, 38.9595957 ], [ 1.2324727, 38.9595368 ], [ 1.2325264, 38.9595153 ], [ 1.2325352, 38.9595286 ], [ 1.2325691, 38.959515 ], [ 1.2325993, 38.9595607 ] ] ] } },
{ "type": "Feature", "properties": { "id": "finca_00551", "lat": 38.95268595, "lon": 1.24123865, "surface_estimee_m2": 63.508710000002061, "distance_plus_proche_voisin_m": 25.917945105624526, "qualifiee_finca": true, "neighborhood": "Cala Corral" }, "geometry": { "type": "Polygon", "coordinates": [ [ [ 1.2412144, 38.9527362 ], [ 1.2413073, 38.952679799999984 ], [ 1.2412629, 38.9526357 ], [ 1.24117, 38.9526921 ], [ 1.2412144, 38.9527362 ] ] ] } },
{ "type": "Feature", "properties": { "id": "finca_00552", "lat": 38.952453118625805, "lon": 1.2412161898450009, "surface_estimee_m2": 147.72681709891575, "distance_plus_proche_voisin_m": 25.917945105624526, "qualifiee_finca": true, "neighborhood": "Cala Corral" }, "geometry": { "type": "Polygon", "coordinates": [ [ [ 1.2411875, 38.952531 ], [ 1.241249, 38.9525327 ], [ 1.2412515, 38.95248 ], [ 1.2412879, 38.9524811 ], [ 1.241291, 38.952417 ], [ 1.2412803, 38.9524166 ], [ 1.2412811, 38.952401 ], [ 1.2412487, 38.9524001 ], [ 1.2412495, 38.952385 ], [ 1.2411981, 38.9523835 ], [ 1.2411967, 38.9524139 ], [ 1.241136, 38.9524121 ], [ 1.2411328, 38.9524774 ], [ 1.24119, 38.9524791 ], [ 1.2411875, 38.952531 ] ] ] } },
{ "type": "Feature", "properties": { "id": "finca_00553", "lat": 38.955592876488872, "lon": 1.2407829976004199, "surface_estimee_m2": 114.46405012239524, "distance_plus_proche_voisin_m": 94.382001851212863, "qualifiee_finca": true, "neighborhood": "Cala Corral" }, "geometry": { "type": "Polygon", "coordinates": [ [ [ 1.240769, 38.95565880000003 ], [ 1.2408228, 38.9556223 ], [ 1.240836, 38.9556341 ], [ 1.2408753, 38.9556074 ], [ 1.2407864, 38.95552820000001 ], [ 1.2407456, 38.9555559 ], [ 1.2407312, 38.9555431 ], [ 1.2407003, 38.955564 ], [ 1.2407204, 38.955582 ], [ 1.2407154, 38.9555854 ], [ 1.2407342, 38.955602099999986 ], [ 1.2407178, 38.9556132 ], [ 1.240769, 38.95565880000003 ] ] ] } },
{ "type": "Feature", "properties": { "id": "finca_00554", "lat": 38.95458375814853, "lon": 1.2410861736646683, "surface_estimee_m2": 81.226439037535442, "distance_plus_proche_voisin_m": 42.982022347896489, "qualifiee_finca": true, "neighborhood": "Cala Corral" }, "geometry": { "type": "Polygon", "coordinates": [ [ [ 1.2410598, 38.9546485 ], [ 1.2411173, 38.9546577 ], [ 1.2411363, 38.9545861 ], [ 1.2411025, 38.9545807 ], [ 1.241117, 38.9545263 ], [ 1.241047, 38.9545151 ], [ 1.2410315, 38.954573199999984 ], [ 1.2410778, 38.9545807 ], [ 1.2410598, 38.9546485 ] ] ] } },
{ "type": "Feature", "properties": { "id": "finca_00555", "lat": 38.9545263, "lon": 1.2415766, "surface_estimee_m2": 124.30570922702461, "distance_plus_proche_voisin_m": 42.982022347896489, "qualifiee_finca": true, "neighborhood": "Cala Corral" }, "geometry": { "type": "Polygon", "coordinates": [ [ [ 1.241534, 38.954590199999984 ], [ 1.2416667, 38.9545428 ], [ 1.2416192, 38.9544624 ], [ 1.2414865, 38.954509799999975 ], [ 1.241534, 38.954590199999984 ] ] ] } },
{ "type": "Feature", "properties": { "id": "finca_00556", "lat": 38.955396683933664, "lon": 1.2397234118721923, "surface_estimee_m2": 77.107778267796846, "distance_plus_proche_voisin_m": 94.382001851212863, "qualifiee_finca": true, "neighborhood": "Cala Corral" }, "geometry": { "type": "Polygon", "coordinates": [ [ [ 1.2396498, 38.9554272 ], [ 1.2398137, 38.955415199999983 ], [ 1.2398099, 38.9553837 ], [ 1.2397795, 38.955385900000024 ], [ 1.239777, 38.9553651 ], [ 1.2396434, 38.95537490000001 ], [ 1.2396498, 38.9554272 ] ] ] } },
{ "type": "Feature", "properties": { "id": "finca_00557", "lat": 38.94761735, "lon": 1.2303669, "surface_estimee_m2": 67.680235169708538, "distance_plus_proche_voisin_m": 32.226044054280493, "qualifiee_finca": true, "neighborhood": "Cala Corral" }, "geometry": { "type": "Polygon", "coordinates": [ [ [ 1.2304313, 38.9476688 ], [ 1.2304566, 38.947634399999984 ], [ 1.2303025, 38.947565900000022 ], [ 1.2302772, 38.9476003 ], [ 1.2304313, 38.9476688 ] ] ] } },
{ "type": "Feature", "properties": { "id": "finca_00558", "lat": 38.947381405917817, "lon": 1.2301502747480948, "surface_estimee_m2": 149.43744210579399, "distance_plus_proche_voisin_m": 32.226044054280493, "qualifiee_finca": true, "neighborhood": "Cala Corral" }, "geometry": { "type": "Polygon", "coordinates": [ [ [ 1.2301559, 38.9474279 ], [ 1.2301541, 38.9474126 ], [ 1.2302598, 38.947405 ], [ 1.2302521, 38.947339700000015 ], [ 1.2302063, 38.947343 ], [ 1.2302055, 38.947336599999986 ], [ 1.2300523, 38.9473476 ], [ 1.2300627, 38.947434600000022 ], [ 1.2301559, 38.9474279 ] ] ] } },
{ "type": "Feature", "properties": { "id": "finca_00559", "lat": 38.948783889786348, "lon": 1.234017570632806, "surface_estimee_m2": 125.31462217061184, "distance_plus_proche_voisin_m": 32.339847930728837, "qualifiee_finca": true, "neighborhood": "Cala Corral" }, "geometry": { "type": "Polygon", "coordinates": [ [ [ 1.2341123, 38.9488601 ], [ 1.2341212, 38.948823199999985 ], [ 1.2340529, 38.948813199999982 ], [ 1.234059, 38.9487879 ], [ 1.2340145, 38.9487814 ], [ 1.2340213, 38.9487534 ], [ 1.23405, 38.9487575 ], [ 1.2340596, 38.9487179 ], [ 1.2339813, 38.9487065 ], [ 1.2339721, 38.948744799999986 ], [ 1.233938, 38.948739799999984 ], [ 1.2339286, 38.9487787 ], [ 1.2339504, 38.9487818 ], [ 1.233946, 38.948800100000014 ], [ 1.2339879, 38.9488062 ], [ 1.2339829, 38.9488267 ], [ 1.2340406, 38.948835100000011 ], [ 1.2340372, 38.9488491 ], [ 1.2341123, 38.9488601 ] ] ] } },
{ "type": "Feature", "properties": { "id": "finca_00560", "lat": 38.948754432747123, "lon": 1.2343887569846388, "surface_estimee_m2": 86.602621840180731, "distance_plus_proche_voisin_m": 32.339847930728837, "qualifiee_finca": true, "neighborhood": "Cala Corral" }, "geometry": { "type": "Polygon", "coordinates": [ [ [ 1.234448, 38.9487184 ], [ 1.2344182, 38.9487444 ], [ 1.2344614, 38.9487743 ], [ 1.2344271, 38.9488043 ], [ 1.2343853, 38.9487753 ], [ 1.2343501, 38.948806 ], [ 1.2343062, 38.9487757 ], [ 1.2344054, 38.948689 ], [ 1.234448, 38.9487184 ] ] ] } },
{ "type": "Feature", "properties": { "id": "finca_00561", "lat": 38.94967067284869, "lon": 1.2344361226902376, "surface_estimee_m2": 52.467438842304347, "distance_plus_proche_voisin_m": 86.606339986686208, "qualifiee_finca": true, "neighborhood": "Cala Corral" }, "geometry": { "type": "Polygon", "coordinates": [ [ [ 1.2344943, 38.9496724 ], [ 1.2343982, 38.9496259 ], [ 1.2343685, 38.949663 ], [ 1.2344785, 38.9497162 ], [ 1.2344996, 38.94968990000001 ], [ 1.2344857, 38.9496831 ], [ 1.2344943, 38.9496724 ] ] ] } },
{ "type": "Feature", "properties": { "id": "finca_00562", "lat": 38.949728557476583, "lon": 1.2334397033646169, "surface_estimee_m2": 51.601832893986085, "distance_plus_proche_voisin_m": 86.606339986686208, "qualifiee_finca": true, "neighborhood": "Cala Corral" }, "geometry": { "type": "Polygon", "coordinates": [ [ [ 1.2334747, 38.9497087 ], [ 1.2335219, 38.9497291 ], [ 1.2335019, 38.9497571 ], [ 1.2334585, 38.9497384 ], [ 1.2334419, 38.9497616 ], [ 1.2333662, 38.9497289 ], [ 1.233393, 38.9496915 ], [ 1.2334648, 38.94972259999998 ], [ 1.2334747, 38.9497087 ] ] ] } },
{ "type": "Feature", "properties": { "id": "finca_00563", "lat": 38.950385171238118, "lon": 1.2313414873502373, "surface_estimee_m2": 64.836302077129901, "distance_plus_proche_voisin_m": 176.11605758297756, "qualifiee_finca": true, "neighborhood": "Cala Corral" }, "geometry": { "type": "Polygon", "coordinates": [ [ [ 1.2312809, 38.9504071 ], [ 1.2313837, 38.9504255 ], [ 1.2314021, 38.950363299999985 ], [ 1.2312993, 38.950344800000018 ], [ 1.2312809, 38.9504071 ] ] ] } },
{ "type": "Feature", "properties": { "id": "finca_00564", "lat": 38.954518339736708, "lon": 1.2424556869633874, "surface_estimee_m2": 118.56730438131848, "distance_plus_proche_voisin_m": 76.197284149887921, "qualifiee_finca": true, "neighborhood": "Cala Corral" }, "geometry": { "type": "Polygon", "coordinates": [ [ [ 1.242451, 38.9545885 ], [ 1.2425087, 38.9545227 ], [ 1.2425167, 38.954527 ], [ 1.2425527, 38.9544859 ], [ 1.2425145, 38.9544656 ], [ 1.2424989, 38.9544834 ], [ 1.2424444, 38.9544545 ], [ 1.2423663, 38.954543599999987 ], [ 1.242451, 38.9545885 ] ] ] } },
{ "type": "Feature", "properties": { "id": "finca_00565", "lat": 38.953426149189667, "lon": 1.2636557869607117, "surface_estimee_m2": 122.56101431367736, "distance_plus_proche_voisin_m": 80.876842680347863, "qualifiee_finca": true, "neighborhood": "Vista Mar" }, "geometry": { "type": "Polygon", "coordinates": [ [ [ 1.2635654, 38.9534522 ], [ 1.2635953, 38.9534533 ], [ 1.2635949, 38.953460700000015 ], [ 1.2636486, 38.9534626 ], [ 1.2636475, 38.9534818 ], [ 1.2636967, 38.9534835 ], [ 1.2636981, 38.9534579 ], [ 1.2637322, 38.9534591 ], [ 1.2637345, 38.9534177 ], [ 1.2637035, 38.9534166 ], [ 1.2637041, 38.9534055 ], [ 1.2637279, 38.9534063 ], [ 1.26373, 38.9533691 ], [ 1.2636867, 38.9533676 ], [ 1.2636849, 38.9533983 ], [ 1.2636329, 38.9533965 ], [ 1.263634, 38.9533781 ], [ 1.2635942, 38.9533767 ], [ 1.2635923, 38.9534103 ], [ 1.2635679, 38.9534095 ], [ 1.2635654, 38.9534522 ] ] ] } },
{ "type": "Feature", "properties": { "id": "finca_00566", "lat": 38.954932850000013, "lon": 1.2629529, "surface_estimee_m2": 80.856621846667352, "distance_plus_proche_voisin_m": 66.932858468405868, "qualifiee_finca": true, "neighborhood": "Vista Mar" }, "geometry": { "type": "Polygon", "coordinates": [ [ [ 1.262858, 38.9549475 ], [ 1.2630412, 38.9549635 ], [ 1.2630478, 38.9549182 ], [ 1.2628646, 38.9549022 ], [ 1.262858, 38.9549475 ] ] ] } },
{ "type": "Feature", "properties": { "id": "finca_00567", "lat": 38.950795542262547, "lon": 1.2676886372611407, "surface_estimee_m2": 95.460372864568299, "distance_plus_proche_voisin_m": 47.163208988473563, "qualifiee_finca": true, "neighborhood": "Vista Mar" }, "geometry": { "type": "Polygon", "coordinates": [ [ [ 1.2676273, 38.9508538 ], [ 1.2677719, 38.950800500000014 ], [ 1.2677329, 38.9507365 ], [ 1.2676378, 38.9507715 ], [ 1.267652, 38.9507949 ], [ 1.2676025, 38.9508131 ], [ 1.2676273, 38.9508538 ] ] ] } },
{ "type": "Feature", "properties": { "id": "finca_00568", "lat": 38.952482021421339, "lon": 1.2712071290494737, "surface_estimee_m2": 65.605333819371523, "distance_plus_proche_voisin_m": 49.192549566176424, "qualifiee_finca": true, "neighborhood": "Vista Mar" }, "geometry": { "type": "Polygon", "coordinates": [ [ [ 1.2711496, 38.952521 ], [ 1.2711991, 38.9525271 ], [ 1.2712052, 38.9524969 ], [ 1.2712661, 38.952504399999988 ], [ 1.2712757, 38.952457700000011 ], [ 1.2711654, 38.952444 ], [ 1.2711496, 38.952521 ] ] ] } },
{ "type": "Feature", "properties": { "id": "finca_00569", "lat": 38.95288605, "lon": 1.27144035, "surface_estimee_m2": 74.475763130556444, "distance_plus_proche_voisin_m": 49.192549566176424, "qualifiee_finca": true, "neighborhood": "Vista Mar" }, "geometry": { "type": "Polygon", "coordinates": [ [ [ 1.2713774, 38.9529123 ], [ 1.2714872, 38.952928 ], [ 1.2715033, 38.9528598 ], [ 1.2713935, 38.9528441 ], [ 1.2713774, 38.9529123 ] ] ] } },
{ "type": "Feature", "properties": { "id": "finca_00570", "lat": 38.948994361543072, "lon": 1.2644334141565543, "surface_estimee_m2": 122.0157550343272, "distance_plus_proche_voisin_m": 103.72303107117752, "qualifiee_finca": true, "neighborhood": "Vista Mar" }, "geometry": { "type": "Polygon", "coordinates": [ [ [ 1.2645386, 38.9490105 ], [ 1.2645386, 38.9489738 ], [ 1.2644943, 38.9489738 ], [ 1.2644944, 38.9489635 ], [ 1.2644044, 38.9489634 ], [ 1.2644045, 38.948944799999985 ], [ 1.2643489, 38.9489447 ], [ 1.2643487, 38.949015800000012 ], [ 1.2643912, 38.9490159 ], [ 1.2643911, 38.9490405 ], [ 1.2644891, 38.949040599999975 ], [ 1.2644892, 38.9490104 ], [ 1.2645386, 38.9490105 ] ] ] } },
{ "type": "Feature", "properties": { "id": "finca_00571", "lat": 38.952143516580726, "lon": 1.2585897363800687, "surface_estimee_m2": 69.131535641936864, "distance_plus_proche_voisin_m": 197.56507971795554, "qualifiee_finca": true, "neighborhood": "Port des Torrent" }, "geometry": { "type": "Polygon", "coordinates": [ [ [ 1.2585373, 38.9521109 ], [ 1.2585341, 38.9521811 ], [ 1.2586073, 38.9521832 ], [ 1.2586087, 38.9521549 ], [ 1.258657, 38.952156300000013 ], [ 1.258659, 38.9521143 ], [ 1.2585373, 38.9521109 ] ] ] } },
{ "type": "Feature", "properties": { "id": "finca_00572", "lat": 38.946751127517622, "lon": 1.2623773516258809, "surface_estimee_m2": 120.7243483011848, "distance_plus_proche_voisin_m": 128.36838503815048, "qualifiee_finca": true, "neighborhood": "Vista Mar" }, "geometry": { "type": "Polygon", "coordinates": [ [ [ 1.2622678, 38.9467271 ], [ 1.2623199, 38.9467617 ], [ 1.2623355, 38.946747599999988 ], [ 1.262374, 38.94677320000001 ], [ 1.2623658, 38.9467807 ], [ 1.2624415, 38.946831 ], [ 1.2624752, 38.9468003 ], [ 1.2624627, 38.946792 ], [ 1.2624783, 38.946777699999984 ], [ 1.2623957, 38.946722800000011 ], [ 1.262383, 38.946734399999976 ], [ 1.2623601, 38.9467192 ], [ 1.2623765, 38.9467043 ], [ 1.2623281, 38.9466722 ], [ 1.2622678, 38.9467271 ] ] ] } },
{ "type": "Feature", "properties": { "id": "finca_00573", "lat": 38.947606682019121, "lon": 1.2613809420229996, "surface_estimee_m2": 53.926702356245713, "distance_plus_proche_voisin_m": 117.08882651985132, "qualifiee_finca": true, "neighborhood": "Vista Mar" }, "geometry": { "type": "Polygon", "coordinates": [ [ [ 1.2613803, 38.9476653 ], [ 1.2614145, 38.9476537 ], [ 1.2614119, 38.947649199999987 ], [ 1.2614237, 38.9476452 ], [ 1.2613933, 38.9475907 ], [ 1.2614174, 38.9475825 ], [ 1.2614011, 38.94755319999998 ], [ 1.261331, 38.9475768 ], [ 1.2613803, 38.9476653 ] ] ] } },
{ "type": "Feature", "properties": { "id": "finca_00574", "lat": 38.946546127561369, "lon": 1.2607553573088373, "surface_estimee_m2": 79.902113116610693, "distance_plus_proche_voisin_m": 112.45952473534601, "qualifiee_finca": true, "neighborhood": "Vista Mar" }, "geometry": { "type": "Polygon", "coordinates": [ [ [ 1.2607028, 38.9465876 ], [ 1.26079, 38.9465978 ], [ 1.2608079, 38.9465046 ], [ 1.2607207, 38.9464945 ], [ 1.2607028, 38.9465876 ] ] ] } },
{ "type": "Feature", "properties": { "id": "finca_00575", "lat": 38.945733130100969, "lon": 1.261529525735464, "surface_estimee_m2": 68.307586123171376, "distance_plus_proche_voisin_m": 58.57557308905637, "qualifiee_finca": true, "neighborhood": "Vista Mar" }, "geometry": { "type": "Polygon", "coordinates": [ [ [ 1.2615388, 38.9457906 ], [ 1.2615849, 38.9457767 ], [ 1.261557, 38.9457206 ], [ 1.2615734, 38.9457157 ], [ 1.2615567, 38.9456821 ], [ 1.2614593, 38.9457114 ], [ 1.2614732, 38.9457395 ], [ 1.2614908, 38.9457342 ], [ 1.2615054, 38.945763499999984 ], [ 1.2615227, 38.9457583 ], [ 1.2615388, 38.9457906 ] ] ] } },
{ "type": "Feature", "properties": { "id": "finca_00576", "lat": 38.948164471697602, "lon": 1.2599601579731983, "surface_estimee_m2": 104.08753060954263, "distance_plus_proche_voisin_m": 98.074656025901874, "qualifiee_finca": true, "neighborhood": "Port des Torrent" }, "geometry": { "type": "Polygon", "coordinates": [ [ [ 1.2599236, 38.948179299999985 ], [ 1.2600093, 38.948229 ], [ 1.2600483, 38.9481882 ], [ 1.2599822, 38.9481499 ], [ 1.2600064, 38.9481247 ], [ 1.2599606, 38.9480981 ], [ 1.2599386, 38.948121 ], [ 1.2599255, 38.9481134 ], [ 1.2598679, 38.9481735 ], [ 1.2599073, 38.9481964 ], [ 1.2599236, 38.948179299999985 ] ] ] } },
{ "type": "Feature", "properties": { "id": "finca_00577", "lat": 38.948051018050243, "lon": 1.2588380584634982, "surface_estimee_m2": 138.34748545369348, "distance_plus_proche_voisin_m": 98.074656025901874, "qualifiee_finca": true, "neighborhood": "Port des Torrent" }, "geometry": { "type": "Polygon", "coordinates": [ [ [ 1.2587638, 38.9481024 ], [ 1.2589089, 38.9480998 ], [ 1.2589058, 38.947995400000011 ], [ 1.2588867, 38.9479957 ], [ 1.2588864, 38.9479863 ], [ 1.2588474, 38.947987 ], [ 1.258848, 38.9480096 ], [ 1.2587611, 38.948011200000018 ], [ 1.2587638, 38.9481024 ] ] ] } },
{ "type": "Feature", "properties": { "id": "finca_00578", "lat": 38.950258776622157, "lon": 1.2579073485609307, "surface_estimee_m2": 141.7374286143087, "distance_plus_proche_voisin_m": 196.66740866168121, "qualifiee_finca": true, "neighborhood": "Port des Torrent" }, "geometry": { "type": "Polygon", "coordinates": [ [ [ 1.2578353, 38.9502845 ], [ 1.2578821, 38.9502993 ], [ 1.2578866, 38.9502907 ], [ 1.2579232, 38.9503022 ], [ 1.2579074, 38.9503325 ], [ 1.257947, 38.950345 ], [ 1.2580006, 38.950242599999989 ], [ 1.2578676, 38.950200500000015 ], [ 1.2578722, 38.9501915 ], [ 1.2578359, 38.95018 ], [ 1.2578224, 38.9502058 ], [ 1.2578351, 38.950209799999989 ], [ 1.2578207, 38.9502374 ], [ 1.2578406, 38.9502437 ], [ 1.257836, 38.9502526 ], [ 1.2578497, 38.950257 ], [ 1.2578353, 38.9502845 ] ] ] } },
{ "type": "Feature", "properties": { "id": "finca_00579", "lat": 38.9528724, "lon": 1.25112285, "surface_estimee_m2": 120.55044457218415, "distance_plus_proche_voisin_m": 225.40244929269357, "qualifiee_finca": true, "neighborhood": "Port des Torrent" }, "geometry": { "type": "Polygon", "coordinates": [ [ [ 1.2510714, 38.952814800000013 ], [ 1.2511891, 38.9528248 ], [ 1.2511743, 38.95293 ], [ 1.2510566, 38.95292 ], [ 1.2510714, 38.952814800000013 ] ] ] } },
{ "type": "Feature", "properties": { "id": "finca_00580", "lat": 38.955506943054658, "lon": 1.2595428283665613, "surface_estimee_m2": 51.824055133577396, "distance_plus_proche_voisin_m": 124.91246644910136, "qualifiee_finca": true, "neighborhood": "Port des Torrent" }, "geometry": { "type": "Polygon", "coordinates": [ [ [ 1.2594822, 38.9555278 ], [ 1.2596059, 38.9555314 ], [ 1.2595999, 38.9554887 ], [ 1.2594896, 38.9554785 ], [ 1.2594822, 38.9555278 ] ] ] } },
{ "type": "Feature", "properties": { "id": "finca_00581", "lat": 38.94813545, "lon": 1.2547929, "surface_estimee_m2": 67.429090757109776, "distance_plus_proche_voisin_m": 18.860039679084821, "qualifiee_finca": true, "neighborhood": "Cala Corral" }, "geometry": { "type": "Polygon", "coordinates": [ [ [ 1.2547739, 38.9481857 ], [ 1.2548594, 38.948144 ], [ 1.2548119, 38.9480852 ], [ 1.2547264, 38.94812690000002 ], [ 1.2547739, 38.9481857 ] ] ] } },
{ "type": "Feature", "properties": { "id": "finca_00582", "lat": 38.948282771730092, "lon": 1.2549012987584038, "surface_estimee_m2": 95.306100763078419, "distance_plus_proche_voisin_m": 18.860039679084821, "qualifiee_finca": true, "neighborhood": "Cala Corral" }, "geometry": { "type": "Polygon", "coordinates": [ [ [ 1.2548933, 38.948329899999976 ], [ 1.2548878, 38.948319899999987 ], [ 1.2548569, 38.948330199999987 ], [ 1.2548211, 38.948265 ], [ 1.254931, 38.9482285 ], [ 1.2549564, 38.9482748 ], [ 1.2549712, 38.948269899999985 ], [ 1.2549871, 38.9482987 ], [ 1.2548933, 38.948329899999976 ] ] ] } },
{ "type": "Feature", "properties": { "id": "finca_00583", "lat": 38.9478341, "lon": 1.25721775, "surface_estimee_m2": 58.556273916381265, "distance_plus_proche_voisin_m": 142.49653943824003, "qualifiee_finca": true, "neighborhood": "Port des Torrent" }, "geometry": { "type": "Polygon", "coordinates": [ [ [ 1.2571596, 38.9478621 ], [ 1.2572797, 38.9478566 ], [ 1.2572759, 38.9478061 ], [ 1.2571558, 38.9478116 ], [ 1.2571596, 38.9478621 ] ] ] } },
{ "type": "Feature", "properties": { "id": "finca_00584", "lat": 38.946106513317325, "lon": 1.253491040445645, "surface_estimee_m2": 140.72288635358683, "distance_plus_proche_voisin_m": 54.425389380416995, "qualifiee_finca": true, "neighborhood": "Cala Corral" }, "geometry": { "type": "Polygon", "coordinates": [ [ [ 1.2534188, 38.9460967 ], [ 1.2534988, 38.9461517 ], [ 1.2534597, 38.9461862 ], [ 1.2534881, 38.9462057 ], [ 1.2535151, 38.9461819 ], [ 1.2535269, 38.94619 ], [ 1.2535821, 38.946141400000016 ], [ 1.2535394, 38.9461121 ], [ 1.2535444, 38.94610770000002 ], [ 1.2535181, 38.9460896 ], [ 1.2535299, 38.9460793 ], [ 1.2535054, 38.946062499999989 ], [ 1.2535163, 38.9460528 ], [ 1.2534526, 38.946009 ], [ 1.2534089, 38.9460474 ], [ 1.2534459, 38.9460728 ], [ 1.2534188, 38.9460967 ] ] ] } },
{ "type": "Feature", "properties": { "id": "finca_00585", "lat": 38.946441145384618, "lon": 1.2539499541421253, "surface_estimee_m2": 54.247321563035243, "distance_plus_proche_voisin_m": 54.425389380416995, "qualifiee_finca": true, "neighborhood": "Cala Corral" }, "geometry": { "type": "Polygon", "coordinates": [ [ [ 1.2540181, 38.9464325 ], [ 1.2538934, 38.9464061 ], [ 1.2538782, 38.9464383 ], [ 1.2539923, 38.9464826 ], [ 1.2540181, 38.9464325 ] ] ] } },
{ "type": "Feature", "properties": { "id": "finca_00586", "lat": 38.943893608656737, "lon": 1.2553290794083642, "surface_estimee_m2": 67.658310521273805, "distance_plus_proche_voisin_m": 292.78288875511015, "qualifiee_finca": true, "neighborhood": "Cala Corral" }, "geometry": { "type": "Polygon", "coordinates": [ [ [ 1.2552503, 38.9439063 ], [ 1.2553767, 38.9439337 ], [ 1.2554028, 38.943860699999981 ], [ 1.2553682, 38.9438532 ], [ 1.2553561, 38.9438869 ], [ 1.2553073, 38.9438763 ], [ 1.2553106, 38.9438672 ], [ 1.2552676, 38.9438579 ], [ 1.2552503, 38.9439063 ] ] ] } },
{ "type": "Feature", "properties": { "id": "finca_00587", "lat": 38.947797835612818, "lon": 1.2386758737204262, "surface_estimee_m2": 90.582353549370197, "distance_plus_proche_voisin_m": 36.110581282501443, "qualifiee_finca": true, "neighborhood": "Cala Corral" }, "geometry": { "type": "Polygon", "coordinates": [ [ [ 1.2386019, 38.9478512 ], [ 1.2387762, 38.947789099999987 ], [ 1.2387499, 38.9477445 ], [ 1.2385756, 38.9478065 ], [ 1.2386019, 38.9478512 ] ] ] } },
{ "type": "Feature", "properties": { "id": "finca_00588", "lat": 38.94812225, "lon": 1.23870685, "surface_estimee_m2": 53.582360824790186, "distance_plus_proche_voisin_m": 36.110581282501443, "qualifiee_finca": true, "neighborhood": "Cala Corral" }, "geometry": { "type": "Polygon", "coordinates": [ [ [ 1.2387206, 38.9481683 ], [ 1.2387676, 38.9481232 ], [ 1.2386931, 38.9480762 ], [ 1.2386461, 38.9481213 ], [ 1.2387206, 38.9481683 ] ] ] } },
{ "type": "Feature", "properties": { "id": "finca_00589", "lat": 38.949569034442455, "lon": 1.2448802391018405, "surface_estimee_m2": 68.304480071866323, "distance_plus_proche_voisin_m": 30.185274928115835, "qualifiee_finca": true, "neighborhood": "Cala Corral" }, "geometry": { "type": "Polygon", "coordinates": [ [ [ 1.2448347, 38.949589899999985 ], [ 1.2449513, 38.949601599999987 ], [ 1.2449592, 38.9495544 ], [ 1.244799, 38.9495383 ], [ 1.2447934, 38.9495722 ], [ 1.2448369, 38.9495766 ], [ 1.2448347, 38.949589899999985 ] ] ] } },
{ "type": "Feature", "properties": { "id": "finca_00590", "lat": 38.949282352167145, "lon": 1.2456091738463075, "surface_estimee_m2": 52.045820917069321, "distance_plus_proche_voisin_m": 18.474062021091413, "qualifiee_finca": true, "neighborhood": "Cala Corral" }, "geometry": { "type": "Polygon", "coordinates": [ [ [ 1.2455367, 38.9492989 ], [ 1.2456796, 38.9493036 ], [ 1.2456816, 38.9492658 ], [ 1.2455388, 38.949261099999987 ], [ 1.2455367, 38.9492989 ] ] ] } },
{ "type": "Feature", "properties": { "id": "finca_00591", "lat": 38.9491751, "lon": 1.24577215, "surface_estimee_m2": 51.838214095713802, "distance_plus_proche_voisin_m": 18.474062021091413, "qualifiee_finca": true, "neighborhood": "Cala Corral" }, "geometry": { "type": "Polygon", "coordinates": [ [ [ 1.245748, 38.94922170000001 ], [ 1.2458084, 38.9492167 ], [ 1.2457963, 38.9491285 ], [ 1.2457359, 38.9491335 ], [ 1.245748, 38.94922170000001 ] ] ] } },
{ "type": "Feature", "properties": { "id": "finca_00592", "lat": 38.944292063408106, "lon": 1.2441053893342502, "surface_estimee_m2": 62.081150626810093, "distance_plus_proche_voisin_m": 174.10416664517743, "qualifiee_finca": true, "neighborhood": "Cala Corral" }, "geometry": { "type": "Polygon", "coordinates": [ [ [ 1.2441346, 38.944346599999989 ], [ 1.2441761, 38.9443137 ], [ 1.2440762, 38.9442375 ], [ 1.2440347, 38.9442705 ], [ 1.2441346, 38.944346599999989 ] ] ] } },
{ "type": "Feature", "properties": { "id": "finca_00593", "lat": 38.94602724086279, "lon": 1.2331500237934538, "surface_estimee_m2": 103.54677091539708, "distance_plus_proche_voisin_m": 17.287267618533519, "qualifiee_finca": true, "neighborhood": "Cala Corral" }, "geometry": { "type": "Polygon", "coordinates": [ [ [ 1.2330718, 38.9460609 ], [ 1.2331233, 38.9460594 ], [ 1.233124, 38.9460723 ], [ 1.2331369, 38.946071899999978 ], [ 1.2331695, 38.9460917 ], [ 1.2331792, 38.9460834 ], [ 1.2331773, 38.946042100000014 ], [ 1.2332201, 38.9460409 ], [ 1.2332362, 38.946019 ], [ 1.2332018, 38.9459958 ], [ 1.2332006, 38.9459714 ], [ 1.2331638, 38.945972499999982 ], [ 1.2331644, 38.9459839 ], [ 1.2331198, 38.9459852 ], [ 1.233121, 38.9460094 ], [ 1.2330694, 38.9460109 ], [ 1.2330718, 38.9460609 ] ] ] } },
{ "type": "Feature", "properties": { "id": "finca_00594", "lat": 38.946064738616272, "lon": 1.2334191296581989, "surface_estimee_m2": 57.227713484932252, "distance_plus_proche_voisin_m": 23.695211310941673, "qualifiee_finca": true, "neighborhood": "Cala Corral" }, "geometry": { "type": "Polygon", "coordinates": [ [ [ 1.2333462, 38.9460389 ], [ 1.2334205, 38.9460861 ], [ 1.2334041, 38.9461017 ], [ 1.2334249, 38.9461149 ], [ 1.2334415, 38.9460991 ], [ 1.2334655, 38.9461144 ], [ 1.2334957, 38.9460856 ], [ 1.2334577, 38.9460614 ], [ 1.2334507, 38.9460681 ], [ 1.2333906, 38.9460299 ], [ 1.2334075, 38.946013700000016 ], [ 1.2333866, 38.9460005 ], [ 1.2333462, 38.9460389 ] ] ] } },
{ "type": "Feature", "properties": { "id": "finca_00595", "lat": 38.945186989290576, "lon": 1.2382636847889636, "surface_estimee_m2": 55.007936014790715, "distance_plus_proche_voisin_m": 37.817346167301217, "qualifiee_finca": true, "neighborhood": "Cala Corral" }, "geometry": { "type": "Polygon", "coordinates": [ [ [ 1.2381995, 38.945175 ], [ 1.2382209, 38.9451858 ], [ 1.238207, 38.9452026 ], [ 1.2382262, 38.9452122 ], [ 1.2382387, 38.9451971 ], [ 1.2383052, 38.9452305 ], [ 1.2383345, 38.9451952 ], [ 1.2382274, 38.9451414 ], [ 1.2381995, 38.945175 ] ] ] } },
{ "type": "Feature", "properties": { "id": "finca_00596", "lat": 38.943684626244185, "lon": 1.2321061131031776, "surface_estimee_m2": 122.28495043818822, "distance_plus_proche_voisin_m": 65.055897078886233, "qualifiee_finca": true, "neighborhood": "Cala Corral" }, "geometry": { "type": "Polygon", "coordinates": [ [ [ 1.2321379, 38.943757 ], [ 1.2321653, 38.9437467 ], [ 1.2321563, 38.9437322 ], [ 1.2321933, 38.9437183 ], [ 1.2321794, 38.9436958 ], [ 1.2321246, 38.943716399999985 ], [ 1.2321115, 38.9436954 ], [ 1.2321249, 38.9436904 ], [ 1.23211, 38.943666399999977 ], [ 1.2321336, 38.9436576 ], [ 1.2321237, 38.9436418 ], [ 1.2321671, 38.9436255 ], [ 1.2321456, 38.943591 ], [ 1.2320945, 38.943610199999988 ], [ 1.2321052, 38.9436276 ], [ 1.232072, 38.9436401 ], [ 1.2320622, 38.943624199999988 ], [ 1.2320321, 38.9436355 ], [ 1.232062, 38.9436835 ], [ 1.2320493, 38.9436882 ], [ 1.2320768, 38.9437325 ], [ 1.232055, 38.9437408 ], [ 1.2320721, 38.9437683 ], [ 1.2321312, 38.9437461 ], [ 1.2321379, 38.943757 ] ] ] } },
{ "type": "Feature", "properties": { "id": "finca_00597", "lat": 38.943571416184739, "lon": 1.2313697656090683, "surface_estimee_m2": 142.55404544276288, "distance_plus_proche_voisin_m": 65.055897078886233, "qualifiee_finca": true, "neighborhood": "Cala Corral" }, "geometry": { "type": "Polygon", "coordinates": [ [ [ 1.2312845, 38.9434982 ], [ 1.2313326, 38.9435094 ], [ 1.2313263, 38.9435259 ], [ 1.2314594, 38.9435567 ], [ 1.2314524, 38.9435748 ], [ 1.2314839, 38.9435821 ], [ 1.2314786, 38.9435959 ], [ 1.2314921, 38.943599 ], [ 1.2314731, 38.9436488 ], [ 1.2314241, 38.9436374 ], [ 1.231438, 38.9436011 ], [ 1.2313331, 38.94357680000001 ], [ 1.2313196, 38.943612 ], [ 1.2312636, 38.943599 ], [ 1.2312815, 38.9435523 ], [ 1.2312652, 38.9435485 ], [ 1.2312845, 38.9434982 ] ] ] } },
{ "type": "Feature", "properties": { "id": "finca_00598", "lat": 38.879695512763554, "lon": 1.2706356368736595, "surface_estimee_m2": 90.482775466150684, "distance_plus_proche_voisin_m": 208.8535722892253, "qualifiee_finca": true, "neighborhood": "Cala Molí" }, "geometry": { "type": "Polygon", "coordinates": [ [ [ 1.2705725, 38.8797312 ], [ 1.2707108, 38.879728900000011 ], [ 1.2707092, 38.8796697 ], [ 1.270649, 38.8796707 ], [ 1.2706488, 38.879661099999986 ], [ 1.2705984, 38.8796619 ], [ 1.2705979, 38.8796458 ], [ 1.2705701, 38.87964620000001 ], [ 1.2705725, 38.8797312 ] ] ] } },
{ "type": "Feature", "properties": { "id": "finca_00599", "lat": 38.9064039, "lon": 1.2827445, "surface_estimee_m2": 126.07599096710261, "distance_plus_proche_voisin_m": 103.31169775072303, "qualifiee_finca": true, "neighborhood": "Cala Molí" }, "geometry": { "type": "Polygon", "coordinates": [ [ [ 1.28265, 38.9063981 ], [ 1.2827183, 38.906333 ], [ 1.282839, 38.9064097 ], [ 1.2827707, 38.9064748 ], [ 1.28265, 38.9063981 ] ] ] } },
{ "type": "Feature", "properties": { "id": "finca_00600", "lat": 38.9019935, "lon": 1.28371155, "surface_estimee_m2": 60.216523838693035, "distance_plus_proche_voisin_m": 65.741183474706418, "qualifiee_finca": true, "neighborhood": "Cala Molí" }, "geometry": { "type": "Polygon", "coordinates": [ [ [ 1.2836705, 38.90195 ], [ 1.2837808, 38.9019907 ], [ 1.2837526, 38.902037 ], [ 1.2836423, 38.901996299999986 ], [ 1.2836705, 38.90195 ] ] ] } },
{ "type": "Feature", "properties": { "id": "finca_00601", "lat": 38.9045331, "lon": 1.28464925, "surface_estimee_m2": 88.905923362297074, "distance_plus_proche_voisin_m": 76.601254543716678, "qualifiee_finca": true, "neighborhood": "Cala Molí" }, "geometry": { "type": "Polygon", "coordinates": [ [ [ 1.2847082, 38.9045718 ], [ 1.2846029, 38.904581 ], [ 1.2845903, 38.904494399999983 ], [ 1.2846956, 38.904485199999989 ], [ 1.2847082, 38.9045718 ] ] ] } },
{ "type": "Feature", "properties": { "id": "finca_00602", "lat": 38.902815536809499, "lon": 1.2769173287687265, "surface_estimee_m2": 144.2158941663574, "distance_plus_proche_voisin_m": 175.26144111465442, "qualifiee_finca": true, "neighborhood": "Cala Molí" }, "geometry": { "type": "Polygon", "coordinates": [ [ [ 1.276867, 38.9028536 ], [ 1.2770025, 38.9028766 ], [ 1.2770234, 38.9028022 ], [ 1.2769753, 38.902794 ], [ 1.2769732, 38.9028014 ], [ 1.2769316, 38.9027944 ], [ 1.2769376, 38.902772800000015 ], [ 1.2768289, 38.9027543 ], [ 1.2768203, 38.9027848 ], [ 1.2768055, 38.9027823 ], [ 1.2767985, 38.9028074 ], [ 1.2768762, 38.9028206 ], [ 1.276867, 38.9028536 ] ] ] } },
{ "type": "Feature", "properties": { "id": "finca_00603", "lat": 38.897189907481547, "lon": 1.2792902883406148, "surface_estimee_m2": 71.236591001793755, "distance_plus_proche_voisin_m": 68.732747920116338, "qualifiee_finca": true, "neighborhood": "Cala Molí" }, "geometry": { "type": "Polygon", "coordinates": [ [ [ 1.2792236, 38.8972298 ], [ 1.2792811, 38.8972406 ], [ 1.2792894, 38.897213899999983 ], [ 1.2793117, 38.897218100000018 ], [ 1.2793212, 38.8971874 ], [ 1.2793576, 38.8971943 ], [ 1.2793683, 38.8971598 ], [ 1.279284, 38.8971439 ], [ 1.2792742, 38.8971753 ], [ 1.2792424, 38.897169299999987 ], [ 1.2792236, 38.8972298 ] ] ] } },
{ "type": "Feature", "properties": { "id": "finca_00604", "lat": 38.898345883201806, "lon": 1.2834991760530206, "surface_estimee_m2": 79.377216317960176, "distance_plus_proche_voisin_m": 150.77082600777686, "qualifiee_finca": true, "neighborhood": "Cala Molí" }, "geometry": { "type": "Polygon", "coordinates": [ [ [ 1.283435, 38.8983696 ], [ 1.2834524, 38.898378099999988 ], [ 1.2834479, 38.898383600000017 ], [ 1.2834974, 38.898407699999986 ], [ 1.2835019, 38.8984022 ], [ 1.2835177, 38.8984099 ], [ 1.2835412, 38.8983805 ], [ 1.2835083, 38.8983645 ], [ 1.2835605, 38.8982996 ], [ 1.2835108, 38.89827540000001 ], [ 1.283435, 38.8983696 ] ] ] } },
{ "type": "Feature", "properties": { "id": "finca_00605", "lat": 38.89871755000001, "lon": 1.2818273, "surface_estimee_m2": 53.751942034550545, "distance_plus_proche_voisin_m": 12.460049069525246, "qualifiee_finca": true, "neighborhood": "Cala Molí" }, "geometry": { "type": "Polygon", "coordinates": [ [ [ 1.2817834, 38.8987495 ], [ 1.2818628, 38.8987553 ], [ 1.2818712, 38.8986856 ], [ 1.2817918, 38.8986798 ], [ 1.2817834, 38.8987495 ] ] ] } },
{ "type": "Feature", "properties": { "id": "finca_00606", "lat": 38.898691921529597, "lon": 1.2816874437713712, "surface_estimee_m2": 106.58424889079504, "distance_plus_proche_voisin_m": 12.460049069525246, "qualifiee_finca": true, "neighborhood": "Cala Molí" }, "geometry": { "type": "Polygon", "coordinates": [ [ [ 1.281764, 38.898737 ], [ 1.2817801, 38.898674 ], [ 1.2816084, 38.8986474 ], [ 1.2815944, 38.8987024 ], [ 1.2816332, 38.8987167 ], [ 1.281764, 38.898737 ] ] ] } },
{ "type": "Feature", "properties": { "id": "finca_00607", "lat": 38.897390409177959, "lon": 1.2785405837204762, "surface_estimee_m2": 107.38548839036469, "distance_plus_proche_voisin_m": 68.732747920116338, "qualifiee_finca": true, "neighborhood": "Cala Molí" }, "geometry": { "type": "Polygon", "coordinates": [ [ [ 1.2784463, 38.8974086 ], [ 1.2784561, 38.897358499999989 ], [ 1.2785205, 38.897366099999985 ], [ 1.2785237, 38.8973498 ], [ 1.278635, 38.897363 ], [ 1.278625, 38.897414 ], [ 1.2785741, 38.897408 ], [ 1.2785683, 38.8974376 ], [ 1.2784934, 38.8974287 ], [ 1.2784961, 38.897414499999989 ], [ 1.2784463, 38.8974086 ] ] ] } },
{ "type": "Feature", "properties": { "id": "finca_00608", "lat": 38.901316233844945, "lon": 1.2742183556210087, "surface_estimee_m2": 119.35034323017271, "distance_plus_proche_voisin_m": 76.287349928320268, "qualifiee_finca": true, "neighborhood": "Cala Molí" }, "geometry": { "type": "Polygon", "coordinates": [ [ [ 1.2743034, 38.9013731 ], [ 1.2743311, 38.9013182 ], [ 1.2742072, 38.901280400000012 ], [ 1.2742035, 38.901287799999977 ], [ 1.2741083, 38.9012588 ], [ 1.2740896, 38.9012958 ], [ 1.2741848, 38.9013249 ], [ 1.2741772, 38.90134 ], [ 1.2742665, 38.90136720000001 ], [ 1.2742688, 38.9013625 ], [ 1.2743034, 38.9013731 ] ] ] } },
{ "type": "Feature", "properties": { "id": "finca_00609", "lat": 38.8962423, "lon": 1.28512375, "surface_estimee_m2": 123.57799259035822, "distance_plus_proche_voisin_m": 257.04673641378884, "qualifiee_finca": true, "neighborhood": "Cala Molí" }, "geometry": { "type": "Polygon", "coordinates": [ [ [ 1.2852145, 38.8962449 ], [ 1.2851232, 38.896313 ], [ 1.285033, 38.8962397 ], [ 1.2851243, 38.896171599999988 ], [ 1.2852145, 38.8962449 ] ] ] } },
{ "type": "Feature", "properties": { "id": "finca_00610", "lat": 38.894829814968716, "lon": 1.2754883816622642, "surface_estimee_m2": 96.461743196301157, "distance_plus_proche_voisin_m": 105.46897632811068, "qualifiee_finca": true, "neighborhood": "Cala Molí" }, "geometry": { "type": "Polygon", "coordinates": [ [ [ 1.2754702, 38.89486990000001 ], [ 1.2754862, 38.8948655 ], [ 1.2755113, 38.8949215 ], [ 1.2755553, 38.8949095 ], [ 1.2754819, 38.8947458 ], [ 1.2754219, 38.8947621 ], [ 1.2754702, 38.89486990000001 ] ] ] } },
{ "type": "Feature", "properties": { "id": "finca_00611", "lat": 38.895474076651539, "lon": 1.2763820732645741, "surface_estimee_m2": 137.19116884132285, "distance_plus_proche_voisin_m": 102.96342290884711, "qualifiee_finca": true, "neighborhood": "Cala Molí" }, "geometry": { "type": "Polygon", "coordinates": [ [ [ 1.2762748, 38.89554279999998 ], [ 1.27633, 38.895558 ], [ 1.2763739, 38.895461199999986 ], [ 1.2765125, 38.89549920000001 ], [ 1.2765296, 38.8954614 ], [ 1.2763359, 38.8954082 ], [ 1.2762748, 38.89554279999998 ] ] ] } },
{ "type": "Feature", "properties": { "id": "finca_00612", "lat": 38.894818267448414, "lon": 1.2780217139777963, "surface_estimee_m2": 61.065809252450961, "distance_plus_proche_voisin_m": 66.415540401338589, "qualifiee_finca": true, "neighborhood": "Cala Molí" }, "geometry": { "type": "Polygon", "coordinates": [ [ [ 1.2780885, 38.8948345 ], [ 1.2780791, 38.894785200000015 ], [ 1.2779602, 38.8947999 ], [ 1.2779602, 38.894852 ], [ 1.2780885, 38.8948345 ] ] ] } },
{ "type": "Feature", "properties": { "id": "finca_00613", "lat": 38.89528614031677, "lon": 1.2775444500978497, "surface_estimee_m2": 68.307165607845491, "distance_plus_proche_voisin_m": 66.415540401338589, "qualifiee_finca": true, "neighborhood": "Cala Molí" }, "geometry": { "type": "Polygon", "coordinates": [ [ [ 1.2775942, 38.8953312 ], [ 1.2776194, 38.8952821 ], [ 1.2774886, 38.89524140000001 ], [ 1.2774689, 38.89527970000001 ], [ 1.2774974, 38.895288600000015 ], [ 1.2774919, 38.8952994 ], [ 1.2775942, 38.8953312 ] ] ] } },
{ "type": "Feature", "properties": { "id": "finca_00614", "lat": 38.894381232464973, "lon": 1.2803610506521321, "surface_estimee_m2": 108.13289267932356, "distance_plus_proche_voisin_m": 62.279660246604415, "qualifiee_finca": true, "neighborhood": "Cala Molí" }, "geometry": { "type": "Polygon", "coordinates": [ [ [ 1.2803662, 38.8944497 ], [ 1.2803866, 38.8944371 ], [ 1.2803958, 38.8944461 ], [ 1.280432, 38.894423699999983 ], [ 1.2803987, 38.894391299999988 ], [ 1.2804251, 38.8943748 ], [ 1.2803562, 38.894307599999983 ], [ 1.2803189, 38.8943307 ], [ 1.280327, 38.8943387 ], [ 1.2802814, 38.894367 ], [ 1.2803662, 38.8944497 ] ] ] } },
{ "type": "Feature", "properties": { "id": "finca_00615", "lat": 38.89444665, "lon": 1.28161665, "surface_estimee_m2": 59.777876190686101, "distance_plus_proche_voisin_m": 45.833085609083618, "qualifiee_finca": true, "neighborhood": "Cala Molí" }, "geometry": { "type": "Polygon", "coordinates": [ [ [ 1.2815628, 38.8944748 ], [ 1.2816681, 38.8944774 ], [ 1.2816705, 38.8944185 ], [ 1.2815652, 38.8944159 ], [ 1.2815628, 38.8944748 ] ] ] } },
{ "type": "Feature", "properties": { "id": "finca_00616", "lat": 38.894595342867873, "lon": 1.2811237255920962, "surface_estimee_m2": 90.223667172858029, "distance_plus_proche_voisin_m": 45.833085609083618, "qualifiee_finca": true, "neighborhood": "Cala Molí" }, "geometry": { "type": "Polygon", "coordinates": [ [ [ 1.2810695, 38.8946387 ], [ 1.2810735, 38.8945491 ], [ 1.281178, 38.894552 ], [ 1.2811739, 38.8946416 ], [ 1.2810695, 38.8946387 ] ] ] } },
{ "type": "Feature", "properties": { "id": "finca_00617", "lat": 38.892667037135233, "lon": 1.2752325515670671, "surface_estimee_m2": 115.00324752161609, "distance_plus_proche_voisin_m": 60.772608460449675, "qualifiee_finca": true, "neighborhood": "Cala Molí" }, "geometry": { "type": "Polygon", "coordinates": [ [ [ 1.2753047, 38.8926899 ], [ 1.2753012, 38.8926757 ], [ 1.2753369, 38.8926704 ], [ 1.2753266, 38.8926285 ], [ 1.2752921, 38.8926336 ], [ 1.2752903, 38.8926265 ], [ 1.2752573, 38.892631399999978 ], [ 1.275255, 38.8926223 ], [ 1.2752084, 38.89262919999998 ], [ 1.2752119, 38.8926435 ], [ 1.2751322, 38.8926553 ], [ 1.2751465, 38.8927134 ], [ 1.2753047, 38.8926899 ] ] ] } },
{ "type": "Feature", "properties": { "id": "finca_00618", "lat": 38.892903700285409, "lon": 1.2743599625762139, "surface_estimee_m2": 103.34766165597806, "distance_plus_proche_voisin_m": 80.122628912205357, "qualifiee_finca": true, "neighborhood": "Cala Molí" }, "geometry": { "type": "Polygon", "coordinates": [ [ [ 1.2742841, 38.892947099999986 ], [ 1.2744005, 38.892939799999986 ], [ 1.2743985, 38.892921 ], [ 1.2744518, 38.8929176 ], [ 1.2744494, 38.8928946 ], [ 1.2744273, 38.892896 ], [ 1.2744233, 38.892857299999989 ], [ 1.2743571, 38.8928615 ], [ 1.2743575, 38.8928655 ], [ 1.2743131, 38.8928683 ], [ 1.2743154, 38.892890199999982 ], [ 1.2742785, 38.8928925 ], [ 1.2742841, 38.892947099999986 ] ] ] } },
{ "type": "Feature", "properties": { "id": "finca_00619", "lat": 38.899308525223937, "lon": 1.2911033076815044, "surface_estimee_m2": 57.332832182139342, "distance_plus_proche_voisin_m": 115.533234665835, "qualifiee_finca": true, "neighborhood": "Cala Molí" }, "geometry": { "type": "Polygon", "coordinates": [ [ [ 1.2910656, 38.8993483 ], [ 1.2911397, 38.899349099999988 ], [ 1.291141, 38.8992687 ], [ 1.2910669, 38.899268 ], [ 1.2910656, 38.8993483 ] ] ] } },
{ "type": "Feature", "properties": { "id": "finca_00620", "lat": 38.896226650109291, "lon": 1.2890079668123338, "surface_estimee_m2": 101.25293360300584, "distance_plus_proche_voisin_m": 100.19152266311978, "qualifiee_finca": true, "neighborhood": "Cala Molí" }, "geometry": { "type": "Polygon", "coordinates": [ [ [ 1.2890787, 38.8962797 ], [ 1.2891062, 38.896226 ], [ 1.2889373, 38.8961736 ], [ 1.2889097, 38.8962273 ], [ 1.2890787, 38.8962797 ] ] ] } },
{ "type": "Feature", "properties": { "id": "finca_00621", "lat": 38.897241745926877, "lon": 1.2890212801151957, "surface_estimee_m2": 118.94672885680417, "distance_plus_proche_voisin_m": 24.38299857314902, "qualifiee_finca": true, "neighborhood": "Cala Molí" }, "geometry": { "type": "Polygon", "coordinates": [ [ [ 1.2890683, 38.8973013 ], [ 1.289105, 38.897216399999984 ], [ 1.2889742, 38.89718220000001 ], [ 1.2889376, 38.8972671 ], [ 1.2890683, 38.8973013 ] ] ] } },
{ "type": "Feature", "properties": { "id": "finca_00622", "lat": 38.897113519068647, "lon": 1.28879303913576, "surface_estimee_m2": 109.08399509357021, "distance_plus_proche_voisin_m": 24.38299857314902, "qualifiee_finca": true, "neighborhood": "Cala Molí" }, "geometry": { "type": "Polygon", "coordinates": [ [ [ 1.2888373, 38.8971716 ], [ 1.2888765, 38.8970951 ], [ 1.2887488, 38.8970554 ], [ 1.2887096, 38.897132 ], [ 1.2888373, 38.8971716 ] ] ] } },
{ "type": "Feature", "properties": { "id": "finca_00623", "lat": 38.90112715, "lon": 1.2893991, "surface_estimee_m2": 141.30485176728348, "distance_plus_proche_voisin_m": 250.199595536929, "qualifiee_finca": true, "neighborhood": "Cala Molí" }, "geometry": { "type": "Polygon", "coordinates": [ [ [ 1.289399, 38.901051499999987 ], [ 1.2894961, 38.9011223 ], [ 1.2893992, 38.901202799999986 ], [ 1.2893021, 38.901132 ], [ 1.289399, 38.901051499999987 ] ] ] } },
{ "type": "Feature", "properties": { "id": "finca_00624", "lat": 38.898889858413341, "lon": 1.2928691431905162, "surface_estimee_m2": 103.84174447344299, "distance_plus_proche_voisin_m": 79.018750482883974, "qualifiee_finca": true, "neighborhood": "Cala Molí" }, "geometry": { "type": "Polygon", "coordinates": [ [ [ 1.2927704, 38.8989162 ], [ 1.2928925, 38.8989372 ], [ 1.2929008, 38.898907799999982 ], [ 1.2928834, 38.8989048 ], [ 1.2928879, 38.898889100000012 ], [ 1.2929807, 38.898905 ], [ 1.2929882, 38.8988785 ], [ 1.2929493, 38.8988718 ], [ 1.2929529, 38.898859300000012 ], [ 1.2928963, 38.8988495 ], [ 1.2928919, 38.8988651 ], [ 1.2928051, 38.8988501 ], [ 1.2927939, 38.8988894 ], [ 1.2927788, 38.8988868 ], [ 1.2927704, 38.8989162 ] ] ] } },
{ "type": "Feature", "properties": { "id": "finca_00625", "lat": 38.899841005053247, "lon": 1.2922477967343782, "surface_estimee_m2": 97.770115800786471, "distance_plus_proche_voisin_m": 86.265816411706695, "qualifiee_finca": true, "neighborhood": "Cala Molí" }, "geometry": { "type": "Polygon", "coordinates": [ [ [ 1.2922687, 38.899890499999977 ], [ 1.2922798, 38.8998705 ], [ 1.2923099, 38.8998806 ], [ 1.2923293, 38.8998456 ], [ 1.2923221, 38.8998432 ], [ 1.2923265, 38.8998352 ], [ 1.2923036, 38.8998275 ], [ 1.2923116, 38.899813 ], [ 1.2922801, 38.8998025 ], [ 1.2922753, 38.8998111 ], [ 1.2922152, 38.899791 ], [ 1.2922064, 38.899807 ], [ 1.2921922, 38.8998022 ], [ 1.2921629, 38.8998551 ], [ 1.2922687, 38.899890499999977 ] ] ] } },
{ "type": "Feature", "properties": { "id": "finca_00626", "lat": 38.8949468, "lon": 1.2898381, "surface_estimee_m2": 147.69160928611853, "distance_plus_proche_voisin_m": 159.26961506419929, "qualifiee_finca": true, "neighborhood": "Cala Molí" }, "geometry": { "type": "Polygon", "coordinates": [ [ [ 1.2898794, 38.8948662 ], [ 1.2899454, 38.8949231 ], [ 1.2897968, 38.8950274 ], [ 1.2897308, 38.894970499999985 ], [ 1.2898794, 38.8948662 ] ] ] } },
{ "type": "Feature", "properties": { "id": "finca_00627", "lat": 38.893107352336045, "lon": 1.2929786348061729, "surface_estimee_m2": 120.71644167621692, "distance_plus_proche_voisin_m": 89.921400764252724, "qualifiee_finca": true, "neighborhood": "Cala Molí" }, "geometry": { "type": "Polygon", "coordinates": [ [ [ 1.292866, 38.8931257 ], [ 1.2928969, 38.8931627 ], [ 1.2929497, 38.8931359 ], [ 1.2929715, 38.893162 ], [ 1.2930647, 38.8931148 ], [ 1.2930429, 38.8930887 ], [ 1.2930695, 38.8930752 ], [ 1.2930387, 38.8930383 ], [ 1.292866, 38.8931257 ] ] ] } },
{ "type": "Feature", "properties": { "id": "finca_00628", "lat": 38.8906677, "lon": 1.2973061, "surface_estimee_m2": 50.145599261305257, "distance_plus_proche_voisin_m": 204.42246074773516, "qualifiee_finca": true, "neighborhood": "Cala Molí" }, "geometry": { "type": "Polygon", "coordinates": [ [ [ 1.2973225, 38.8907124 ], [ 1.2973543, 38.8906403 ], [ 1.2972897, 38.890623 ], [ 1.2972579, 38.8906951 ], [ 1.2973225, 38.8907124 ] ] ] } },
{ "type": "Feature", "properties": { "id": "finca_00629", "lat": 38.8919872, "lon": 1.29566215, "surface_estimee_m2": 57.358612066476319, "distance_plus_proche_voisin_m": 188.5002470271703, "qualifiee_finca": true, "neighborhood": "Cala Molí" }, "geometry": { "type": "Polygon", "coordinates": [ [ [ 1.2956786, 38.8920341 ], [ 1.2957245, 38.8919839 ], [ 1.2956457, 38.8919403 ], [ 1.2955998, 38.8919905 ], [ 1.2956786, 38.8920341 ] ] ] } },
{ "type": "Feature", "properties": { "id": "finca_00630", "lat": 38.90040396852995, "lon": 1.2987775915685773, "surface_estimee_m2": 84.049614089337311, "distance_plus_proche_voisin_m": 49.925758262091854, "qualifiee_finca": true, "neighborhood": "Cala Molí" }, "geometry": { "type": "Polygon", "coordinates": [ [ [ 1.2988081, 38.9004575 ], [ 1.29885, 38.900388 ], [ 1.2987471, 38.9003504 ], [ 1.2987052, 38.90042 ], [ 1.2988081, 38.9004575 ] ] ] } },
{ "type": "Feature", "properties": { "id": "finca_00631", "lat": 38.897225116945016, "lon": 1.299967550428561, "surface_estimee_m2": 115.73156273493584, "distance_plus_proche_voisin_m": 66.592480049072222, "qualifiee_finca": true, "neighborhood": "Cala Molí" }, "geometry": { "type": "Polygon", "coordinates": [ [ [ 1.2998565, 38.8972269 ], [ 1.2999484, 38.897251199999985 ], [ 1.2999431, 38.8972633 ], [ 1.2999998, 38.897278299999989 ], [ 1.3000092, 38.897256599999984 ], [ 1.3000437, 38.8972657 ], [ 1.3000676, 38.8972108 ], [ 1.2999769, 38.897186899999987 ], [ 1.2999748, 38.8971918 ], [ 1.2999267, 38.8971791 ], [ 1.2999177, 38.897199800000017 ], [ 1.2998734, 38.8971881 ], [ 1.2998565, 38.8972269 ] ] ] } }
]
}
